time,gFx,gFy,gFz,TgF
0.016619,0.0016,0.5703,0.7649,0.95
0.062334,0.0427,0.5601,0.8198,0.99
0.110467,0.0256,0.5555,0.8114,0.98
0.162491,0.0471,0.5531,0.8398,1.01
0.210394,0.0363,0.5569,0.8397,1.01
0.260237,0.0622,0.5568,0.8185,0.99
0.311282,0.0392,0.5604,0.8300,1.00
0.360762,0.0308,0.5750,0.8213,1.00
0.411535,0.0450,0.5635,0.8120,0.99
0.460778,0.0411,0.5666,0.8457,1.02
0.511234,0.1019,0.5383,0.7977,0.97
0.566318,0.2807,0.3907,0.6467,0.81
0.611417,0.2544,0.3310,0.5749,0.71
0.661160,0.1955,0.1773,0.5766,0.63
0.711664,-0.0131,0.0399,0.5854,0.59
0.761059,-0.5877,-0.1275,0.8569,1.05
0.811256,-1.1009,-0.1177,1.1962,1.63
0.861257,-1.2276,-0.0571,0.7492,1.44
0.911402,-1.0173,0.0551,0.6622,1.22
0.969218,-0.9016,-0.0157,0.4579,1.01
1.011022,-0.8789,0.0154,0.4949,1.01
1.071633,-0.8002,0.0090,0.4681,0.93
1.119562,-0.9139,0.0291,0.6034,1.10
1.168825,-0.9808,-0.0938,0.5856,1.15
1.217293,-0.9989,-0.1667,0.6636,1.21
1.269166,-0.7325,-0.2829,0.8042,1.12
1.316663,-0.6830,-0.2550,0.8443,1.12
1.367142,-0.5944,-0.2085,0.7891,1.01
1.416184,-0.5674,-0.2620,0.7349,0.96
1.469768,-0.8013,-0.3329,0.6795,1.10
1.517926,-0.7382,-0.3858,0.5909,1.02
1.571152,-0.6882,-0.4568,0.5388,0.99
1.616340,-0.8145,-0.4917,0.5746,1.11
1.666925,-0.6986,-0.4353,0.8115,1.16
1.716481,-0.7709,-0.3275,0.8617,1.20
1.768034,-0.7335,-0.2316,0.8547,1.15
1.817792,-0.4206,-0.1863,0.8282,0.95
1.867492,-0.5590,-0.0905,0.7052,0.90
1.917479,-0.5312,-0.0420,0.8349,0.99
1.966873,-1.1529,-0.1160,0.4748,1.25
2.018220,-1.1470,-0.0554,0.4645,1.24
2.067943,-1.1813,-0.1913,0.2635,1.23
2.126164,-0.7572,-0.3219,0.2174,0.85
2.167810,-0.5416,-0.4474,-0.1268,0.71
2.224678,-0.9051,-0.1695,0.3424,0.98
2.277145,-1.1725,0.0190,0.1905,1.19
2.324729,-1.2705,-0.0670,-0.3985,1.33
2.375634,-0.3538,0.1295,0.0319,0.38
2.418189,-0.8336,0.7175,0.2989,1.14
2.478704,-0.5743,0.6669,0.2647,0.92
2.519267,-0.3697,0.4305,0.2260,0.61
2.577134,-1.6159,-0.4521,-0.9780,1.94
2.624419,-0.9149,-0.2058,0.2860,0.98
2.674736,-1.6644,-0.4780,0.0722,1.73
2.725004,-1.2280,-0.3665,-0.1959,1.30
2.780153,-1.5029,-0.0935,-0.3898,1.56
2.826183,-0.7316,-0.0205,0.2383,0.77
2.877178,-0.1337,-0.3943,-0.0330,0.42
2.925241,-0.7202,-0.4794,-0.3821,0.95
2.976822,-0.6809,-0.4787,0.6143,1.03
3.025724,-0.4773,-0.7402,0.7399,1.15
3.077745,-0.4346,-1.1526,0.4937,1.33
3.125462,-1.3821,-0.8996,0.0362,1.65
3.177291,-0.0494,-0.4864,-0.3655,0.61
3.228345,-0.1998,-1.0931,0.2915,1.15
3.277132,0.0451,-0.9441,0.6924,1.17
3.324336,-0.3485,-0.4400,0.3816,0.68
3.374661,-0.4182,-0.6985,0.5695,0.99
3.427310,-0.2573,-1.0153,0.7335,1.28
3.476131,-0.1495,-1.2482,-0.1396,1.26
3.525227,-0.5268,-0.6844,-0.2563,0.90
3.577317,-0.2293,-1.2973,-0.3897,1.37
3.625862,-0.1258,-1.2587,0.0776,1.27
3.677604,-0.2382,-1.1026,0.2766,1.16
3.726948,0.0355,-0.9967,-0.0201,1.00
3.775296,0.7988,-0.8070,-0.1335,1.14
3.824348,0.6950,-0.4800,0.5377,1.00
3.875162,0.4080,-0.9327,0.1437,1.03
3.924763,0.1935,-0.8758,-0.0953,0.90
3.975067,-0.4182,-1.1507,0.3031,1.26
4.024795,-0.8471,-1.1661,0.0250,1.44
4.076318,-0.8741,-0.6100,0.4604,1.16
4.125282,0.1428,-1.7219,0.7973,1.90
4.186531,0.4139,-1.9248,0.3019,1.99
4.225484,-0.0800,-0.9043,0.2896,0.95
4.285772,-0.3265,-0.5587,0.0031,0.65
4.326388,-0.3156,-0.4632,0.0408,0.56
4.387409,0.0407,-0.4638,0.0066,0.47
4.433998,-0.3042,-1.1511,0.2207,1.21
4.485569,-0.2986,-1.3416,-0.2140,1.39
4.534116,-0.4231,-0.6889,-0.0466,0.81
4.586479,-0.2108,-1.1890,-0.2344,1.23
4.633751,-0.1475,-1.3707,-0.1836,1.39
4.683811,-0.1400,-1.1874,0.0428,1.20
4.733168,-0.1648,-0.9477,0.0458,0.96
4.785440,-0.4272,-0.5854,0.4256,0.84
4.833275,-0.4797,-0.2248,0.4041,0.67
4.883395,-0.3407,-0.3802,0.3454,0.62
4.933405,-0.0700,-1.8652,0.1773,1.87
4.983336,0.2432,-2.2060,0.8229,2.37
5.033668,-0.3918,-0.9316,0.4538,1.11
5.082896,-0.8032,-0.6558,0.9680,1.42
5.133194,-0.1210,-0.8369,0.2208,0.87
5.187049,0.2843,-0.6406,0.0008,0.70
5.233180,0.0148,-0.4717,-0.0161,0.47
5.282480,-0.4005,-1.3989,-0.0985,1.46
5.332878,-0.5469,-1.1991,-0.2503,1.34
5.383304,-0.4507,-0.7447,0.0299,0.87
5.433513,0.0429,-1.1121,-0.1105,1.12
5.483400,0.0703,-1.1735,-0.1545,1.19
5.533149,-0.0192,-0.9865,-0.0820,0.99
5.583899,-0.2311,-0.9357,-0.0786,0.97
5.633144,-0.3807,-1.0484,-0.1204,1.12
5.684420,-0.4436,-0.8772,-0.0532,0.98
5.733859,-0.3686,-0.8698,0.3075,0.99
5.793101,-0.4300,-0.9421,0.5856,1.19
5.834316,-0.3984,-0.9430,0.3463,1.08
5.891200,-0.1727,-1.3280,0.0935,1.34
5.941794,-0.1707,-1.2347,0.2149,1.26
5.994074,-0.3169,-0.7125,0.2565,0.82
6.042645,-0.0182,-0.8476,0.1392,0.86
6.091963,0.0669,-0.8142,-0.0614,0.82
6.140933,-0.0093,-0.7112,0.0351,0.71
6.191566,-0.0288,-0.6004,0.0624,0.60
6.242092,0.2389,-0.4403,0.5078,0.71
6.292648,-0.6013,-2.4186,-0.0684,2.49
6.342154,-0.3898,-1.3380,0.5482,1.50
6.393884,0.0559,-0.8743,-0.2077,0.90
6.441279,0.0737,-1.0500,-0.4450,1.14
6.493366,-0.0758,-1.0270,-0.2290,1.05
6.541022,-0.2258,-0.8891,0.0207,0.92
6.590933,-0.4479,-1.1859,-0.2090,1.28
6.641222,-0.8179,-1.0197,0.6079,1.44
6.696580,-1.0187,-0.5757,0.8813,1.46
6.741779,-0.9304,-0.7858,0.2185,1.24
6.791752,-0.6951,-0.9764,0.0096,1.20
6.841662,-0.3116,-1.6614,-0.3148,1.72
6.890895,0.1440,-1.8909,-0.6113,1.99
6.941647,0.3133,-0.9417,0.1243,1.00
6.992598,0.0542,-0.8242,0.5711,1.00
7.041485,0.0292,-0.6268,0.0100,0.63
7.091248,-0.0870,-0.4530,0.0534,0.46
7.141404,-0.4889,-1.1832,0.4038,1.34
7.192113,-0.4064,-1.4632,-0.0521,1.52
7.241890,-0.3683,-0.6820,-0.1301,0.79
7.301164,-0.0779,-1.0804,-0.4708,1.18
7.341150,-0.0048,-1.4533,-0.4117,1.51
7.402166,-0.1666,-1.0518,0.1433,1.07
7.442934,-0.2981,-1.0284,0.0462,1.07
7.502401,-0.5426,-0.9011,0.2323,1.08
7.549812,-0.5457,-0.6923,0.2304,0.91
7.602851,-0.3847,-0.7172,0.4916,0.95
7.649140,-0.4013,-0.9765,0.5267,1.18
7.699028,-0.1588,-1.3212,0.1892,1.34
7.749466,0.0341,-1.7628,-0.0457,1.76
7.804196,-0.0850,-0.9046,0.0403,0.91
7.850131,0.0561,-0.8935,0.0342,0.90
7.901095,0.1227,-0.6254,0.1928,0.67
7.949935,0.0933,-0.3608,0.1866,0.42
8.002942,0.0810,-0.3547,0.2143,0.42
8.049755,-0.3769,-1.6333,-0.2357,1.69
8.102377,-0.3559,-1.0964,0.2274,1.17
8.150175,-0.1586,-0.8540,-0.0210,0.87
8.201373,-0.4318,-1.3132,-0.1749,1.39
8.249830,-0.1069,-0.9145,0.0367,0.92
8.302749,0.0522,-0.9007,0.0829,0.91
8.350003,0.0066,-0.8958,0.1611,0.91
8.402659,-0.4875,-0.7027,0.2508,0.89
8.449567,-0.8463,-0.7554,0.5842,1.28
8.501389,-0.3020,-1.5287,0.3148,1.59
8.549914,0.2941,-1.6570,0.0106,1.68
8.601444,-0.0899,-0.9996,0.1632,1.02
8.649820,-0.4747,-0.8875,0.1841,1.02
8.699788,-0.2462,-0.5966,0.3592,0.74
8.750049,-0.1295,-0.3629,0.2208,0.44
8.802989,-0.6870,-0.2663,-0.1846,0.76
8.850579,-0.3065,-1.9641,-0.2007,2.00
8.911066,-0.3730,-0.8177,0.3736,0.97
8.957930,-0.3919,-1.5441,-0.1704,1.60
9.009301,-0.2949,-0.9996,-0.2282,1.07
9.058085,-0.2234,-1.0812,-0.2598,1.13
9.110666,-0.1550,-1.0292,-0.1472,1.05
9.159347,-0.0840,-0.8234,-0.0490,0.83
9.211118,-0.1215,-0.7753,0.2129,0.81
9.258679,-0.1891,-0.7410,0.1745,0.78
9.311288,-0.2236,-0.6644,0.3239,0.77
9.358153,-0.6831,-1.1645,0.4195,1.41
9.409590,-0.0820,-1.4640,0.2579,1.49
9.458246,0.3082,-1.8770,-0.1085,1.91
9.509885,-0.1146,-0.8979,0.1601,0.92
9.557732,-0.5046,-0.8097,0.1862,0.97
9.607490,-0.2489,-0.7487,0.0817,0.79
9.657512,-0.0390,-0.5168,-0.0358,0.52
9.708228,-0.0311,-0.5096,-0.0908,0.52
9.758490,-0.7008,-0.8283,0.3733,1.15
9.809016,-0.3753,-2.3402,0.2860,2.39
9.859101,-0.0457,-0.8325,-0.1072,0.84
9.909240,0.0698,-0.6841,-0.3285,0.76
9.958206,-0.1162,-0.9864,-0.2194,1.02
10.010085,-0.3119,-0.9947,0.3039,1.09
10.058152,-0.3952,-0.9461,0.2298,1.05
10.109646,-0.1925,-1.0146,-0.0460,1.03
10.157477,-0.0937,-0.9408,-0.1590,0.96
10.209535,-0.1546,-1.0354,-0.0956,1.05
10.258145,-0.1958,-0.9779,0.0112,1.00
10.309478,-0.2090,-1.0408,0.0479,1.06
10.357890,-0.2477,-1.0750,-0.0580,1.10
10.410249,-0.2639,-1.1144,-0.0925,1.15
10.458911,-0.3034,-1.0801,-0.0185,1.12
10.509874,-0.2842,-0.9280,0.0761,0.97
10.558455,-0.2727,-0.7229,0.1154,0.78
10.619164,-0.3570,-0.4356,0.4308,0.71
10.658799,-0.5212,-0.7518,0.1883,0.93
10.708938,-0.0316,-2.0459,-0.3692,2.08
10.757783,0.2295,-1.8210,0.5054,1.90
10.810932,0.0585,-1.1291,0.2412,1.16
10.858643,-0.0852,-0.6488,-0.1281,0.67
10.909776,-0.4977,-0.2505,-0.1220,0.57
10.965418,-0.0134,-0.5156,0.1615,0.54
11.017938,-0.3615,-0.5369,0.1195,0.66
11.058267,-0.6832,-1.3713,0.2827,1.56
11.118915,-0.0880,-1.2213,0.0645,1.23
11.167324,-0.1636,-0.6726,-0.1669,0.71
11.216519,-0.3710,-1.4182,-0.3672,1.51
11.266392,-0.4543,-1.1937,-0.0808,1.28
11.317316,-0.0620,-0.9531,-0.0314,0.96
11.366784,-0.0958,-0.8086,0.1890,0.84
11.417428,-0.3454,-0.8560,0.0950,0.93
11.466633,-0.3908,-0.7335,0.3827,0.91
11.517388,-0.4955,-1.1625,0.4419,1.34
11.566455,-0.3431,-0.8601,0.1960,0.95
11.615841,-0.1559,-1.6102,-0.1942,1.63
11.665831,0.0497,-1.4372,-0.0590,1.44
11.718087,-0.3300,-0.8691,0.5975,1.11
11.765846,-0.1779,-0.8313,0.0575,0.85
11.816796,-0.1912,-0.4652,-0.0768,0.51
11.865932,-0.1508,-0.5310,-0.0388,0.55
11.916267,-0.8534,-0.7816,0.2743,1.19
11.965856,-0.8983,-1.0828,0.5298,1.50
12.016718,0.0226,-1.3393,-0.0709,1.34
12.065780,0.1429,-0.9256,-0.2892,0.98
12.115596,-0.0797,-0.7246,-0.1607,0.75
12.166247,-0.4488,-1.2730,-0.1026,1.35
12.217295,-0.2809,-0.9085,0.3592,1.02
12.265581,-0.1790,-0.9106,0.2263,0.96
12.317218,-0.2080,-1.0242,-0.0837,1.05
12.365783,-0.2653,-1.0486,-0.1473,1.09
12.418385,-0.2757,-1.0740,0.0393,1.11
12.465792,-0.4950,-1.0566,0.4923,1.27
12.516011,-0.8274,-0.6162,0.6324,1.21
12.567823,-0.2760,-0.6304,0.2085,0.72
12.617162,-0.3445,-1.5041,-0.1162,1.55
12.666323,0.0471,-1.7877,-0.7057,1.92
12.727507,-0.0331,-1.1509,-0.0879,1.15
12.766590,-0.5979,-0.9705,0.8807,1.44
12.833284,-0.4053,-0.7250,-0.0067,0.83
12.866887,-0.4573,-0.6321,-0.0369,0.78
12.927503,-0.4860,-0.8053,0.1347,0.95
12.974053,-0.4173,-0.7406,0.2370,0.88
13.025700,-0.3451,-0.7851,0.2091,0.88
13.076880,-0.2769,-0.9289,0.1420,0.98
13.125825,-0.3509,-1.0959,0.1547,1.16
13.174544,-0.3513,-0.9478,0.2438,1.04
13.227015,-0.1499,-0.8462,0.3240,0.92
13.273679,-0.3144,-0.7022,0.1771,0.79
13.324172,-0.4002,-1.0818,0.0392,1.15
13.374531,-0.0271,-0.9378,0.0523,0.94
13.424834,-0.0686,-0.9566,-0.1666,0.97
13.473669,-0.2198,-1.3433,-0.2865,1.39
13.526951,-0.1848,-1.1243,-0.0455,1.14
13.573711,-0.1749,-0.9983,0.2293,1.04
13.626007,-0.1874,-1.0160,0.1555,1.04
13.675068,-0.2116,-0.7017,0.2994,0.79
13.726578,-0.5159,-0.4542,0.3148,0.76
13.774024,-0.4170,-0.5857,0.2056,0.75
13.826938,-0.0340,-2.1772,-0.0767,2.18
13.876154,0.1608,-1.1563,0.0098,1.17
13.925603,-0.4638,-0.9988,0.2904,1.14
13.974921,-0.5261,-0.8324,0.5386,1.12
14.025801,-0.2021,-0.5995,0.0137,0.63
14.073963,-0.0291,-0.5747,-0.1195,0.59
14.124255,-0.4313,-0.6901,-0.0853,0.82
14.174211,-0.4409,-0.9761,0.2092,1.09
14.226448,-0.2162,-1.1202,0.0284,1.14
14.274930,-0.1981,-1.5594,-0.3231,1.60
14.333596,-0.0695,-0.8315,0.3520,0.91
14.382926,-0.1302,-1.2271,0.2095,1.25
14.433290,-0.3739,-1.0237,-0.1534,1.10
14.482372,-0.2782,-0.8350,-0.1731,0.90
14.533852,-0.0974,-0.7664,0.0731,0.78
14.581954,-0.3728,-0.8709,0.2401,0.98
14.632527,-0.2537,-0.6992,0.6610,1.00
14.682776,-0.3477,-0.5964,0.2857,0.75
14.741671,-0.0931,-2.1118,-0.3608,2.14
14.782786,0.3111,-1.4203,0.1466,1.46
14.835155,-0.5272,-1.3399,0.3047,1.47
14.882137,-0.7440,-0.9568,0.2205,1.23
14.935218,-0.3886,-0.8719,0.2985,1.00
14.982674,0.0690,-0.6393,-0.1077,0.65
15.035564,0.1104,-0.3752,-0.0290,0.39
15.083138,-0.2019,-0.3998,0.1103,0.46
15.136661,-0.3597,-0.4319,0.2459,0.61
15.182043,-0.8201,-2.3891,0.0377,2.53
15.234368,0.0099,-0.9952,-0.2057,1.02
15.285065,0.0212,-0.5965,-0.0114,0.60
15.333369,-0.0665,-1.3493,-0.2229,1.37
15.382696,-0.0468,-0.8969,-0.3130,0.95
15.434002,0.1231,-0.7630,0.2759,0.82
15.483622,-0.4646,-1.0656,0.4949,1.26
15.534738,-0.3140,-0.8905,-0.0805,0.95
15.582667,-0.3506,-0.8429,-0.0317,0.91
15.633712,-0.4505,-0.9403,0.5250,1.17
15.682409,-0.4422,-1.0830,0.3570,1.22
15.733573,0.3152,-1.7490,-0.4736,1.84
15.782504,0.5671,-1.6036,0.6478,1.82
15.843527,-0.3084,-0.9609,0.0723,1.01
15.883301,-0.8328,-0.8400,0.2736,1.21
15.933673,-0.3765,-0.8089,0.3726,0.97
15.983993,0.0344,-0.7007,-0.0908,0.71
16.041151,-0.0692,-0.5088,-0.1145,0.53
16.089865,-0.3281,-0.4958,0.0830,0.60
16.142218,-0.2849,-0.3427,0.1436,0.47
16.191267,-0.9356,-1.0450,0.4522,1.47
16.241660,0.1524,-2.4968,-0.5198,2.55
16.291041,0.0539,-0.7467,0.0945,0.75
16.342943,0.0648,-1.0213,-0.1688,1.04
16.391001,0.0196,-0.9427,-0.3722,1.01
16.442190,-0.0012,-0.7879,0.1997,0.81
16.490991,-0.2964,-0.8784,0.1495,0.94
16.541412,-0.3543,-0.9874,-0.0847,1.05
16.590452,-0.3331,-0.8405,-0.0101,0.90
16.640316,-0.6951,-0.8658,0.7151,1.32
16.690909,-0.7652,-0.7835,1.0003,1.48
16.740580,-0.1032,-1.6311,-0.0661,1.64
16.789925,0.3316,-2.1914,-0.6563,2.31
16.841314,-0.0855,-0.6843,-0.3454,0.77
16.890496,-1.0096,-0.6245,1.2416,1.72
16.942274,-0.4797,-0.6829,0.1490,0.85
16.990468,-0.1511,-0.5514,-0.0496,0.57
17.053200,0.1544,-0.5862,-0.0014,0.61
17.090674,-0.1670,-0.6831,0.1501,0.72
17.141656,-0.8744,-0.8678,0.4322,1.31
17.190653,-0.2272,-0.5104,0.8944,1.05
17.240460,-0.4044,-2.7132,-0.4533,2.78
17.291317,-0.0083,-0.7584,-0.3310,0.83
17.342222,-0.0703,-1.1232,-0.1329,1.13
17.390551,-0.2779,-1.4470,-0.1124,1.48
17.440725,-0.1661,-0.7575,-0.0308,0.78
17.490864,-0.3128,-0.4534,0.3887,0.67
17.541882,-0.1863,-0.8780,0.0250,0.90
17.590066,-0.1850,-0.8907,-0.1043,0.92
17.642386,-0.2392,-0.7951,0.0377,0.83
17.690945,-0.5242,-0.4759,0.4181,0.82
17.740345,-0.3683,-1.6970,0.4382,1.79
17.791767,0.3588,-2.2028,-0.2493,2.25
17.842713,0.1038,-1.0651,0.6273,1.24
17.889874,-0.3681,-0.8981,0.1668,0.98
17.940108,-0.4946,-0.5009,0.3274,0.78
17.990080,-0.1687,-0.6035,0.1866,0.65
18.040263,-0.0168,-0.7569,0.0783,0.76
18.090811,-0.1774,-0.6350,0.2903,0.72
18.141085,-0.6743,-0.7517,0.2588,1.04
18.191002,-0.6205,-0.7385,0.1793,0.98
18.249632,-0.4349,-1.9177,0.0648,1.97
18.290923,0.1139,-0.9770,-0.2307,1.01
18.350081,-0.0004,-1.1880,-0.1800,1.20
18.392747,-0.1577,-1.5671,-0.1560,1.58
18.450482,-0.2265,-0.9657,-0.1002,1.00
18.499061,-0.1839,-0.7221,-0.0825,0.75
18.550328,-0.3261,-0.9148,0.2261,1.00
18.592260,-0.3125,-0.8275,0.4637,1.00
18.649780,-0.3184,-0.7533,0.4319,0.92
18.698541,-0.4299,-0.8559,0.3924,1.04
18.748762,-0.2010,-1.7444,0.2476,1.77
18.800303,0.2210,-1.6987,-0.1936,1.72
18.849072,-0.1983,-0.8853,-0.0649,0.91
18.898913,-0.3059,-0.5955,0.4143,0.79
18.948851,-0.2257,-0.5166,0.3217,0.65
18.998552,-0.0371,-0.5604,-0.0838,0.57
19.048629,-0.0164,-0.7598,0.1411,0.77
19.099073,-0.2597,-1.0129,0.4535,1.14
19.148502,-0.4065,-0.9941,0.4499,1.16
19.199328,-0.4012,-0.8366,0.3859,1.00
19.248131,-0.2356,-0.6793,0.2769,0.77
19.298590,0.1402,-0.9478,0.5707,1.12
19.348191,0.0109,-1.7968,-0.2987,1.82
19.399087,-0.1246,-0.7428,-0.0621,0.76
19.448324,-0.2284,-0.9071,-0.1194,0.94
19.498725,-0.2844,-1.5223,-0.2978,1.58
19.549539,-0.2130,-1.0284,0.0245,1.05
19.598048,-0.0700,-0.8773,0.0079,0.88
19.650242,-0.2321,-1.0171,0.3263,1.09
19.698784,-0.3586,-0.9168,0.1405,0.99
19.748307,-0.3945,-0.7985,0.3184,0.95
19.798539,-0.2872,-0.8385,0.5970,1.07
19.848688,-0.4819,-1.1137,0.2350,1.24
19.899102,-0.1719,-1.7170,-0.0662,1.73
19.959441,0.0903,-1.2865,-0.2130,1.31
19.998528,-0.2960,-1.0310,0.0052,1.07
20.058477,-0.5655,-0.8591,0.6191,1.20
20.107499,-0.1363,-0.7018,-0.0034,0.71
20.157743,0.0248,-0.5294,-0.1227,0.54
20.207881,-0.2422,-0.6340,0.2088,0.71
20.258531,-0.5267,-0.8241,0.3274,1.03
20.307673,-0.6135,-0.8835,0.2186,1.10
20.358676,-0.4861,-0.8097,0.2107,0.97
20.407337,-0.3614,-0.6610,0.0228,0.75
20.457014,0.0161,-0.4874,-0.0718,0.49
20.507253,-0.2064,-2.1833,-0.0382,2.19
20.559298,0.1065,-0.7843,0.3761,0.88
20.607015,0.1014,-1.0991,-0.0880,1.11
20.657246,-0.1990,-1.4561,-0.2377,1.49
20.706410,-0.3194,-1.0240,-0.0388,1.07
20.756325,-0.0659,-0.8418,0.2867,0.89
20.806196,-0.2237,-0.8861,-0.0495,0.92
20.856441,-0.2594,-0.8924,-0.0337,0.93
20.907154,-0.3631,-0.7959,0.4767,1.00
20.958498,-0.7023,-0.6510,0.8216,1.26
21.008313,-0.3914,-1.5109,0.2385,1.58
21.056538,0.3165,-1.8613,-0.4595,1.94
21.107132,0.1988,-1.1656,-0.1383,1.19
21.156996,-0.3896,-0.8778,0.3658,1.03
21.207641,-0.7032,-0.8432,0.4717,1.19
21.256541,-0.1726,-0.8692,-0.0368,0.89
21.306348,0.0136,-0.6647,-0.0957,0.67
21.357064,-0.1925,-0.7280,0.1116,0.76
21.406341,-0.4954,-0.7720,0.3153,0.97
21.456504,-0.7370,-0.6348,0.4136,1.06
21.507293,-0.3111,-0.3029,0.1475,0.46
21.557462,-0.0367,-1.9724,-0.2801,1.99
21.606486,0.0728,-0.9186,-0.1341,0.93
21.656834,-0.3209,-1.0235,-0.0378,1.07
21.707396,-0.5594,-1.6658,-0.1978,1.77
21.766506,-0.1423,-0.8804,0.0712,0.89
21.816247,-0.0403,-0.9784,-0.0046,0.98
21.866190,-0.1406,-0.8458,0.0124,0.86
21.915803,-0.4462,-0.6781,0.2737,0.86
21.967335,-0.6431,-0.4631,0.7962,1.12
22.014963,-0.3193,-0.6882,0.4045,0.86
22.066449,-0.1644,-2.0451,-0.3654,2.08
22.115927,-0.0830,-1.1996,-0.3651,1.26
22.165512,-0.0956,-1.0652,0.6896,1.27
22.214874,-0.6206,-1.0195,0.6768,1.37
22.265544,-0.1859,-0.8722,0.0319,0.89
22.314972,0.0024,-0.7357,0.2005,0.76
22.366404,-0.3893,-0.6708,0.4079,0.88
22.415096,-0.4656,-0.6798,0.4901,0.96
22.466862,-0.3554,-0.7657,0.4286,0.95
22.514602,-0.2606,-0.6611,0.5007,0.87
22.564804,-0.4701,-0.7821,0.4720,1.03
22.615218,-0.5192,-0.8559,0.3556,1.06
22.664930,-0.1928,-0.6339,0.1804,0.69
22.714752,-0.8306,-1.1070,0.7323,1.57
22.764752,-0.2744,-1.2297,0.2717,1.29
22.814878,0.0347,-0.5155,-0.0010,0.52
22.866303,0.0167,-0.7738,-0.2650,0.82
22.915224,-0.3282,-1.3411,-0.3200,1.42
22.965363,-0.4120,-1.1275,-0.0040,1.20
23.015812,-0.1091,-1.1280,0.3023,1.17
23.064730,-0.3172,-1.1608,0.4142,1.27
23.116126,-0.2981,-0.9977,-0.0805,1.04
23.174983,-0.3033,-0.8715,-0.1359,0.93
23.216084,-0.2928,-0.7952,-0.0935,0.85
23.275225,-0.2227,-0.7924,0.0808,0.83
23.323670,-0.3003,-0.8726,0.3719,0.99
23.375015,-0.5500,-1.2963,0.3199,1.44
23.422874,-0.0524,-1.2520,0.2456,1.28
23.475303,0.2380,-1.6457,-0.0688,1.66
23.524303,-0.1139,-0.9532,0.0505,0.96
23.575123,-0.4316,-0.9128,0.2311,1.04
23.624729,-0.3014,-0.9721,0.3655,1.08
23.675978,-0.2629,-0.7567,0.0265,0.80
23.722993,-0.2028,-0.6353,0.0325,0.67
23.775276,-0.2650,-0.8300,0.1768,0.89
23.822602,-0.5033,-0.8582,0.2270,1.02
23.875155,-0.4420,-0.6775,0.1240,0.82
23.924867,-0.1449,-0.7052,0.1984,0.75
23.975537,-0.2062,-1.3651,-0.1528,1.39
24.023373,-0.0317,-0.7349,0.1221,0.75
24.075446,-0.0931,-1.0986,-0.0393,1.10
24.123540,-0.4682,-1.3067,-0.0435,1.39
24.175519,-0.2896,-1.1059,0.0542,1.14
24.223064,-0.2150,-1.0622,-0.0235,1.08
24.274934,-0.2418,-1.0052,-0.0566,1.04
24.323452,-0.2985,-0.9060,0.0601,0.96
24.375425,-0.4036,-0.7439,0.2508,0.88
24.423088,-0.5314,-0.6937,0.4520,0.98
24.475448,-0.6340,-0.7584,0.5113,1.11
24.523231,-0.3569,-1.1996,0.1292,1.26
24.574046,0.0451,-2.0117,-0.4781,2.07
24.623335,-0.1035,-1.2358,0.1121,1.25
24.672745,-0.7268,-0.9062,0.5278,1.28
24.723146,-0.6253,-0.8625,0.1318,1.07
24.773045,-0.1715,-0.8184,-0.0316,0.84
24.823529,-0.0070,-0.5556,0.0330,0.56
24.893042,-0.6616,-0.6133,0.2270,0.93
24.932212,-0.5938,-0.6712,0.2931,0.94
24.983926,-0.6663,-1.8167,0.1088,1.94
25.032060,0.1023,-0.9786,-0.2912,1.03
25.084120,-0.1196,-0.9293,-0.1533,0.95
25.132730,-0.2062,-1.0854,-0.2543,1.13
25.176481,-0.1966,-0.8154,-0.2196,0.87
25.231273,-0.0456,-0.7696,-0.1630,0.79
25.284905,0.0231,-1.1105,0.6187,1.27
25.332126,-0.3507,-1.0072,0.2318,1.09
25.381911,-0.3170,-1.1124,-0.1588,1.17
25.431457,-0.3763,-1.0370,-0.1388,1.11
25.482108,-0.3981,-0.8642,0.0906,0.96
25.532151,-0.4597,-0.6243,0.5115,0.93
25.582247,-0.5702,-0.8613,0.2322,1.06
25.631315,0.0253,-1.6489,-0.2266,1.66
25.681562,0.4086,-1.8189,0.0697,1.87
25.733061,-0.1134,-1.1000,0.4073,1.18
25.782516,-0.3158,-0.9317,0.0139,0.98
25.831108,-0.5478,-0.8514,0.1720,1.03
25.882229,0.0018,-0.8213,0.0356,0.82
25.931051,0.0913,-0.6715,-0.0765,0.68
25.981075,-0.4382,-0.8193,-0.0280,0.93
26.031261,-0.7607,-0.7747,0.0946,1.09
26.082486,-0.4196,-0.4712,0.0760,0.64
26.132031,-0.6113,-1.2523,0.2942,1.42
26.181948,0.0975,-0.9452,0.3640,1.02
26.231310,0.0769,-1.0824,-0.1179,1.09
26.282547,-0.1854,-1.2475,-0.2745,1.29
26.331230,-0.4465,-1.2792,-0.2500,1.38
26.382283,-0.2733,-0.9171,-0.0691,0.96
26.431362,0.0011,-0.9099,0.0156,0.91
26.481550,-0.1336,-0.9455,0.1143,0.96
26.531631,-0.3952,-0.7963,0.1564,0.90
26.581900,-0.5838,-0.5091,0.2725,0.82
26.631313,-0.7795,-0.8010,0.3435,1.17
26.681642,-0.2423,-1.5717,0.1877,1.60
26.731010,0.3958,-2.6469,-0.4377,2.71
26.781071,0.0201,-0.9220,0.6498,1.13
26.831255,-0.2659,-0.5825,0.1362,0.65
26.882224,-0.4286,-0.2649,0.1356,0.52
26.932678,-0.0385,-0.5946,0.0667,0.60
26.981841,0.0214,-0.7553,-0.2395,0.79
27.031581,-0.3315,-0.8128,-0.1978,0.90
27.089160,-1.2365,-1.5266,0.2677,1.98
27.131944,-0.4866,-0.9493,0.5734,1.21
27.189299,0.0707,-0.9579,-0.1641,0.97
27.239631,-0.0861,-1.4375,-0.3152,1.47
27.290294,-0.3269,-1.1920,-0.0183,1.24
27.339607,-0.1895,-0.9840,0.1151,1.01
27.389280,-0.4169,-0.8418,0.1463,0.95
27.439218,-0.3773,-0.7158,0.1760,0.83
27.490265,-0.3402,-0.5823,0.1629,0.69
27.539153,-0.4309,-0.4317,0.2107,0.65
27.590740,-0.5356,-1.2507,0.3002,1.39
27.639112,0.1463,-1.7068,0.1184,1.72
27.690149,0.2317,-1.7460,0.3804,1.80
27.739631,-0.6219,-1.1630,0.0653,1.32
27.790231,-0.7893,-0.8706,0.3797,1.23
27.839237,-0.2027,-0.7536,0.2104,0.81
27.889693,-0.0139,-0.5818,-0.1286,0.60
27.939617,-0.2457,-0.5085,-0.0203,0.57
27.990612,-0.4910,-0.6124,0.1576,0.80
28.040436,-0.5158,-0.6053,0.3720,0.88
28.090540,-0.4241,-2.0917,-0.0126,2.13
28.140574,0.0076,-0.8496,-0.0323,0.85
28.190846,-0.0959,-0.9678,-0.1313,0.98
28.239300,-0.2591,-1.2653,-0.1928,1.31
28.290032,-0.3596,-1.0649,-0.0388,1.12
28.339319,-0.2055,-0.8532,0.0074,0.88
28.390174,-0.1800,-0.8153,0.0732,0.84
28.440187,-0.4327,-0.8424,0.0090,0.95
28.489868,-0.4415,-0.6183,0.1024,0.77
28.540603,-0.5358,-0.5753,0.5296,0.95
28.597813,-0.5754,-1.2926,0.5880,1.53
28.647687,-0.0547,-1.8643,-0.2084,1.88
28.698400,0.1485,-1.5821,-0.0052,1.59
28.741488,-0.6391,-0.9297,0.5123,1.24
28.798408,-0.4323,-0.6798,0.1801,0.83
28.847989,-0.0416,-0.4898,-0.0025,0.49
28.897843,-0.0724,-0.3433,-0.1332,0.38
28.948148,-0.6767,-1.6489,0.0175,1.78
28.997797,-0.5604,-0.9118,0.9808,1.45
29.047697,-0.4615,-1.1406,0.1980,1.25
29.098030,-0.4794,-0.8890,-0.2204,1.03
29.147248,-0.3634,-0.5368,-0.1629,0.67
29.197965,-0.7032,-0.4698,0.5079,0.99
29.247496,-0.7049,-0.8053,1.3280,1.71
29.298287,0.0646,-1.3283,-0.6860,1.50
29.347285,0.1969,-1.3234,-0.3250,1.38
29.398031,-1.1714,-0.7305,0.3797,1.43
29.447462,-1.2070,-1.5873,0.4608,2.05
29.497585,-0.4916,-0.5941,0.2045,0.80
29.547848,-0.5091,-0.6973,-0.2713,0.90
29.596962,-1.3013,-0.4261,0.1442,1.38
29.647730,-0.0753,-0.9012,1.2458,1.54
29.697506,0.1371,-1.5628,-1.1677,1.96
29.747518,0.2385,-0.2047,0.0164,0.31
29.798455,-1.6732,-1.0368,0.3351,2.00
29.848958,-0.6288,-1.0099,0.6256,1.34
29.898244,-0.4583,-0.5248,-0.1782,0.72
29.948511,-0.5272,-1.2114,-0.2741,1.35
29.997621,-0.3591,-0.9283,-0.1088,1.00
30.047132,-0.3741,-0.9054,0.2945,1.02
30.097611,-0.4811,-0.6832,0.1836,0.86
30.147801,-0.7694,-0.4323,0.2231,0.91
30.198107,-0.6642,-0.5157,0.4840,0.97
30.248622,-0.4887,-1.5107,0.0300,1.59
30.298705,0.2362,-2.3849,-0.5810,2.47
30.356714,0.1330,-0.7252,0.0460,0.74
30.406907,-0.5278,-0.9080,0.7494,1.29
30.456320,-0.3290,-0.8874,0.1409,0.96
30.505676,-0.2329,-0.7341,0.1039,0.78
30.556549,-0.1765,-0.6923,0.0582,0.72
30.606990,-0.3629,-0.7730,-0.0071,0.85
30.656025,-0.4787,-0.6499,0.0360,0.81
30.706439,-0.4993,-0.4049,0.6849,0.94
30.755747,-0.3196,-1.9160,-0.1786,1.95
30.806127,-0.0036,-1.0285,-0.1231,1.04
30.855749,-0.2031,-1.1925,-0.1427,1.22
30.906272,-0.2210,-1.2188,-0.4444,1.32
30.955858,-0.2447,-0.9301,-0.1299,0.97
31.006374,-0.1784,-0.7478,-0.0347,0.77
31.056158,-0.2067,-0.8613,-0.0829,0.89
31.106654,-0.1243,-0.9495,0.4208,1.05
31.155512,-0.5351,-0.7060,0.4567,1.00
31.206158,-0.8574,-0.5588,0.2803,1.06
31.256553,-0.4914,-1.0996,0.0262,1.20
31.306852,-0.2376,-1.9090,0.1035,1.93
31.356632,-0.7821,-0.9192,0.6473,1.37
31.405587,-0.4968,-0.9859,0.1424,1.11
31.455635,-0.3601,-0.7077,0.0708,0.80
31.506902,-0.0341,-0.8155,-0.0856,0.82
31.555885,-0.1695,-0.7719,0.0027,0.79
31.606598,-0.3033,-0.6753,0.1173,0.75
31.655692,-0.8004,-1.0224,0.3905,1.36
31.706063,-0.4093,-1.3411,0.2817,1.43
31.755684,0.1016,-0.7959,-0.1371,0.81
31.806104,-0.1097,-0.8565,-0.2928,0.91
31.856815,-0.6779,-1.3853,-0.1378,1.55
31.914128,-0.2176,-0.8372,0.4342,0.97
31.957487,-0.1348,-0.9647,0.0742,0.98
32.014009,-0.2160,-0.8705,-0.0303,0.90
32.064464,-0.2859,-0.8210,0.0513,0.87
32.115663,-0.3502,-0.7507,0.1790,0.85
32.163904,-0.6450,-0.9433,0.2980,1.18
32.213956,-0.4136,-1.2852,0.2293,1.37
32.263851,0.0834,-1.5859,0.0405,1.59
32.315575,-0.0634,-1.0506,0.1075,1.06
32.363894,-0.5707,-0.8786,-0.0089,1.05
32.414407,-0.5267,-0.9259,0.1864,1.08
32.464161,-0.2291,-0.8548,0.1477,0.90
32.515532,-0.1757,-0.7915,0.0153,0.81
32.565331,-0.2899,-0.8108,0.0450,0.86
32.615061,-0.3703,-0.7704,0.0372,0.86
32.664153,-0.5335,-0.7056,0.0582,0.89
32.714549,-0.4148,-0.5182,0.0450,0.67
32.764132,-0.6878,-1.5061,0.1586,1.66
32.814187,-0.0074,-1.0350,0.1720,1.05
32.864150,-0.1226,-0.7771,0.0334,0.79
32.914068,-0.2487,-1.3175,-0.3105,1.38
32.963811,-0.2712,-0.9458,-0.2838,1.02
33.014202,-0.1602,-0.7414,-0.0828,0.76
33.064241,-0.0847,-0.9734,-0.0859,0.98
33.114772,-0.0070,-1.0790,0.1141,1.09
33.164492,-0.2924,-0.9941,0.3767,1.10
33.222810,-0.5348,-0.8891,-0.0642,1.04
33.264989,-0.6577,-0.8029,-0.0662,1.04
33.322828,-0.6249,-0.6896,0.2976,0.98
33.366488,-0.7006,-1.4716,0.6640,1.76
33.423940,0.0325,-1.2648,-0.1884,1.28
33.472674,0.1087,-1.3543,-0.3278,1.40
33.522381,-0.0859,-0.7563,-0.0282,0.76
33.572535,-0.7387,-0.7548,0.5582,1.19
33.622220,-0.5143,-0.9628,0.2429,1.12
33.672267,-0.2369,-0.8259,-0.0269,0.86
33.722738,-0.2636,-0.8564,0.0548,0.90
33.772249,-0.5547,-0.8808,0.1147,1.05
33.823628,-0.7520,-0.6406,0.1197,1.00
33.872135,-0.4776,-0.3689,0.1019,0.61
33.923648,-0.5485,-0.8657,0.3992,1.10
33.971858,-0.1508,-2.1123,-0.2827,2.14
34.023274,-0.0815,-0.7540,0.2133,0.79
34.072122,-0.1267,-1.3394,-0.1731,1.36
34.124006,-0.2654,-1.1860,-0.3095,1.25
34.171995,-0.2388,-0.8115,-0.1336,0.86
34.223037,-0.1237,-0.7260,-0.0737,0.74
34.273565,-0.1865,-1.0265,-0.0080,1.04
34.324140,-0.3238,-0.9485,0.2391,1.03
34.372674,-0.4267,-0.7569,0.1256,0.88
34.423845,-0.5413,-0.7138,0.0298,0.90
34.472447,-0.6156,-0.7261,0.1608,0.97
34.523068,-0.2215,-1.7561,0.2971,1.79
34.571844,0.3329,-1.5743,0.0884,1.61
34.623493,-0.1616,-1.1487,0.2716,1.19
34.672083,-0.6464,-0.8568,0.1984,1.09
34.723138,-0.4813,-0.7768,0.1076,0.92
34.772069,-0.1772,-0.8693,0.1154,0.89
34.821965,0.0049,-0.7556,-0.0094,0.76
34.872780,-0.2190,-0.7248,-0.0871,0.76
34.923796,-0.5504,-0.7057,-0.0888,0.90
34.973187,-1.0747,-0.9483,-0.0772,1.44
35.036810,-0.3354,-0.8050,0.6285,1.07
35.073570,-0.1418,-0.9774,0.2053,1.01
35.132050,-0.1899,-1.0922,-0.3108,1.15
35.181311,-0.1847,-1.0206,-0.2928,1.08
35.232148,-0.1458,-0.9582,-0.1058,0.97
35.280153,-0.0920,-0.9845,-0.0411,0.99
35.330713,-0.1685,-1.0304,0.0092,1.04
35.381185,-0.3807,-0.9463,0.0709,1.02
35.430935,-0.5520,-0.8442,0.0437,1.01
35.480275,-0.5731,-0.6362,0.0617,0.86
35.531790,-0.5648,-0.4140,0.1668,0.72
35.581274,-0.6639,-1.3103,0.5022,1.55
35.630882,-0.0803,-1.9915,-0.0464,1.99
35.681081,-0.0159,-1.0846,0.2067,1.10
35.731845,-0.6156,-0.9258,0.1944,1.13
35.780139,-0.8719,-0.6595,0.2967,1.13
35.830381,-0.2296,-0.7193,0.0845,0.76
35.880830,-0.0560,-0.6878,-0.1563,0.71
35.930714,-0.4063,-0.7091,-0.0540,0.82
35.981039,-0.6905,-0.7609,0.0962,1.03
36.030636,-0.5745,-0.6831,0.1912,0.91
36.081254,-1.1913,-1.3436,0.2241,1.81
36.130920,-0.1222,-1.0876,0.0927,1.10
36.180564,-0.0509,-0.8665,-0.0475,0.87
36.230923,-0.1906,-1.0189,-0.2597,1.07
36.281528,-0.4362,-1.2029,-0.3255,1.32
36.332094,-0.3138,-0.8567,-0.0325,0.91
36.380415,-0.2144,-0.8949,-0.0392,0.92
36.430666,-0.2745,-1.0038,0.1909,1.06
36.480178,-0.4214,-0.8070,0.1118,0.92
36.531429,-0.4581,-0.7307,0.0382,0.86
36.580389,-0.5096,-0.6367,0.0646,0.82
36.630081,-0.5371,-0.6239,0.3586,0.90
36.681160,-0.3129,-1.5448,0.2336,1.59
36.730475,0.0776,-1.6327,-0.3032,1.66
36.780153,-0.0207,-1.1672,0.2326,1.19
36.830994,-0.5428,-1.0014,0.2844,1.17
36.889488,-0.7001,-0.9055,0.1202,1.15
36.931170,-0.3073,-0.7875,0.1138,0.85
36.988460,-0.0723,-0.6277,-0.0571,0.63
37.031570,-0.2659,-0.5557,0.0002,0.62
37.083736,-0.5215,-0.4925,0.0804,0.72
37.138245,-1.0347,-0.6534,0.3354,1.27
37.182117,-0.3049,-2.0180,-0.0195,2.04
37.238607,-0.1060,-0.8222,-0.0463,0.83
37.288313,-0.3125,-1.6531,-0.3913,1.73
37.338675,-0.3772,-1.1945,-0.2753,1.28
37.388564,-0.2649,-0.8560,-0.0819,0.90
37.438188,-0.0195,-0.9489,-0.0238,0.95
37.482962,-0.1847,-0.8797,0.2791,0.94
37.538736,-0.2716,-0.9121,0.1261,0.96
37.589139,-0.3259,-0.7577,0.0187,0.83
37.639292,-0.4577,-0.6466,0.0670,0.80
37.688783,-0.7836,-0.9131,0.1239,1.21
37.738531,-0.4338,-1.3523,0.3819,1.47
37.788324,0.1374,-1.7513,0.1152,1.76
37.839053,-0.0045,-1.1263,0.2666,1.16
37.888225,-0.3073,-0.8388,0.0667,0.90
37.939237,-0.4068,-0.6414,-0.0502,0.76
37.988441,-0.2973,-0.7824,0.2412,0.87
38.040081,0.0267,-0.7929,-0.0187,0.79
38.088481,-0.1080,-0.7699,0.0682,0.78
38.138700,-0.3320,-0.9411,0.4269,1.09
38.188794,-0.9607,-0.9717,0.5373,1.47
38.238434,-0.5529,-0.7412,0.0998,0.93
38.288536,-0.3874,-1.0028,-0.0895,1.08
38.338432,-0.2035,-1.9284,-0.2939,1.96
38.389598,-0.0653,-0.5390,0.0317,0.54
38.438276,-0.1513,-0.6646,0.3094,0.75
38.488644,-0.1782,-1.1316,-0.0953,1.15
38.538437,-0.1495,-0.9596,-0.2566,1.00
38.588271,-0.2379,-0.8101,-0.0492,0.85
38.638950,-0.3127,-1.0414,-0.1232,1.09
38.688636,-0.2920,-0.8944,-0.0598,0.94
38.739224,-0.2289,-0.9944,0.0841,1.02
38.788885,-0.2703,-1.0574,-0.0142,1.09
38.838784,-0.3379,-1.0415,-0.0068,1.09
38.890318,-0.5774,-0.8104,0.2007,1.02
38.939169,-0.6737,-1.1959,0.5306,1.47
38.997235,0.0563,-1.3919,-0.1133,1.40
39.047300,-0.0392,-1.1893,0.2914,1.23
39.096772,-0.3330,-0.7935,0.3774,0.94
39.146613,-0.2861,-0.8137,0.1294,0.87
39.197754,-0.2025,-0.6183,0.1087,0.66
39.246313,-0.1124,-0.7887,0.1851,0.82
39.296594,-0.2604,-0.8234,0.2935,0.91
39.347128,-0.4432,-0.7565,0.3260,0.94
39.397053,-0.4450,-0.7971,0.4131,1.00
39.447936,-0.4728,-0.7267,0.3513,0.94
39.498271,-0.5635,-0.8021,0.2799,1.02
39.547545,-0.5814,-0.8336,0.3118,1.06
39.596628,-0.4112,-0.7533,0.1950,0.88
39.646786,-0.3286,-1.6147,0.3097,1.68
39.696727,-0.0615,-0.9567,-0.0046,0.96
39.747638,-0.0368,-0.6755,-0.0078,0.68
39.796299,-0.0966,-0.9492,-0.0771,0.96
39.846706,-0.2603,-1.1470,-0.3014,1.21
39.896617,-0.3651,-0.9184,-0.0698,0.99
39.946985,-0.0458,-0.9552,0.2169,0.98
39.996596,-0.3553,-0.9869,0.2597,1.08
40.047699,-0.2259,-0.9063,-0.0872,0.94
40.096517,-0.2951,-0.9149,-0.1214,0.97
40.146844,-0.3793,-0.9141,-0.0704,0.99
40.196539,-0.5132,-0.8518,0.2752,1.03
40.247111,-0.8080,-1.1226,0.4831,1.47
40.296587,-0.2835,-1.6700,0.1742,1.70
40.346676,0.2163,-1.4348,-0.3386,1.49
40.396886,0.2696,-0.9362,0.5386,1.11
40.446690,-0.3336,-0.9162,0.0836,0.98
40.497299,-0.5763,-0.6820,0.1175,0.90
40.546834,-0.3650,-0.7037,0.3332,0.86
40.596617,-0.1543,-0.7937,0.0769,0.81
40.646807,-0.1812,-0.7184,0.0839,0.75
40.696313,-0.1443,-0.7234,0.2198,0.77
40.748708,-0.4243,-0.7888,0.5816,1.07
40.796683,-0.7006,-0.7550,0.5673,1.18
40.847334,-0.2968,-0.6806,0.1212,0.75
40.896589,-0.1690,-2.3491,-0.3490,2.38
40.947460,0.0203,-0.8020,0.0198,0.80
40.997076,-0.1074,-1.1485,-0.0402,1.15
41.047204,-0.3489,-1.0793,-0.2598,1.16
41.098635,-0.4017,-0.9713,-0.1499,1.06
41.155040,-0.2924,-0.8100,0.3591,0.93
41.205187,-0.3324,-0.9062,0.1817,0.98
41.254868,-0.4416,-0.8602,-0.1160,0.97
41.305041,-0.4367,-0.8719,-0.1156,0.98
41.355037,-0.4333,-0.9073,0.0706,1.01
41.405140,-0.4796,-0.7907,0.3611,0.99
41.454954,-0.8553,-1.2547,0.4142,1.57
41.504646,-0.3130,-1.2363,0.0538,1.28
41.555272,-0.1835,-1.4099,-0.3437,1.46
41.604913,-0.0512,-1.1337,-0.1270,1.14
41.655202,-0.1797,-0.8353,0.0004,0.85
41.704922,-0.3224,-1.0339,0.0509,1.08
41.755747,-0.1950,-0.9925,-0.0728,1.01
41.805411,-0.1186,-0.8145,-0.1034,0.83
41.855644,-0.1918,-0.7645,-0.0925,0.79
41.905422,-0.2829,-0.6749,-0.0547,0.73
41.954620,-0.2591,-0.6744,-0.0248,0.72
42.004775,-0.1438,-1.4182,-0.3526,1.47
42.055719,-0.0349,-1.0524,-0.3045,1.10
42.104693,-0.4308,-0.9974,-0.1464,1.10
42.154969,-0.4501,-1.3280,-0.2449,1.42
42.205345,-0.2801,-0.9556,-0.1450,1.01
42.255452,-0.1067,-1.0285,-0.1156,1.04
42.304873,-0.0148,-0.9552,0.1133,0.96
42.354973,-0.1933,-0.8969,-0.0722,0.92
42.405127,-0.3105,-0.8673,-0.1915,0.94
42.455227,-0.4689,-0.8106,-0.1296,0.95
42.505497,-0.5174,-0.6944,0.0048,0.87
42.564003,-0.7519,-1.2452,0.5136,1.54
42.613347,-0.2738,-1.4262,0.5565,1.56
42.664228,0.1375,-1.3120,-0.2025,1.33
42.715008,0.0742,-1.0931,0.1353,1.10
42.763525,-0.2716,-0.8910,0.3160,0.98
42.813465,-0.4284,-0.7983,0.1844,0.92
42.864450,-0.4295,-0.7357,0.2301,0.88
42.913873,-0.1279,-0.6640,0.1144,0.69
42.963434,-0.2152,-0.6894,0.1472,0.74
43.013093,-0.4512,-0.6771,0.0566,0.82
43.063109,-0.4373,-0.6705,-0.0950,0.81
43.113023,-1.1493,-1.7942,-0.0711,2.13
43.163276,-0.1566,-0.6473,0.2655,0.72
43.213341,0.0985,-0.9093,-0.0919,0.92
43.263475,-0.0769,-1.0032,-0.2006,1.03
43.313147,-0.4634,-1.1666,0.0095,1.26
43.363608,-0.3643,-0.9339,0.1252,1.01
43.413087,-0.3929,-1.1181,-0.0687,1.19
43.462889,-0.4358,-1.0180,0.0096,1.11
43.513642,-0.3514,-1.0047,0.0186,1.06
43.562906,-0.3246,-0.9687,-0.0810,1.02
43.613447,-0.2376,-0.8681,0.0183,0.90
43.662959,-0.2675,-0.8072,0.1203,0.86
43.713932,-0.4554,-0.7432,0.2235,0.90
43.762999,-0.8284,-1.1146,0.3615,1.44
43.812743,-0.2375,-1.3367,0.3578,1.40
43.862949,0.3132,-1.6860,-0.1474,1.72
43.912993,0.0649,-1.0717,0.2743,1.11
43.963080,-0.4394,-0.7912,-0.0010,0.91
44.013378,-0.5786,-0.4979,0.0799,0.77
44.071675,-0.2257,-0.7373,0.1532,0.79
44.114182,-0.1063,-0.7198,-0.0369,0.73
44.171526,-0.3883,-0.6313,-0.0680,0.74
44.214441,-0.4465,-0.7023,0.0433,0.83
44.271177,-0.8269,-1.7069,0.4632,1.95
44.314965,-0.0750,-1.1291,0.0875,1.14
44.371336,-0.0156,-0.6751,-0.1209,0.69
44.422170,-0.3196,-1.1920,-0.2904,1.27
44.471075,-0.4571,-1.2217,-0.3244,1.34
44.522079,-0.2476,-0.8620,-0.1793,0.91
44.571057,-0.1628,-0.8401,-0.1312,0.87
44.622467,-0.2530,-0.9773,0.0639,1.01
44.671745,-0.3860,-0.7618,0.8781,1.22
44.720955,-0.6069,-0.7295,0.2400,0.98
44.771646,-0.8558,-0.6516,0.0183,1.08
44.821191,-0.4856,-1.1539,0.0606,1.25
44.871910,-0.0657,-2.2375,0.4958,2.29
44.921964,-0.6235,-0.8157,0.6179,1.20
44.971116,-0.5436,-1.0607,0.1070,1.20
45.021441,-0.3441,-0.6340,0.0943,0.73
45.071893,0.0602,-0.5424,-0.1737,0.57
45.121635,0.0251,-0.6516,-0.0121,0.65
45.172186,-0.7827,-0.7876,0.1655,1.12
45.221311,-1.5151,-0.5935,0.1826,1.64
45.271847,-0.5894,-1.2553,0.6124,1.52
45.322110,0.0198,-0.7953,0.0374,0.80
45.371153,0.0441,-0.8960,-0.3142,0.95
45.422709,-0.2693,-1.3212,-0.3014,1.38
45.472727,-0.3499,-1.1285,0.0029,1.18
45.521338,-0.3097,-0.9684,0.3801,1.09
45.571465,-0.1398,-1.0558,-0.0170,1.07
45.622332,-0.2004,-0.9424,0.0153,0.96
45.679575,-0.3613,-0.8687,0.0914,0.95
45.722304,-0.5644,-0.7629,0.1201,0.96
45.772830,-0.6672,-0.7847,0.3148,1.08
45.829518,-0.7710,-1.5122,0.2472,1.72
45.879533,-0.0601,-1.1313,0.2749,1.17
45.926197,0.0136,-1.2352,0.1706,1.25
45.979467,-0.4335,-0.9093,-0.1235,1.01
46.030094,-0.3994,-0.7417,0.0840,0.85
46.079374,-0.1449,-0.8804,0.4205,0.99
46.129664,-0.2451,-0.8324,-0.0050,0.87
46.179964,-0.2453,-0.7722,0.0993,0.82
46.229417,-0.3633,-0.8354,0.2614,0.95
46.279937,-0.6427,-0.7016,0.1842,0.97
46.330422,-0.4172,-0.4049,0.3612,0.68
46.379051,-0.7381,-1.9395,0.0822,2.08
46.429300,0.0279,-0.9665,-0.2357,1.00
46.479449,-0.1561,-0.6110,0.0316,0.63
46.529878,-0.3620,-1.1084,-0.1566,1.18
46.579236,-0.2424,-0.9386,-0.2962,1.01
46.629904,-0.0980,-0.7398,-0.1726,0.77
46.679634,-0.1478,-1.0318,-0.0433,1.04
46.729726,-0.1710,-1.1453,0.0476,1.16
46.779393,-0.1925,-1.1329,-0.0071,1.15
46.830956,-0.4597,-0.9961,0.1861,1.11
46.879612,-0.4298,-0.9027,-0.0161,1.00
46.929555,-0.3837,-0.7695,-0.1116,0.87
46.979867,-0.4462,-0.5842,0.1644,0.75
47.030178,-0.6177,-0.7016,0.4220,1.03
47.087815,-0.1491,-1.2756,-0.1865,1.30
47.138225,-0.0687,-2.2429,0.2846,2.26
47.181066,-0.2047,-1.1909,0.5222,1.32
47.237700,-0.2677,-0.8795,0.2107,0.94
47.287912,-0.6306,-0.7399,0.1021,0.98
47.338632,-0.2082,-0.6857,-0.0220,0.72
47.388592,-0.0147,-0.6705,-0.0681,0.67
47.437467,-0.3202,-0.7360,0.0008,0.80
47.487674,-0.4454,-0.7121,-0.0270,0.84
47.537884,-1.4917,-1.3854,-0.2258,2.05
47.587602,-0.3022,-0.7670,0.7432,1.11
47.638074,-0.0330,-0.7863,0.0116,0.79
47.688206,-0.2238,-1.0523,-0.3387,1.13
47.738375,-0.3566,-0.9377,-0.0869,1.01
47.787743,-0.1513,-0.8964,-0.0173,0.91
47.838003,-0.3372,-1.0455,-0.0649,1.10
47.887599,-0.3213,-1.0146,-0.0568,1.07
47.937886,-0.2847,-1.0268,-0.0122,1.07
47.988201,-0.2708,-1.0385,-0.0668,1.08
48.037693,-0.3269,-0.9914,-0.0426,1.04
48.087436,-0.4812,-0.8585,0.1598,1.00
48.137945,-0.5678,-0.5856,0.4225,0.92
48.187159,-0.7439,-0.8443,0.3017,1.16
48.237603,-0.0055,-1.1964,0.0375,1.20
48.287522,0.1827,-1.9813,0.3563,2.02
48.337644,-0.4289,-1.0341,0.3608,1.18
48.387388,-0.4617,-0.9261,0.1557,1.05
48.437888,-0.2589,-0.8639,0.2172,0.93
48.487687,-0.2382,-0.7332,0.0424,0.77
48.538192,-0.3112,-0.7695,0.0558,0.83
48.587785,-0.4514,-0.7149,0.0925,0.85
48.637283,-0.6905,-0.6328,0.1193,0.94
48.687352,-0.7644,-0.5492,0.0728,0.94
48.737483,-0.4891,-1.4525,1.1790,1.93
48.787523,-0.0148,-0.8234,0.1087,0.83
48.837906,-0.0250,-1.1094,-0.3666,1.17
48.896598,-0.3330,-1.1411,-0.3971,1.25
48.938386,-0.4372,-1.1733,-0.1674,1.26
48.988444,-0.2810,-0.9860,-0.0544,1.03
49.038359,-0.2068,-0.9332,0.0182,0.96
49.095581,-0.2450,-0.9491,0.1519,0.99
49.138614,-0.3214,-0.9014,0.0682,0.96
49.189390,-0.3594,-0.8383,-0.0098,0.91
49.246259,-0.4280,-0.8220,0.0292,0.93
49.295584,-0.6436,-0.9494,0.1204,1.15
49.345655,-0.3036,-1.2199,0.5013,1.35
49.395701,-0.0617,-1.4992,-0.0392,1.50
49.446529,0.1047,-1.1630,0.5507,1.29
49.496163,-0.3745,-0.8710,0.1206,0.96
49.547164,-0.5076,-0.6704,0.1411,0.85
49.595438,-0.4925,-0.7324,0.1755,0.90
49.645879,-0.3431,-0.7874,0.1959,0.88
49.697159,-0.3582,-0.7200,0.1693,0.82
49.745838,-0.5980,-0.8149,0.2576,1.04
49.795699,-0.7298,-0.8384,0.3238,1.16
49.845834,-0.4377,-0.7039,0.2717,0.87
49.895844,0.1336,-0.6089,0.6436,0.90
49.947172,-0.5615,-1.7881,-0.1546,1.88
49.996023,-0.2689,-0.8545,-0.0151,0.90
50.045882,-0.3186,-0.5481,-0.0275,0.63
50.096046,-0.3767,-1.0693,-0.3268,1.18
50.145789,-0.2396,-1.1726,-0.3067,1.24
50.196283,-0.1993,-1.0130,-0.0036,1.03
50.246474,-0.1423,-1.0740,0.0707,1.09
50.297696,-0.2212,-0.9752,0.0711,1.00
50.345893,-0.3203,-0.8658,0.1347,0.93
50.396683,-0.2972,-0.8827,0.0773,0.93
50.445776,-0.2218,-0.7670,0.0146,0.80
50.495414,-0.4628,-0.7145,0.1534,0.86
50.547010,-0.7571,-0.9300,0.4098,1.27
50.595418,-0.1575,-1.5958,0.1873,1.61
50.646395,0.0162,-1.3191,-0.1113,1.32
50.696050,-0.4431,-1.0334,0.1085,1.13
50.746075,-0.6299,-0.8245,0.4100,1.12
50.796243,-0.3629,-0.7424,0.1531,0.84
50.846469,-0.1770,-0.8109,0.0035,0.83
50.904036,-0.3981,-0.7506,0.1732,0.87
50.947649,-0.4972,-0.6951,0.2093,0.88
50.998046,-0.5320,-0.7282,0.1386,0.91
51.054619,-0.4656,-0.6112,0.1705,0.79
51.104196,-0.8811,-0.7442,0.4035,1.22
51.154090,-0.0958,-1.6113,0.1789,1.62
51.204445,0.0535,-0.7772,-0.0789,0.78
51.253923,-0.1035,-1.0191,-0.3258,1.07
51.303909,-0.3857,-1.5854,-0.4599,1.70
51.353927,-0.4444,-1.1622,0.0385,1.24
51.403560,-0.2179,-0.8770,-0.0157,0.90
51.454205,-0.2516,-0.9242,0.4852,1.07
51.503643,-0.2568,-0.8645,0.1025,0.91
51.554289,-0.2837,-0.8101,-0.1140,0.87
51.603940,-0.2395,-0.6674,-0.0909,0.71
51.654444,-0.2845,-0.7637,0.0999,0.82
51.703745,-0.6771,-1.2340,0.3923,1.46
51.753974,0.0247,-1.4679,0.1909,1.48
51.803842,0.0381,-1.5779,-0.0374,1.58
51.853731,-0.3299,-0.9087,0.1998,0.99
51.904937,-0.4133,-0.7624,0.3009,0.92
51.953874,-0.1727,-0.6690,0.0072,0.69
52.004075,-0.0153,-0.8032,0.0082,0.80
52.053745,-0.3814,-0.7545,0.1904,0.87
52.104642,-0.6748,-0.8732,0.2684,1.14
52.153737,-0.5665,-0.8957,0.2116,1.08
52.204866,-0.3950,-0.8271,0.1602,0.93
52.253973,-0.3168,-0.8092,0.0687,0.87
52.303991,-0.2849,-0.6904,0.0652,0.75
52.353581,-0.6785,-1.1804,0.4018,1.42
52.403825,-0.3589,-1.1837,0.3527,1.29
52.454367,-0.0535,-0.6939,0.1524,0.71
52.504167,-0.0685,-0.9690,-0.1419,0.98
52.555427,-0.1983,-1.2754,-0.5562,1.41
52.605087,-0.2835,-1.0864,-0.1447,1.13
52.663232,-0.1881,-0.9963,-0.0688,1.02
52.712681,-0.2089,-1.1451,-0.0922,1.17
52.762251,-0.0587,-1.1193,0.5048,1.23
52.812002,-0.3626,-0.8575,0.2266,0.96
52.863316,-0.4277,-0.7731,-0.0642,0.89
52.912268,-0.5240,-0.6886,0.1433,0.88
52.962183,-0.7542,-1.0899,0.5417,1.43
53.013190,0.0646,-1.4220,0.0222,1.42
53.063032,0.3158,-1.6583,-0.3326,1.72
53.112093,-0.2401,-0.8547,0.3208,0.94
53.162335,-0.8402,-0.9112,0.3351,1.28
53.212454,-0.6158,-0.7935,0.3088,1.05
53.261998,-0.1943,-0.6472,0.0052,0.68
53.312427,-0.2857,-0.6511,0.0239,0.71
53.363146,-0.3357,-0.7147,0.1427,0.80
53.413399,-0.5311,-0.6173,0.2621,0.86
53.462208,-0.9393,-0.7633,0.2034,1.23
53.512184,-1.0433,-2.2165,0.1154,2.45
53.563065,-0.0539,-0.6127,0.3231,0.69
53.612866,-0.0243,-0.9113,-0.2387,0.94
53.662363,-0.2333,-1.0133,-0.4093,1.12
53.712478,-0.3119,-1.2018,-0.4802,1.33
53.763366,-0.4067,-1.0837,-0.1257,1.16
53.812228,-0.3231,-0.9699,-0.1078,1.03
53.862832,-0.2122,-0.9721,-0.0816,1.00
53.912067,-0.2190,-0.9873,-0.0105,1.01
53.962901,-0.2111,-1.1432,0.0527,1.16
54.012297,-0.2571,-1.0535,0.2723,1.12
54.070188,-0.4372,-0.7562,0.2929,0.92
54.112881,-0.4079,-0.6812,0.1969,0.82
54.171082,-0.4245,-0.8946,0.0128,0.99
54.220515,-0.2446,-1.6526,-0.3693,1.71
54.270436,-0.3207,-1.1813,1.4462,1.89
54.314587,-0.3577,-0.9516,0.3700,1.08
54.370708,-0.2685,-0.8287,-0.0778,0.87
54.420355,-0.1314,-0.6941,-0.0468,0.71
54.470181,-0.0969,-0.8616,0.0234,0.87
54.520309,-0.4445,-0.8676,0.1757,0.99
54.570433,-0.7759,-0.9186,0.2166,1.22
54.620495,-0.6091,-0.8522,0.0685,1.05
54.671567,-0.3470,-0.6835,0.0457,0.77
54.720651,-0.2124,-0.4963,0.1527,0.56
54.770507,-0.1168,-0.7084,0.4104,0.83
54.820932,-0.3165,-1.7910,-0.2774,1.84
54.870507,-0.2579,-0.7553,-0.0349,0.80
54.920598,-0.4447,-1.2862,-0.1510,1.37
54.970035,-0.4261,-1.3283,-0.2447,1.42
55.020147,-0.2743,-0.8509,-0.0482,0.90
55.070187,-0.0930,-0.8935,-0.1426,0.91
55.121465,0.1611,-0.9203,0.2276,0.96
55.170311,-0.2677,-0.7899,0.4385,0.94
55.229270,-0.4255,-0.7410,0.1613,0.87
55.271079,-0.4416,-0.7507,0.1983,0.89
55.328594,-0.8034,-1.4836,0.2866,1.71
55.371090,-0.0535,-1.4347,0.0158,1.44
55.428928,0.0262,-1.7006,-0.2196,1.71
55.479667,-0.5646,-0.8308,0.5441,1.14
55.528665,-0.4855,-0.8060,0.1732,0.96
55.578332,-0.3196,-0.6664,-0.0520,0.74
55.628287,-0.1222,-0.6675,-0.0675,0.68
55.678272,-0.1242,-0.6179,0.0074,0.63
55.728600,-0.5076,-0.7172,0.0750,0.88
55.779112,-1.0484,-0.7836,0.1166,1.31
55.829732,-0.7500,-0.4081,0.2049,0.88
55.878695,-0.4638,-1.7552,0.0064,1.82
55.929692,0.0601,-0.9361,-0.0714,0.94
55.978601,-0.0402,-0.9092,-0.0686,0.91
56.028682,-0.2871,-0.9855,-0.2037,1.05
56.079688,-0.5466,-1.1572,-0.2458,1.30
56.129083,-0.3373,-0.9598,-0.1040,1.02
56.175264,-0.2554,-1.0200,-0.0476,1.05
56.228412,-0.2581,-1.0730,0.0756,1.11
56.278650,-0.1955,-0.9295,0.2642,0.99
56.326247,-0.3786,-0.6660,0.1538,0.78
56.380288,-0.6688,-0.4986,0.2787,0.88
56.428870,-0.6507,-0.9868,0.4324,1.26
56.478720,-0.1414,-1.4977,0.0508,1.51
56.528933,0.0010,-1.6788,-0.4451,1.74
56.578640,-0.0771,-1.0285,-0.2807,1.07
56.628703,-1.0191,-0.8949,0.9323,1.65
56.678543,-0.3074,-0.8982,0.1107,0.96
56.737462,-0.1356,-0.7473,-0.1793,0.78
56.778967,-0.4104,-0.7819,0.1662,0.90
56.830184,-0.7609,-0.8415,0.2406,1.16
56.879574,-0.6834,-0.7429,0.1773,1.02
56.937742,-0.2686,-0.5967,0.0780,0.66
56.986840,-0.1252,-0.8006,-0.0126,0.81
57.036913,-0.3086,-1.7175,-0.3760,1.79
57.087306,-0.2104,-0.6173,0.1599,0.67
57.131044,-0.3800,-0.6870,0.2293,0.82
57.188002,-0.4876,-1.6016,-0.4969,1.75
57.236911,-0.3245,-0.8419,-0.1452,0.91
57.286984,-0.1566,-0.8383,-0.0341,0.85
57.337402,-0.1298,-1.0169,-0.0562,1.03
57.387029,-0.2094,-0.9104,0.0276,0.93
57.437087,-0.4731,-0.8314,0.1332,0.97
57.487823,-0.2583,-0.8987,-0.0264,0.94
57.536687,-0.1486,-1.1440,-0.1785,1.17
57.586798,-0.1812,-0.9952,-0.0819,1.01
57.637239,-0.2116,-0.9898,-0.0597,1.01
57.686802,-0.2340,-0.9964,-0.0497,1.02
57.737819,-0.2310,-0.9533,-0.0031,0.98
57.787827,-0.2362,-0.9054,-0.0287,0.94
57.837006,-0.3123,-1.0385,-0.0466,1.09
57.886802,-0.2099,-0.9654,-0.0581,0.99
57.936810,-0.1723,-1.0191,-0.0722,1.04
57.987460,-0.1836,-0.9554,-0.0627,0.97
58.036625,-0.2516,-0.9367,-0.0949,0.97
58.086887,-0.3142,-0.9747,-0.1053,1.03
58.139282,-0.2469,-0.9112,-0.0332,0.94
58.188302,-0.2920,-0.8712,0.1207,0.93
58.237125,-0.3991,-1.2462,0.1848,1.32
58.287861,-0.0836,-1.4303,0.1790,1.44
58.336294,-0.3078,-1.2319,0.1407,1.28
58.386229,-0.0115,-1.3238,0.1119,1.33
58.436209,0.0763,-1.0304,-0.2434,1.06
58.486833,0.0246,-0.7556,-0.4034,0.86
58.536984,-0.2294,-0.6603,0.0161,0.70
58.586715,-0.2903,-0.9552,0.4042,1.08
58.636865,-0.1619,-0.8983,-0.1062,0.92
58.686748,-0.2932,-0.9087,-0.1092,0.96
58.736701,-0.4418,-1.0328,0.1519,1.13
58.794767,-0.3316,-0.9206,0.0899,0.98
58.845664,-0.1673,-0.7211,-0.0701,0.74
58.895261,-0.1772,-0.6893,-0.0939,0.72
58.945749,-0.4212,-0.8335,0.0770,0.94
58.995168,-0.4531,-0.8030,0.0628,0.92
59.046041,-0.3189,-0.8372,0.0242,0.90
59.095252,-0.6039,-2.7643,-0.3615,2.85
59.145756,0.0650,-0.3990,0.3935,0.56
59.194821,0.1806,-1.1000,-0.3429,1.17
59.244933,0.1877,-1.7098,-0.6549,1.84
59.294971,0.0013,-0.8316,-0.1762,0.85
59.344792,-0.3601,-0.9831,0.4781,1.15
59.395761,-0.3450,-1.0033,0.0386,1.06
59.444834,-0.1384,-1.0079,-0.2387,1.04
59.494821,-0.0667,-1.0275,-0.0612,1.03
59.544894,-0.1934,-0.9912,-0.1127,1.02
59.594704,-0.1897,-0.8506,-0.0539,0.87
59.645805,-0.2588,-0.8247,0.1989,0.89
59.694828,-0.6449,-0.7449,0.2405,1.01
59.746340,-0.7584,-0.9362,0.3166,1.25
59.795002,-0.2013,-1.3859,0.2515,1.42
59.845493,0.0383,-1.0961,-0.0363,1.10
59.895909,-0.1862,-0.8645,0.2597,0.92
59.945051,-0.2401,-0.8462,0.2925,0.93
59.995779,-0.4301,-0.9354,0.3305,1.08
60.044555,-0.3097,-0.8643,0.1514,0.93
60.095778,-0.0482,-0.6553,0.0200,0.66
60.144951,0.0253,-0.7163,-0.0939,0.72
60.195289,-0.3156,-1.2551,-0.0522,1.30
60.245998,-0.7713,-1.0964,0.3381,1.38
60.294737,-0.2005,-1.0009,0.0759,1.02
60.345046,-0.1402,-1.2852,-0.4826,1.38
60.394858,-0.1325,-0.9863,-0.3147,1.04
60.445038,-0.1695,-0.7982,-0.1315,0.83
60.495152,-0.1289,-0.8746,-0.1028,0.89
60.544722,-0.0817,-1.1146,-0.0413,1.12
60.594740,-0.4078,-0.8547,0.3297,1.00
60.645790,-0.4837,-0.7854,0.1646,0.94
60.697414,-0.3697,-1.1926,0.1560,1.26
60.745044,-0.1062,-1.6832,0.2565,1.71
60.795114,-0.0562,-1.0389,0.4510,1.13
60.845836,0.0004,-1.1205,-0.0031,1.12
60.903714,-0.4604,-0.9315,0.0152,1.04
60.946044,-0.3163,-0.7890,0.2464,0.88
61.003121,-0.1856,-0.5952,0.1065,0.63
61.052852,-0.2583,-0.5306,0.0560,0.59
61.102917,-0.3309,-0.5214,-0.0924,0.62
61.153743,-0.9494,-1.2227,-0.0932,1.55
61.203195,-0.1701,-1.2478,-0.0007,1.26
61.253396,-0.0173,-0.9287,0.3671,1.00
61.304042,-0.0046,-1.3197,-0.1895,1.33
61.354129,-0.3072,-1.1052,-0.2030,1.16
61.403709,-0.1381,-0.8965,-0.0571,0.91
61.453815,-0.2196,-0.9995,0.0675,1.03
61.502664,-0.2453,-1.0509,-0.0734,1.08
61.552642,-0.2407,-1.0191,-0.0186,1.05
61.603570,-0.2590,-0.8993,0.1306,0.94
61.652643,-0.3733,-0.8358,0.1027,0.92
61.703522,-0.4570,-0.6628,0.2405,0.84
61.753126,-0.5649,-0.8858,0.4004,1.12
61.803486,-0.1452,-1.6851,-0.0682,1.69
61.853075,0.2335,-1.9852,-0.4819,2.06
61.902870,0.2024,-1.0068,-0.1115,1.03
61.953951,-0.1328,-0.6987,0.2669,0.76
62.003131,-0.5101,-0.7091,0.4335,0.98
62.062508,-0.0220,-0.7462,-0.0647,0.75
62.103498,0.0206,-0.7468,-0.1278,0.76
62.162408,-0.4002,-0.8086,0.0246,0.90
62.211146,-0.7009,-0.8715,0.1428,1.13
62.264091,-0.6914,-0.6927,0.3189,1.03
62.311125,-0.0831,-0.5422,0.5354,0.77
62.362970,-0.3688,-2.2352,-0.2802,2.28
62.411707,0.0770,-0.9220,-0.3233,0.98
62.461517,-0.0844,-0.4795,-0.1935,0.52
62.511029,-0.2722,-1.5752,-0.2403,1.62
62.561952,-0.2243,-0.9626,-0.1992,1.01
62.611363,-0.2561,-0.7584,0.0602,0.80
62.662168,-0.0190,-1.1845,0.4755,1.28
62.711441,-0.3631,-0.8646,0.2617,0.97
62.761798,-0.2993,-1.0255,-0.2845,1.11
62.811138,-0.3442,-1.0788,-0.3822,1.20
62.861250,-0.3327,-1.0975,-0.1417,1.16
62.911070,-0.2544,-0.9520,-0.0730,0.99
62.960878,-0.4319,-0.7471,0.2564,0.90
63.010960,-0.5924,-0.6123,0.3802,0.93
63.062129,-0.2726,-0.6943,0.0131,0.75
63.111229,-0.0789,-1.4860,-0.0032,1.49
63.160804,-0.2082,-1.6264,0.8106,1.83
63.211153,-0.1112,-1.0805,0.2070,1.11
63.261255,-0.3843,-1.0170,0.2061,1.11
63.311006,-0.7171,-0.8214,0.2044,1.11
63.360906,-0.3219,-0.8169,-0.0245,0.88
63.410951,-0.2232,-0.7201,0.0660,0.76
63.469598,-0.4904,-0.6185,0.1971,0.81
63.511552,-0.9448,-0.6715,0.1804,1.17
63.569723,-0.6389,-0.6761,0.1648,0.94
63.611899,-0.2094,-1.6960,-0.1907,1.72
63.662114,0.1245,-0.7596,-0.1987,0.79
63.719530,0.0070,-1.0479,-0.1948,1.07
63.770051,-0.1983,-1.2216,-0.2359,1.26
63.819637,-0.3203,-1.0795,-0.0615,1.13
63.870370,-0.1278,-1.0077,0.1643,1.03
63.919669,-0.2797,-1.0964,0.2455,1.16
63.969597,-0.2364,-1.0032,-0.0599,1.03
64.019331,-0.2763,-1.0177,-0.1262,1.06
64.069132,-0.2580,-0.9844,-0.0562,1.02
64.119167,-0.2183,-0.9142,0.0733,0.94
64.170330,-0.3013,-0.9069,0.0430,0.96
64.219484,-0.4525,-0.7517,0.3221,0.93
64.269746,-0.5084,-0.9168,0.3680,1.11
64.318913,-0.4776,-1.1624,0.0255,1.26
64.370425,-0.0066,-1.5461,-0.3161,1.58
64.418955,0.1269,-1.3891,0.0609,1.40
64.469518,-0.1693,-0.9507,0.4682,1.07
64.519420,-0.1228,-0.8564,-0.0500,0.87
64.570119,-0.2279,-0.5772,-0.0728,0.62
64.618940,-0.2107,-0.8073,0.0106,0.83
64.669615,-0.2473,-0.8148,0.0454,0.85
64.719551,-0.4365,-0.7703,0.2177,0.91
64.768846,-0.5671,-0.5636,0.2070,0.83
64.820164,-0.0902,-0.4031,0.0234,0.41
64.870017,-0.2820,-2.3267,-0.3434,2.37
64.919212,0.0742,-0.8441,0.1141,0.86
64.969137,-0.0201,-1.4768,-0.1275,1.48
65.019466,-0.4184,-1.2178,-0.0567,1.29
65.070240,-0.1504,-0.9909,0.1720,1.02
65.119172,-0.1730,-0.9497,0.0511,0.97
65.169978,-0.2921,-0.8878,-0.0266,0.93
65.219319,-0.3130,-0.8990,-0.0615,0.95
65.270594,-0.2895,-0.9345,0.1054,0.98
65.319830,-0.3176,-0.9102,0.1472,0.98
65.369765,-0.3772,-0.7965,0.2039,0.90
65.419287,-0.5431,-0.7592,0.2423,0.96
65.469550,-0.3147,-1.2883,0.1769,1.34
65.519937,0.1074,-1.6734,-0.3846,1.72
65.570009,0.2158,-1.2564,0.0341,1.28
65.627704,-0.0967,-0.9599,0.3365,1.02
65.670217,-0.1533,-0.7849,0.0760,0.80
65.728491,-0.3015,-0.6834,0.0158,0.75
65.777775,-0.1215,-0.8561,0.0501,0.87
65.828096,-0.1969,-0.9157,0.1749,0.95
65.877995,-0.4598,-0.9500,0.3614,1.12
65.927455,-0.4582,-0.8035,0.2027,0.95
65.977253,-0.4571,-0.6737,0.1171,0.82
66.027400,-0.4234,-0.5996,0.0992,0.74
66.077524,-0.2995,-0.4966,-0.0461,0.58
66.127906,-0.2697,-2.5853,-0.2989,2.62
66.177487,0.0845,-0.8551,0.1497,0.87
66.227566,0.2185,-1.2832,-0.2578,1.33
66.277834,-0.1967,-1.3668,-0.2454,1.40
66.327949,-0.3542,-0.9549,0.3496,1.08
66.377299,-0.4265,-0.8134,0.2531,0.95
66.428141,-0.3821,-1.0227,0.0534,1.09
66.477389,-0.2916,-0.8717,-0.0934,0.92
66.528113,-0.3134,-0.9605,-0.0496,1.01
66.577892,-0.2949,-1.0807,-0.0657,1.12
66.627102,-0.2470,-1.0306,0.0096,1.06
66.677769,-0.4241,-0.8571,0.1612,0.97
66.727327,-0.5925,-0.8577,0.3901,1.11
66.777833,-0.3744,-1.4627,0.1340,1.52
66.827794,0.1309,-1.4289,-0.3846,1.49
66.878491,0.1794,-1.0861,-0.3024,1.14
66.927236,0.1021,-0.7296,-0.1284,0.75
66.978226,-0.3392,-0.8225,0.4040,0.98
67.027889,-0.2321,-0.8676,0.2325,0.93
67.078394,-0.0308,-0.8598,-0.0805,0.86
67.128070,-0.0842,-0.8548,0.2542,0.90
67.178285,-0.2583,-0.9090,0.3330,1.00
67.236250,-0.5003,-0.8263,0.3281,1.02
67.287129,-0.5591,-0.6900,0.1522,0.90
67.336204,-0.0673,-0.5767,-0.0134,0.58
67.379145,0.1054,-0.8709,0.3454,0.94
67.435997,-0.2349,-2.0224,0.2078,2.05
67.479237,0.0833,-0.6950,0.1379,0.71
67.535836,-0.0827,-1.1401,-0.2238,1.16
67.586951,-0.5627,-1.5274,-0.3263,1.66
67.635568,-0.5240,-0.8888,-0.0949,1.04
67.687029,-0.4438,-0.7804,-0.0858,0.90
67.735549,-0.1075,-0.7594,0.0433,0.77
67.786178,-0.4237,-0.7788,0.2036,0.91
67.836071,-0.6242,-0.8202,0.2188,1.05
67.885643,-0.5908,-0.7655,0.3916,1.04
67.935751,-0.4268,-1.5588,0.0770,1.62
67.985970,-0.4135,-1.2159,-0.1152,1.29
68.036532,-0.4722,-0.8130,0.1464,0.95
68.085467,-0.6429,-0.7940,0.4286,1.11
68.136278,-0.4413,-0.8083,0.0682,0.92
68.186461,-0.3316,-0.8092,-0.0797,0.88
68.236605,-0.4183,-0.5651,0.0419,0.70
68.286218,-0.5216,-0.7406,0.1259,0.91
68.335637,-0.6284,-0.5734,0.1494,0.86
68.386761,-0.1758,-0.5024,-0.0402,0.53
68.435549,0.2249,-0.3798,0.2212,0.49
68.486209,-0.1511,-3.0471,-0.1608,3.06
68.536072,-0.0111,-1.1594,0.5956,1.30
68.586481,-0.3023,-0.9473,-0.3173,1.04
68.635801,-0.6759,-1.1769,-0.2284,1.38
68.685458,-0.7757,-0.9628,0.2676,1.27
68.735680,-0.9553,-0.6138,0.6382,1.30
68.786784,-0.5936,-1.0378,0.4004,1.26
68.836551,-0.1391,-1.8712,-0.2287,1.89
68.885216,-0.0146,-1.6139,-0.7312,1.77
68.936743,0.1848,-0.6999,-0.3623,0.81
68.985843,0.1486,-0.1535,0.1286,0.25
69.036167,-0.2380,0.4873,1.0430,1.18
69.086185,-1.1172,-0.5858,0.0581,1.26
69.136958,-0.3701,-2.8196,-0.8843,2.98
69.193934,-0.3562,-0.9108,-0.0941,0.98
69.244272,0.0897,-1.2620,-0.4402,1.34
69.294915,0.0877,-0.7825,-0.3167,0.85
69.344010,0.1515,-0.7078,0.0233,0.72
69.393931,0.1182,-0.9549,1.2085,1.54
69.443886,-0.2135,-0.9599,-0.2186,1.01
69.494190,-0.5841,-0.9633,-0.0499,1.13
69.544008,-0.7287,-0.6344,0.1604,0.98
69.594244,-0.6465,-0.6253,0.0821,0.90
69.644245,-0.3226,-1.0784,0.1292,1.13
69.695153,0.0253,-2.3006,-0.1374,2.30
69.743677,-0.1290,-1.5069,0.8285,1.72
69.794191,0.0403,-0.8947,0.1941,0.92
69.843898,-0.1929,-0.6581,0.1046,0.69
69.894607,-0.5002,-0.6650,0.1509,0.85
69.943938,-0.3940,-0.6701,0.0210,0.78
69.994656,-0.2901,-0.8578,0.1491,0.92
70.043776,-0.4751,-0.7957,0.3172,0.98
70.094085,-0.6259,-0.8647,0.2293,1.09
70.143797,-0.6119,-0.7443,0.1242,0.97
70.193992,-0.2967,-0.5000,0.0944,0.59
70.244139,0.2379,-0.8786,0.5587,1.07
70.294895,-0.2825,-1.7558,-0.5862,1.87
70.344604,-0.2704,-0.8203,0.1144,0.87
70.395098,-0.1519,-1.2344,-0.1454,1.25
70.444602,-0.4399,-1.2714,-0.0938,1.35
70.493928,-0.1813,-0.9845,0.1947,1.02
70.552121,-0.1263,-0.9889,0.0532,1.00
70.602973,-0.2354,-0.9416,-0.0675,0.97
70.652614,-0.3094,-0.9071,-0.0708,0.96
70.703045,-0.3598,-0.9897,0.0220,1.05
70.745152,-0.3156,-1.0334,0.1231,1.09
70.803189,-0.2705,-0.9848,0.0676,1.02
70.852190,-0.3445,-0.8850,0.0617,0.95
70.903395,-0.4142,-0.6956,0.2368,0.84
70.952761,-0.6140,-1.0293,0.2861,1.23
71.002917,0.0808,-1.5727,-0.1043,1.58
71.052034,0.2924,-1.8126,0.0190,1.84
71.102209,-0.1369,-0.9672,0.4298,1.07
71.152326,-0.1072,-0.8062,0.0499,0.81
71.202490,-0.1764,-0.6061,-0.0574,0.63
71.251854,-0.1109,-0.6823,-0.0363,0.69
71.302484,-0.0812,-0.8430,0.1812,0.87
71.352283,-0.3047,-0.9218,0.3599,1.04
71.402100,-0.4834,-0.9304,0.3877,1.12
71.452043,-0.5109,-1.0140,0.2402,1.16
71.502268,-0.4514,-0.9212,0.1665,1.04
71.552143,-0.3318,-0.7736,0.1234,0.85
71.603736,-0.2259,-0.5173,0.1485,0.58
71.651960,-0.3623,-1.3243,0.1637,1.38
71.702900,-0.1001,-1.0981,-0.1876,1.12
71.752590,0.0064,-0.4429,-0.0184,0.44
71.803683,-0.2293,-1.7508,-0.2585,1.78
71.851990,-0.2107,-1.1580,-0.1328,1.18
71.903597,-0.1381,-0.7069,-0.0464,0.72
71.954029,-0.1625,-1.0121,-0.0828,1.03
72.002968,-0.1671,-0.9172,0.4917,1.05
72.052199,-0.2536,-1.0068,0.0126,1.04
72.102323,-0.3503,-1.0367,-0.1362,1.10
72.152897,-0.4626,-0.9406,-0.0668,1.05
72.202650,-0.4999,-0.7319,0.2310,0.92
72.261334,-0.4495,-0.5278,0.7359,1.01
72.303139,-0.2324,-1.0198,-0.0493,1.05
72.354432,-0.2637,-2.3470,-0.6175,2.44
72.410952,-0.1085,-0.9776,-0.1442,0.99
72.460295,-0.7712,-0.7966,0.6387,1.28
72.511665,-0.2926,-0.7667,0.2993,0.87
72.560931,0.0544,-0.7767,-0.2783,0.83
72.610500,0.0803,-0.7044,-0.3446,0.79
72.661115,-0.4002,-1.0140,-0.1750,1.10
72.710476,-0.8539,-0.8971,0.3229,1.28
72.760777,-0.4858,-0.6086,0.3318,0.85
72.810759,-0.0969,-1.3004,0.0098,1.30
72.860297,0.0397,-1.0994,-0.2465,1.13
72.910656,-0.2641,-0.7749,-0.0195,0.82
72.960162,-0.4796,-1.4104,-0.2812,1.52
73.011403,-0.2691,-1.0490,-0.1663,1.10
73.060200,-0.1708,-1.0940,-0.0228,1.11
73.111444,-0.1255,-1.0339,0.0739,1.04
73.160276,-0.1098,-1.0305,0.0331,1.04
73.210626,-0.2871,-0.8500,0.0824,0.90
73.261238,-0.3316,-0.7117,0.0574,0.79
73.311354,-0.3703,-0.5944,0.1060,0.71
73.360156,-0.5471,-0.5903,0.3583,0.88
73.411149,-0.3354,-1.4909,0.0289,1.53
73.460153,0.0607,-1.8823,-0.4046,1.93
73.511248,-0.1459,-0.8218,-0.0719,0.84
73.560159,-0.6269,-0.9068,0.1886,1.12
73.610666,-0.4468,-0.9231,0.3709,1.09
73.660473,0.0299,-0.7675,-0.0214,0.77
73.711037,0.0367,-0.8236,-0.2914,0.87
73.761158,-0.3972,-0.8624,-0.0917,0.95
73.811939,-0.6422,-0.7628,0.2141,1.02
73.870769,-0.5214,-1.5335,0.1754,1.63
73.911576,0.0798,-1.0079,-0.1145,1.02
73.963375,-0.1293,-0.7666,-0.0662,0.78
74.018437,-0.3463,-1.1903,-0.3492,1.29
74.070112,-0.3768,-1.0202,-0.1602,1.10
74.118478,-0.1706,-0.8452,-0.1137,0.87
74.168965,-0.1464,-1.0236,-0.0262,1.03
74.218482,-0.0747,-1.0536,0.1699,1.07
74.269710,-0.2222,-0.9983,0.1695,1.04
74.318306,-0.3319,-0.9562,-0.1298,1.02
74.369196,-0.2941,-0.8679,-0.0792,0.92
74.418839,-0.3214,-0.7830,0.0917,0.85
74.468516,-0.4981,-0.7881,0.3220,0.99
74.519150,-0.2393,-1.3350,0.3124,1.39
74.568559,0.1124,-1.7798,-0.2915,1.81
74.618801,-0.0241,-0.9228,0.0032,0.92
74.669212,-0.5379,-0.9153,0.1781,1.08
74.720267,-0.5149,-0.8556,0.1854,1.02
74.768497,-0.2889,-0.6862,0.0939,0.75
74.818158,-0.1401,-0.8375,0.0090,0.85
74.868239,-0.3149,-0.8528,0.0334,0.91
74.918425,-0.5962,-0.8344,0.1858,1.04
74.969755,-0.5409,-0.6979,0.1260,0.89
75.018781,-0.0331,-0.7224,0.3446,0.80
75.068678,-0.3255,-1.8015,-0.0952,1.83
75.118400,-0.1921,-1.0471,-0.0686,1.07
75.168518,-0.1780,-0.4868,0.0286,0.52
75.219556,-0.3197,-0.9908,-0.2601,1.07
75.269184,-0.2385,-1.1452,-0.4603,1.26
75.318994,-0.1153,-0.8006,-0.0731,0.81
75.369402,-0.1600,-1.1145,0.0537,1.13
75.420227,-0.3220,-0.9817,0.4687,1.13
75.471640,-0.1897,-1.0119,-0.2060,1.05
75.520053,-0.2008,-1.0209,-0.1939,1.06
75.576657,-0.2752,-0.9522,0.1405,1.00
75.627222,-0.3786,-0.9121,0.1413,1.00
75.676903,-0.4566,-1.0604,0.1199,1.16
75.726893,-0.4890,-1.1072,0.4214,1.28
75.777313,-0.0528,-1.3692,-0.0663,1.37
75.826765,0.0049,-1.0276,0.1048,1.03
75.878519,-0.0935,-0.8833,0.1292,0.90
75.926908,-0.2348,-0.8471,0.0106,0.88
75.977157,-0.4058,-0.8658,0.0969,0.96
76.028232,-0.3454,-0.8697,0.2559,0.97
76.078493,-0.1921,-0.8540,0.2202,0.90
76.127250,-0.2495,-0.9386,0.1773,0.99
76.178016,-0.4014,-0.8643,0.1165,0.96
76.227737,-0.5724,-0.7344,0.0773,0.93
76.276647,-0.1668,-0.6017,0.0134,0.62
76.327989,0.2365,-0.8323,0.6389,1.08
76.377175,-0.1309,-2.1734,-0.2346,2.19
76.427425,-0.1632,-0.6950,0.0461,0.72
76.477046,-0.3386,-0.6003,-0.1055,0.70
76.526679,-0.3129,-1.5502,-0.5883,1.69
76.577365,-0.2704,-0.9542,-0.1287,1.00
76.626969,-0.1816,-0.8499,0.0593,0.87
76.677366,-0.1489,-1.2034,-0.0408,1.21
76.726636,-0.0645,-1.2006,0.5604,1.33
76.776727,-0.3814,-1.1778,0.1194,1.24
76.826336,-0.3114,-1.0106,-0.1333,1.07
76.877870,-0.2523,-0.9126,0.0179,0.95
76.927742,-0.3234,-0.6766,0.2201,0.78
76.977596,-0.4485,-0.3604,0.2437,0.62
77.026601,-0.1765,-0.8093,0.0552,0.83
77.077046,-0.0613,-1.5195,-0.1417,1.53
77.127853,-0.3316,-1.1791,0.4281,1.30
77.177756,-0.3343,-0.9521,0.6810,1.22
77.235352,-0.0808,-1.0054,-0.1734,1.02
77.285285,-0.2778,-0.8709,0.1487,0.93
77.335670,-0.3243,-0.8722,0.2122,0.95
77.385153,-0.4389,-0.8106,0.1292,0.93
77.435095,-0.5783,-0.6778,0.1405,0.90
77.485206,-0.4078,-0.6143,0.1221,0.75
77.529143,-0.2719,-0.7966,0.3443,0.91
77.585394,-0.1789,-1.5663,0.2639,1.60
77.635532,-0.1352,-0.8905,0.5532,1.06
77.685728,-0.0591,-1.0692,-0.2950,1.11
77.735008,-0.2314,-0.9673,-0.2982,1.04
77.785276,-0.2389,-0.9712,-0.1676,1.01
77.835356,-0.1963,-0.9374,-0.0642,0.96
77.885247,-0.1667,-1.0561,0.0027,1.07
77.935789,-0.2732,-1.0496,0.2629,1.12
77.986240,-0.3363,-1.0053,0.1197,1.07
78.035584,-0.3145,-1.0201,-0.0417,1.07
78.085221,-0.2729,-0.9950,-0.2134,1.05
78.135404,-0.2095,-0.8694,-0.1176,0.90
78.184958,-0.2281,-0.7881,0.0915,0.83
78.237213,-0.4357,-0.9360,0.2100,1.05
78.285066,-0.3709,-0.9134,0.1916,1.00
78.335409,-0.1983,-1.0467,-0.1218,1.07
78.386263,-0.1312,-1.5903,0.4748,1.66
78.435003,-0.3046,-0.8874,0.4591,1.04
78.485660,-0.2042,-0.8216,0.0325,0.85
78.535415,-0.2200,-0.8579,-0.0181,0.89
78.585996,-0.2915,-0.8459,0.0438,0.90
78.635602,-0.2862,-0.9247,0.1664,0.98
78.684947,-0.3848,-0.8612,0.3849,1.02
78.735497,-0.7142,-0.8348,0.3868,1.16
78.786464,-0.4729,-0.6181,-0.0369,0.78
78.835471,-0.1435,-0.3745,-0.0759,0.41
78.886524,-0.4633,-2.1698,-0.1192,2.22
78.935897,-0.1562,-0.8438,0.0635,0.86
78.987066,-0.0996,-0.6895,-0.0416,0.70
79.036085,-0.1405,-1.3477,-0.6098,1.49
79.085402,-0.1329,-1.0867,-0.4591,1.19
79.135099,-0.2102,-0.9504,0.0908,0.98
79.185506,-0.1588,-1.1837,-0.0832,1.20
79.235149,-0.4192,-0.9773,0.7523,1.30
79.286441,-0.2537,-1.0284,-0.0895,1.06
79.335880,-0.2348,-0.9923,-0.2043,1.04
79.393636,-0.3019,-0.9768,-0.1306,1.03
79.436066,-0.3662,-0.9213,0.0672,0.99
79.493762,-0.4187,-0.7956,0.2313,0.93
79.544324,-0.3688,-0.9855,0.1732,1.07
79.594066,-0.2324,-0.9862,0.1119,1.02
79.644068,-0.1533,-1.1369,-0.0756,1.15
79.693841,0.0418,-1.5348,0.2132,1.55
79.743810,-0.1313,-0.8859,0.2522,0.93
79.793230,-0.1912,-0.8736,0.0884,0.90
79.843051,-0.2407,-0.8487,0.0955,0.89
79.893557,-0.1369,-0.8890,0.0624,0.90
79.943964,-0.1941,-0.9500,0.1275,0.98
79.993846,-0.3811,-0.9304,0.2407,1.03
80.044820,-0.5439,-0.8420,0.2291,1.03
80.093849,-0.4471,-0.6204,0.0516,0.77
80.143356,-0.1924,-0.4931,-0.0618,0.53
80.194120,-0.3962,-1.4691,0.0450,1.52
80.243261,-0.1527,-0.9897,0.3462,1.06
80.294235,0.0157,-1.0681,-0.0802,1.07
80.343297,-0.2034,-1.4786,-0.3691,1.54
80.393778,-0.2681,-1.0384,-0.2243,1.10
80.443768,-0.0486,-0.9737,0.0007,0.97
80.493231,-0.2636,-1.0569,0.4117,1.16
80.544244,-0.3427,-0.9902,0.0559,1.05
80.593897,-0.2793,-0.9198,-0.1731,0.98
80.642874,-0.2541,-0.8516,-0.1290,0.90
80.694072,-0.1449,-0.8415,0.0192,0.85
80.743114,-0.2758,-0.7420,0.1309,0.80
80.793906,-0.5574,-0.6863,0.2713,0.92
80.843768,-0.5163,-1.1205,0.4693,1.32
80.893600,0.1723,-1.5177,-0.1842,1.54
80.944088,0.1152,-1.4975,0.2798,1.53
80.993336,-0.2177,-0.9533,0.2292,1.00
81.043371,-0.2483,-0.7503,0.0325,0.79
81.093961,-0.3665,-0.7686,0.1265,0.86
81.143619,-0.1724,-0.7785,0.1120,0.81
81.194666,-0.1831,-0.9154,0.0805,0.94
81.251351,-0.4308,-0.9269,0.1676,1.04
81.295314,-0.7228,-0.7850,0.2948,1.11
81.352680,-0.4552,-0.4884,0.1986,0.70
81.394772,-0.1254,-0.4429,-0.0414,0.46
81.451581,-0.4190,-1.9489,-0.1225,2.00
81.497952,0.0145,-1.0583,-0.2285,1.08
81.551400,-0.1597,-1.1595,0.0862,1.17
81.597349,-0.0803,-1.5819,-0.4330,1.64
81.651815,-0.2013,-0.9709,-0.1556,1.00
81.702260,0.0210,-0.9671,0.1267,0.98
81.751516,-0.3521,-0.9706,0.3695,1.10
81.797341,-0.4132,-0.9674,0.0441,1.05
81.851718,-0.3092,-0.8656,-0.0867,0.92
81.903468,-0.2411,-0.9466,-0.1373,0.99
81.951736,-0.1954,-0.8303,0.0383,0.85
82.001346,-0.2509,-0.7252,0.3531,0.84
82.051627,-0.5315,-1.1790,0.1796,1.31
82.102150,-0.0544,-1.2863,-0.0722,1.29
82.152159,0.0887,-1.6736,-0.0336,1.68
82.201806,-0.2089,-0.9599,0.5541,1.13
82.251683,-0.1690,-0.8414,0.1146,0.87
82.298787,-0.1843,-0.6576,-0.0314,0.68
82.351612,-0.1930,-0.7520,-0.0056,0.78
82.401760,-0.1127,-0.9173,0.0844,0.93
82.451109,-0.3409,-0.9392,0.2302,1.03
82.501853,-0.4263,-0.9081,0.2610,1.04
82.551666,-0.4181,-0.8389,0.0828,0.94
82.601895,-0.3932,-0.7001,0.0004,0.80
82.651824,-0.0179,-0.4617,0.0540,0.47
82.702628,-0.5632,-1.5854,0.2865,1.71
82.752066,-0.1417,-1.2401,-0.1019,1.25
82.801880,-0.1764,-0.7155,0.1586,0.75
82.852439,-0.2076,-1.4436,-0.3547,1.50
82.902925,-0.2217,-1.0160,-0.2945,1.08
82.951789,-0.1684,-0.8261,-0.0492,0.84
83.010188,-0.0241,-1.2014,0.0880,1.20
83.052023,-0.4616,-1.0331,0.6580,1.31
83.109951,-0.3673,-1.0857,0.0054,1.15
83.152923,-0.3186,-1.0168,-0.2314,1.09
83.210232,-0.2829,-0.9486,-0.2376,1.02
83.260050,-0.1948,-0.8705,-0.0745,0.90
83.309912,-0.1225,-0.6961,0.2455,0.75
83.354135,-0.2689,-0.5754,0.1810,0.66
83.409532,-0.4792,-0.9172,0.1117,1.04
83.459607,0.0380,-1.6080,-0.1287,1.61
83.510102,0.0053,-1.4522,0.6323,1.58
83.559599,-0.1348,-1.1374,0.2918,1.18
83.606118,-0.1056,-0.8903,0.0846,0.90
83.659700,-0.2580,-0.7625,0.0968,0.81
83.709922,-0.3106,-0.7816,0.0425,0.84
83.760716,-0.3551,-0.9241,0.1390,1.00
83.810091,-0.3852,-0.8574,0.3196,0.99
83.859583,-0.3492,-0.8548,0.1311,0.93
83.911734,-0.2906,-0.7920,0.0885,0.85
83.959783,-0.2260,-0.7439,0.1273,0.79
84.009713,-0.1889,-0.6511,0.0047,0.68
84.059877,-0.7237,-1.7707,-0.1724,1.92
84.110979,-0.1641,-0.6623,0.4502,0.82
84.159737,-0.0690,-0.9059,-0.0937,0.91
84.209433,-0.5048,-1.3012,-0.3076,1.43
84.260249,-0.1720,-1.0384,-0.1606,1.06
84.310813,-0.0911,-1.0875,0.1890,1.11
84.360107,-0.3424,-1.1202,0.1663,1.18
84.409961,-0.3030,-0.9894,-0.0082,1.03
84.459293,-0.2228,-0.9908,-0.0569,1.02
84.509619,-0.2436,-0.9544,-0.0622,0.99
84.559161,-0.2299,-0.8869,-0.0729,0.92
84.609401,-0.2174,-0.8230,0.0031,0.85
84.659696,-0.2850,-0.7557,0.1365,0.82
84.709575,-0.3669,-0.8056,0.2654,0.92
84.759717,-0.3524,-1.3113,0.3389,1.40
84.810317,0.0452,-1.3935,-0.1022,1.40
84.867645,0.1155,-1.2573,0.1684,1.27
84.918315,-0.2352,-0.8982,0.2030,0.95
84.968033,-0.2757,-0.7374,0.0455,0.79
85.019041,-0.3255,-0.6951,0.1307,0.78
85.067907,-0.2356,-0.8166,0.1118,0.86
85.118317,-0.3507,-0.8645,0.2028,0.95
85.167813,-0.4510,-0.8570,0.2615,1.00
85.218007,-0.5308,-0.8396,0.2483,1.02
85.267503,-0.4724,-0.7973,0.1978,0.95
85.319320,-0.2716,-0.6535,0.1123,0.72
85.368136,-0.2520,-1.1928,0.1906,1.23
85.419230,-0.4171,-1.2455,0.1373,1.32
85.468068,-0.0368,-0.6406,0.1660,0.66
85.514153,-0.1376,-1.1188,-0.1422,1.14
85.567756,-0.4415,-1.2241,-0.2350,1.32
85.618985,-0.1790,-0.7712,-0.1012,0.80
85.667909,-0.0982,-0.8631,-0.1035,0.87
85.720993,-0.2415,-1.1165,0.0345,1.14
85.767766,-0.2304,-0.8614,0.1121,0.90
85.817674,-0.2628,-1.0242,0.0499,1.06
85.867649,-0.3130,-1.0732,-0.1088,1.12
85.917951,-0.2662,-1.0406,-0.1712,1.09
85.967588,-0.2288,-0.9524,-0.1265,0.99
86.018901,-0.2014,-0.8503,-0.0408,0.87
86.068334,-0.2226,-0.6981,0.2061,0.76
86.119265,-0.5465,-0.9634,0.2826,1.14
86.167538,-0.1845,-1.1340,0.2285,1.17
86.219663,0.0872,-1.6937,-0.2195,1.71
86.267507,-0.0241,-1.0946,0.5115,1.21
86.318029,-0.1945,-1.0248,0.0969,1.05
86.368008,-0.3321,-0.7764,0.0424,0.85
86.418723,-0.3517,-0.6390,0.0332,0.73
86.476333,-0.1139,-0.7663,0.1135,0.78
86.518113,-0.2837,-0.8061,0.1611,0.87
86.576257,-0.5571,-0.8951,0.1356,1.06
86.618587,-0.6904,-0.8204,0.0968,1.08
86.676212,-0.4212,-0.5811,0.1101,0.73
86.726234,-0.2072,-0.9736,0.2150,1.02
86.775595,-0.1610,-1.5064,0.1024,1.52
86.827986,0.0168,-0.9374,0.1317,0.95
86.875632,-0.0796,-1.2615,-0.3015,1.30
86.924219,-0.3422,-1.1622,-0.3134,1.25
86.975583,-0.1510,-0.8490,-0.1058,0.87
87.026624,-0.0863,-0.9695,0.3331,1.03
87.076912,-0.3288,-1.0246,0.1080,1.08
87.126565,-0.3139,-0.8820,-0.1077,0.94
87.176730,-0.3315,-1.0044,-0.1378,1.07
87.226003,-0.2734,-1.0801,-0.0480,1.12
87.277080,-0.1986,-0.9840,0.0419,1.00
87.326809,-0.1863,-0.8632,0.0173,0.88
87.377061,-0.2561,-0.6870,0.0333,0.73
87.422655,-0.4440,-0.9186,0.1520,1.03
87.476169,-0.0580,-1.1936,0.1975,1.21
87.526472,0.0857,-1.5712,-0.1691,1.58
87.575608,0.1096,-1.1802,0.4399,1.26
87.627071,-0.1967,-1.0448,0.0953,1.07
87.675850,-0.3614,-0.8487,0.0935,0.93
87.726603,-0.4128,-0.7156,0.1021,0.83
87.775935,-0.2274,-0.7203,0.0197,0.76
87.826797,-0.1411,-0.7818,0.0644,0.80
87.876830,-0.4290,-0.7832,0.1855,0.91
87.926440,-0.9109,-0.8130,0.1610,1.23
87.976189,-0.3836,-0.4238,0.0482,0.57
88.026897,-0.2281,-1.8707,-0.1928,1.89
88.076767,0.1289,-0.8044,0.0040,0.81
88.125909,0.0151,-1.0799,-0.2164,1.10
88.177592,-0.3695,-1.5317,-0.3872,1.62
88.226627,-0.2727,-0.9626,-0.1083,1.01
88.275967,0.0574,-1.1198,0.3872,1.19
88.326862,-0.1102,-1.0902,0.2669,1.13
88.377077,-0.2922,-0.9253,-0.0385,0.97
88.428040,-0.3280,-0.8338,-0.1179,0.90
88.477773,-0.2885,-0.8275,-0.0575,0.88
88.534834,-0.3466,-0.7434,0.1088,0.83
88.584340,-0.6741,-0.6034,0.4713,1.02
88.634413,-0.5229,-1.2382,0.5623,1.46
88.684126,0.1334,-1.8303,-0.2989,1.86
88.734484,0.2123,-1.4039,-0.0814,1.42
88.784639,-0.2700,-0.9634,0.2727,1.04
88.834016,-0.4016,-0.9160,0.1748,1.02
88.884324,-0.4092,-0.6763,0.1336,0.80
88.930028,-0.0832,-0.6691,-0.0126,0.67
88.985467,-0.1476,-0.6230,0.0208,0.64
89.034444,-0.4671,-0.7221,0.1933,0.88
89.085131,-0.4881,-0.5399,0.5449,0.91
89.131581,-0.7056,-1.9660,-0.1381,2.09
89.184277,0.0126,-0.8398,-0.0922,0.84
89.234920,-0.2365,-0.9171,-0.0834,0.95
89.284067,-0.3073,-1.2942,-0.4416,1.40
89.335780,-0.3253,-1.0473,-0.1336,1.10
89.383903,-0.2492,-0.8650,-0.0320,0.90
89.434817,-0.2089,-0.9512,-0.0575,0.98
89.484129,-0.1643,-0.9504,0.1531,0.98
89.536266,-0.2781,-0.8942,0.1408,0.95
89.584311,-0.3736,-0.9876,-0.1522,1.07
89.634984,-0.3275,-0.9342,-0.1881,1.01
89.684691,-0.2548,-0.8867,-0.0571,0.92
89.734326,-0.5623,-1.0650,0.5727,1.33
89.784237,-0.4165,-0.7534,0.4697,0.98
89.834370,-0.2366,-1.1067,-0.3034,1.17
89.885442,-0.3050,-1.5524,1.1249,1.94
89.935230,-0.5013,-0.8127,0.3496,1.02
89.983835,-0.3976,-1.0342,0.0668,1.11
90.035736,-0.4521,-0.7999,0.3140,0.97
90.084466,-0.2844,-0.6448,0.1152,0.71
90.134616,-0.4397,-0.8507,0.2094,0.98
90.185027,-0.4654,-0.5898,0.3208,0.82
90.243300,-0.1570,-0.4205,0.0574,0.45
90.285974,-0.1445,-1.1912,-0.1124,1.21
90.342250,-0.0417,-1.9116,-0.1134,1.92
90.392675,-0.0693,-0.5799,0.0880,0.59
90.442870,-0.2019,-1.0644,-0.2556,1.11
90.486551,-0.4985,-1.0574,-0.2268,1.19
90.542201,-0.9876,-0.3595,1.2593,1.64
90.592237,-0.2228,-0.9638,0.1223,1.00
90.641175,-0.2920,-1.9277,-0.8419,2.12
90.692005,-0.3717,-0.3475,-0.1742,0.54
90.737792,-0.3811,-0.5187,0.1638,0.66
90.792639,-0.5075,-0.2188,0.4288,0.70
90.843578,-1.0516,-0.1586,0.3481,1.12
90.892451,0.4419,-3.8882,-0.9156,4.02
90.943457,0.0079,-0.6341,0.2644,0.69
90.992223,0.4567,-1.0534,-0.8697,1.44
91.043436,-0.1633,-1.2174,-0.0834,1.23
91.092544,-0.7876,-0.9127,0.4853,1.30
91.142319,-0.3017,-1.0367,-0.0114,1.08
91.192558,-0.2447,-0.9291,-0.0645,0.96
91.242375,-0.2906,-0.9460,-0.0021,0.99
91.293194,-0.2477,-0.9982,-0.0068,1.03
91.342170,-0.1644,-0.9680,-0.0455,0.98
91.392312,-0.1447,-0.9254,-0.0339,0.94
91.444640,-0.3650,-0.7984,-0.0658,0.88
91.491854,-0.6325,-0.6975,0.2458,0.97
91.542899,-0.5088,-1.3117,0.6937,1.57
91.591852,0.0722,-1.5592,-0.2999,1.59
91.644478,0.2008,-1.5351,-0.1660,1.56
91.692589,-0.0136,-0.8954,0.2805,0.94
91.750797,-0.1474,-0.8980,0.2920,0.96
91.792547,-0.0944,-0.8562,-0.0512,0.86
91.843486,-0.1769,-0.8119,0.0045,0.83
91.893339,-0.3099,-0.8726,0.0923,0.93
91.950929,-0.3751,-0.7937,0.1522,0.89
92.000728,-0.4407,-0.6256,0.0336,0.77
92.051225,-0.2708,-0.4185,0.0526,0.50
92.101169,0.0309,-0.7188,0.6749,0.99
92.151180,-0.3546,-3.0185,-0.7350,3.13
92.200704,-0.1087,-0.6795,0.1165,0.70
92.247142,0.1596,-0.9859,-0.0147,1.00
92.300414,-0.1365,-1.0719,-0.1463,1.09
92.346823,-0.3061,-0.9650,-0.0194,1.01
92.400428,-0.3272,-0.8774,0.1936,0.96
92.451448,-0.2460,-0.9535,-0.0593,0.99
92.500654,-0.1522,-0.9712,-0.2660,1.02
92.550776,-0.2919,-1.0423,0.0306,1.08
92.601399,-0.3059,-0.9547,0.1212,1.01
92.650371,-0.2754,-0.9978,-0.0983,1.04
92.701225,-0.3295,-0.9626,-0.0425,1.02
92.748073,-0.4103,-0.8677,0.1691,0.97
92.800505,-0.6384,-0.8005,0.4515,1.12
92.851115,-0.5312,-1.0549,0.3530,1.23
92.900501,-0.0413,-1.4890,-0.2205,1.51
92.952889,0.1214,-1.5302,-0.3262,1.57
93.001300,-0.2119,-0.7664,0.2937,0.85
93.052094,-0.4375,-0.9536,0.2187,1.07
93.100899,-0.4856,-0.7772,0.1680,0.93
93.151026,-0.3008,-0.7576,-0.0343,0.82
93.200671,-0.1909,-0.8960,0.0244,0.92
93.258447,-0.4369,-0.8731,0.3503,1.04
93.301310,-0.4939,-0.8281,0.3252,1.02
93.358790,-0.2952,-0.7052,0.1436,0.78
93.401657,-0.1153,-0.5250,0.1387,0.56
93.458668,-0.0185,-0.7482,0.2324,0.78
93.508709,-0.4832,-2.1695,-0.4540,2.27
93.558633,-0.3557,-0.5022,0.0666,0.62
93.609266,-0.3020,-0.9010,-0.1082,0.96
93.659347,-0.1631,-1.3772,-0.3823,1.44
93.709064,-0.2947,-0.9115,-0.0536,0.96
93.759853,-0.1508,-0.7968,-0.1606,0.83
93.809593,-0.0529,-1.1141,-0.2825,1.15
93.858804,-0.0750,-1.0186,-0.0890,1.03
93.908898,-0.2320,-1.1486,0.0383,1.17
93.958697,-0.4118,-1.0718,-0.0062,1.15
94.009184,-0.5288,-0.8897,0.1646,1.05
94.059107,-0.4673,-0.8683,0.1033,0.99
94.109471,-0.3550,-0.9868,0.3869,1.12
94.158747,-0.3936,-0.7559,0.2347,0.88
94.208896,-0.2883,-0.9037,-0.1130,0.96
94.260108,-0.1606,-1.9187,0.3217,1.95
94.308437,-0.4707,-0.9836,0.6260,1.26
94.359965,-0.3092,-1.0667,-0.0590,1.11
94.409485,-0.3327,-0.8886,0.0486,0.95
94.459033,-0.0378,-0.7958,0.0344,0.80
94.517339,-0.3953,-0.8438,0.1869,0.95
94.559623,-0.7681,-0.7808,0.1998,1.11
94.609526,-0.5328,-0.6464,-0.0463,0.84
94.666949,-0.2115,-0.5156,-0.2152,0.60
94.710077,-0.0834,-0.5401,-0.1753,0.57
94.766864,-0.4798,-1.7594,0.0375,1.82
94.817404,-0.0294,-1.0620,0.8678,1.37
94.861644,0.0358,-0.8855,-0.3669,0.96
94.916878,-0.7637,-1.1328,-0.5093,1.46
94.967779,-0.4640,-0.9991,0.4753,1.20
95.016750,-0.1651,-1.0056,0.2436,1.05
95.066843,-0.3284,-0.9475,-0.1829,1.02
95.116943,-0.3411,-0.8231,-0.1964,0.91
95.166965,-0.3603,-0.8912,-0.1082,0.97
95.216683,-0.3144,-1.0398,-0.0052,1.09
95.266824,-0.2357,-1.0541,0.0418,1.08
95.317208,-0.2137,-0.9709,-0.0338,0.99
95.367934,-0.1943,-0.8783,-0.0746,0.90
95.416521,-0.2968,-0.7302,0.1083,0.80
95.468117,-0.6523,-0.9515,0.4164,1.23
95.517583,-0.1633,-1.2783,-0.0916,1.29
95.567723,0.0859,-1.8115,-0.3250,1.84
95.617466,0.0773,-1.0071,-0.0199,1.01
95.667911,-0.2826,-0.9120,0.3040,1.00
95.717806,-0.2675,-0.8929,0.2428,0.96
95.768168,-0.0583,-0.7670,-0.1251,0.78
95.817699,-0.0759,-0.7853,-0.0463,0.79
95.866828,-0.3553,-0.9140,0.2356,1.01
95.925738,-0.5351,-0.9542,0.1789,1.11
95.967935,-0.5093,-0.8881,0.1662,1.04
96.025186,-0.4212,-0.8161,0.0990,0.92
96.068507,-0.3282,-0.7072,0.0486,0.78
96.124756,-0.0355,-0.3904,0.0171,0.39
96.175167,-0.3562,-1.6978,0.0281,1.74
96.225374,-0.1351,-1.0253,-0.3202,1.08
96.276144,-0.0175,-0.6062,-0.1278,0.62
96.325381,-0.2551,-1.9293,-0.3606,1.98
96.374800,-0.3690,-0.9938,0.0380,1.06
96.426268,-0.1499,-0.7634,0.0132,0.78
96.475379,-0.3925,-0.8747,0.4097,1.04
96.525814,-0.2478,-0.9736,-0.0404,1.01
96.575007,-0.3027,-0.8237,-0.0630,0.88
96.625771,-0.2832,-0.9438,-0.0961,0.99
96.674850,-0.2516,-0.9378,-0.0017,0.97
96.725361,-0.5333,-0.9076,0.2845,1.09
96.775733,-0.9196,-1.0735,0.4380,1.48
96.825473,-0.3963,-1.2268,-0.0688,1.29
96.875972,-0.1795,-1.6364,-0.4389,1.70
96.925102,-0.0619,-1.0867,-0.3000,1.13
96.975340,-0.1291,-0.9254,-0.2977,0.98
97.025236,-0.4774,-0.9100,0.2044,1.05
97.075383,-0.2132,-0.8477,-0.0175,0.87
97.124870,-0.0062,-0.8000,-0.4389,0.91
97.176039,-0.2811,-1.0244,-0.0722,1.06
97.226361,-0.5301,-1.0130,0.3659,1.20
97.275801,-0.3004,-0.7608,-0.0007,0.82
97.325858,-0.1040,-0.6794,-0.0957,0.69
97.382957,0.0077,-0.8237,-0.1756,0.84
97.433167,-0.0283,-2.0420,-0.2062,2.05
97.483159,-0.2664,-0.7987,0.0267,0.84
97.533566,-0.6810,-0.8899,0.0775,1.12
97.583175,-0.4998,-1.1729,-0.6556,1.43
97.633817,-0.3736,-0.9143,-0.1621,1.00
97.683152,-0.1464,-0.8801,-0.1098,0.90
97.733937,-0.0115,-1.0661,-0.1248,1.07
97.783461,0.1978,-1.0914,0.1187,1.12
97.833555,-0.2544,-1.0212,-0.0183,1.05
97.883042,-0.3291,-0.9541,-0.3487,1.07
97.933225,-0.3818,-0.8797,-0.1049,0.96
97.983085,-0.3003,-0.9397,0.2003,1.01
98.033470,-0.3102,-0.9127,0.1687,0.98
98.084087,-0.4200,-1.2190,0.0379,1.29
98.133238,-0.0635,-1.1816,0.2136,1.20
98.183331,0.1873,-1.3597,0.0528,1.37
98.234000,-0.0512,-0.9775,0.1241,0.99
98.282976,-0.3318,-0.8531,0.1976,0.94
98.333613,-0.1773,-0.8361,0.0438,0.86
98.384233,-0.2052,-0.7857,0.1912,0.83
98.433230,-0.1914,-0.8297,0.2959,0.90
98.483378,-0.3111,-0.8925,0.2849,0.99
98.533931,-0.3861,-0.9690,0.2468,1.07
98.583177,-0.3317,-0.9149,0.1715,0.99
98.633065,-0.2053,-0.8184,0.0681,0.85
98.683812,-0.1298,-0.6433,0.0214,0.66
98.733219,-0.1209,-0.4632,0.0160,0.48
98.784224,-0.0142,-0.4105,-0.0736,0.42
98.833834,-0.6808,-1.9805,-0.0507,2.09
98.883938,-0.5354,-1.4743,0.0712,1.57
98.933717,-0.0390,-0.6032,0.4579,0.76
98.982931,-0.0232,-1.4391,-0.4976,1.52
99.034048,-0.2183,-1.0135,-0.3018,1.08
99.082981,-0.1901,-0.9984,0.2912,1.06
99.134258,-0.4843,-0.9637,0.2041,1.10
99.182995,-0.3402,-1.0077,-0.1560,1.07
99.233788,-0.2949,-0.9732,0.0529,1.02
99.292212,-0.3382,-0.9766,-0.0748,1.04
99.333618,-0.2738,-1.0032,-0.1734,1.05
99.391999,-0.2550,-0.9958,-0.0093,1.03
99.434203,-0.3693,-0.8411,0.1086,0.92
99.491781,-0.5053,-0.9468,0.1269,1.08
99.535104,-0.3549,-0.9996,0.1157,1.07
99.591170,-0.2031,-1.0517,-0.1068,1.08
99.641859,-0.0054,-1.3374,0.1118,1.34
99.691482,-0.0277,-1.0945,0.2954,1.13
99.741294,-0.1895,-0.9499,0.0524,0.97
99.791322,-0.2341,-0.8842,0.0987,0.92
99.841960,-0.2621,-0.8626,0.0445,0.90
99.891615,-0.3547,-0.8488,0.1755,0.94
99.941485,-0.4360,-0.8322,0.2257,0.97
99.991366,-0.4592,-0.7951,0.1789,0.94
100.042011,-0.3857,-0.8213,0.1876,0.93
100.092682,-0.3143,-0.8278,0.1516,0.90
100.141401,-0.1612,-0.7805,0.1301,0.81
100.191438,-0.1282,-0.6486,0.0004,0.66
100.241290,-0.5138,-1.6189,-0.1523,1.71
100.291297,-0.4344,-1.0683,0.0820,1.16
100.342047,-0.1967,-0.5573,0.1856,0.62
100.392680,-0.1301,-1.4069,-0.3481,1.46
100.441782,-0.2639,-1.1952,-0.2480,1.25
100.491107,-0.2863,-0.8641,-0.0587,0.91
100.541814,-0.3196,-0.8997,-0.1718,0.97
100.591071,-0.4338,-0.9348,-0.0275,1.03
100.642325,-0.1605,-1.1466,0.5267,1.27
100.691366,-0.2293,-1.0901,0.1792,1.13
100.741162,-0.2686,-0.9945,-0.0743,1.03
100.791777,-0.3217,-0.8123,-0.1211,0.88
100.841445,-0.3116,-0.6697,0.1510,0.75
100.892562,-0.4823,-0.8441,0.2525,1.00
100.942686,-0.1719,-1.2065,0.0263,1.22
100.992934,0.0441,-1.4842,-0.1666,1.49
101.050381,-0.2572,-1.2598,0.7009,1.46
101.099232,-0.0966,-1.0289,0.0366,1.03
101.149736,-0.1381,-0.6871,-0.0770,0.71
101.199390,-0.2723,-0.6712,0.0644,0.73
101.243853,-0.2016,-0.7960,0.0824,0.83
101.299327,-0.3387,-0.8863,0.1169,0.96
101.350643,-0.5529,-0.8687,0.1953,1.05
101.399325,-0.5140,-0.8138,0.0715,0.97
101.450806,-0.3229,-0.6873,-0.0029,0.76
101.499532,-0.1696,-0.6053,-0.0276,0.63
101.550487,0.0637,-0.5269,0.0679,0.54
101.599067,-0.8177,-1.9978,-0.1773,2.17
101.650021,-0.1995,-0.8258,0.4339,0.95
101.699425,0.0729,-0.9890,-0.0983,1.00
101.750148,-0.2371,-1.5874,-0.4094,1.66
101.799440,-0.2829,-1.0251,-0.1863,1.08
101.850448,-0.1704,-0.9364,-0.1044,0.96
101.899517,-0.3095,-1.0426,0.3275,1.14
101.950615,-0.2602,-1.0270,0.2495,1.09
102.001373,-0.3961,-0.8993,0.0291,0.98
102.050157,-0.3393,-0.9386,-0.1331,1.01
102.099196,-0.2252,-0.8811,-0.2690,0.95
102.150580,-0.1760,-0.8974,-0.1174,0.92
102.199145,-0.2030,-0.8620,0.0996,0.89
102.249478,-0.4991,-0.8176,0.2189,0.98
102.299730,-0.3686,-0.7608,0.1983,0.87
102.349253,-0.5528,-1.3672,0.0726,1.48
102.399354,0.0372,-1.3950,0.0275,1.40
102.449314,0.1875,-1.4635,0.1752,1.49
102.500002,-0.1923,-0.9834,0.1015,1.01
102.549905,-0.2389,-0.8705,0.0007,0.90
102.607341,-0.2648,-0.7077,0.1277,0.77
102.650096,-0.1947,-0.7334,0.1193,0.77
102.707533,-0.2619,-0.7741,0.1498,0.83
102.750626,-0.3561,-0.7407,0.2009,0.85
102.807521,-0.4900,-0.8170,0.2843,0.99
102.858261,-0.4620,-0.7171,0.3266,0.91
102.907550,-0.0148,-0.6566,0.2471,0.70
102.957792,-0.3624,-1.0238,0.0306,1.09
103.007415,-0.5850,-1.5453,-0.2978,1.68
103.058578,-0.3481,-0.7350,0.3732,0.89
103.107678,-0.1353,-0.8828,0.0210,0.89
103.157519,-0.2804,-1.3497,-0.1997,1.39
103.208594,-0.1975,-0.9642,-0.0687,0.99
103.258517,-0.1511,-0.8941,-0.1333,0.92
103.308083,-0.2417,-0.9941,-0.1087,1.03
103.359234,-0.2600,-0.9243,0.0076,0.96
103.407714,-0.1729,-1.0090,0.0151,1.02
103.457595,-0.2202,-1.0282,0.0629,1.05
103.507755,-0.3799,-0.9868,0.0809,1.06
103.558968,-0.5503,-0.8457,0.2544,1.04
103.607621,-0.4499,-0.7188,0.4462,0.96
103.658711,-0.4263,-0.9931,0.0888,1.08
103.707386,-0.1185,-1.4871,-0.2386,1.51
103.758949,0.0134,-1.3693,-0.1750,1.38
103.807643,-0.3038,-1.0809,0.3015,1.16
103.858354,-0.3758,-1.1083,0.2379,1.19
103.908710,-0.2150,-0.8159,-0.2339,0.88
103.958910,-0.1372,-0.6129,-0.0917,0.63
104.007722,-0.2823,-0.7296,0.1650,0.80
104.057870,-0.4512,-0.8010,0.1359,0.93
104.108154,-0.4828,-0.8731,0.0905,1.00
104.157266,-0.4099,-0.8321,0.0952,0.93
104.206994,-0.3309,-0.7482,0.1196,0.83
104.257749,-0.2232,-0.6885,0.0115,0.72
104.308068,0.0353,-0.5413,-0.1456,0.56
104.357863,-0.4227,-2.2671,-0.2423,2.32
104.407278,-0.2110,-0.9627,0.9541,1.37
104.465967,0.0192,-0.7392,-0.0999,0.75
104.508718,-0.2755,-1.4571,-0.5295,1.57
104.566546,-0.4087,-0.8369,-0.2629,0.97
104.609099,-0.0538,-0.7315,-0.0463,0.73
104.666467,-0.2759,-1.0317,0.3415,1.12
104.716608,-0.2314,-0.9681,0.0261,1.00
104.767197,-0.2785,-0.9978,-0.0320,1.04
104.816701,-0.2308,-1.0256,-0.0581,1.05
104.865493,-0.1934,-1.1271,-0.0022,1.14
104.915400,-0.3092,-1.0987,0.1238,1.15
104.966184,-0.3470,-0.9099,0.2123,1.00
105.015372,-0.3175,-0.7529,0.3222,0.88
105.066363,-0.4018,-0.5969,0.3008,0.78
105.115465,-0.6006,-1.4268,0.0339,1.55
105.166244,0.1174,-1.7289,-0.5165,1.81
105.216187,0.1778,-1.1683,-0.0580,1.18
105.265855,-0.3216,-0.9361,0.3524,1.05
105.315379,-0.5388,-0.7283,0.1673,0.92
105.366006,-0.3239,-0.7013,0.0526,0.77
105.416123,-0.0448,-0.8809,-0.0763,0.89
105.466496,-0.1247,-0.9135,-0.0474,0.92
105.516168,-0.3255,-0.9758,0.2497,1.06
105.565460,-0.4052,-0.8747,0.1252,0.97
105.615799,-0.3496,-0.7545,-0.0488,0.83
105.666798,-0.2783,-0.7456,-0.1195,0.80
105.716356,-0.2218,-0.6788,-0.0421,0.72
105.766110,-0.1335,-0.5615,0.1037,0.59
105.815955,-0.2958,-2.3564,-0.3568,2.40
105.866432,0.0231,-0.7717,0.2868,0.82
105.916446,0.0816,-1.0430,-0.0991,1.05
105.974451,-0.2495,-1.2761,-0.5728,1.42
106.016112,-0.3882,-0.9746,-0.2103,1.07
106.066953,-0.2157,-0.9889,-0.1929,1.03
106.116680,-0.1649,-1.0961,0.0026,1.11
106.173728,-0.3164,-0.9577,0.5986,1.17
106.223800,-0.4836,-1.0221,0.0413,1.13
106.274101,-0.4355,-0.9446,-0.1725,1.05
106.323973,-0.4190,-0.9441,-0.0841,1.04
106.374142,-0.3528,-0.9323,0.2780,1.03
106.424748,-0.3988,-0.7536,0.3962,0.94
106.473758,-0.5447,-0.8703,0.2382,1.05
106.523830,-0.2923,-1.0946,-0.0867,1.14
106.575513,-0.0865,-1.7046,-0.2683,1.73
106.623873,-0.3156,-0.9499,0.6714,1.21
106.675468,-0.2371,-1.0204,0.1809,1.06
106.724761,-0.1636,-0.8849,0.0007,0.90
106.773672,-0.2742,-0.6816,0.0800,0.74
106.823851,-0.3293,-0.7092,0.1204,0.79
106.874281,-0.4026,-0.8448,0.1756,0.95
106.925975,-0.5608,-0.7993,0.2497,1.01
106.974449,-0.4748,-0.8601,0.1847,1.00
107.023696,-0.3689,-0.8311,0.1501,0.92
107.073745,-0.3017,-0.7341,0.1048,0.80
107.124510,-0.0900,-1.0499,0.6014,1.21
107.173490,-0.4583,-1.5329,-0.1685,1.61
107.224175,-0.3540,-0.6481,0.0073,0.74
107.274289,-0.2287,-0.7625,-0.2162,0.82
107.323596,-0.2425,-1.6672,-0.6542,1.81
107.374647,-0.3402,-0.9370,0.1205,1.00
107.423883,-0.1254,-0.9460,-0.0656,0.96
107.474728,-0.4753,-0.9201,0.4678,1.14
107.523725,-0.4098,-0.8016,0.4782,1.02
107.574630,-0.3947,-0.7291,0.1782,0.85
107.623662,-0.8499,-1.0978,0.3716,1.44
107.673482,-0.3509,-1.4292,0.2657,1.50
107.723717,0.4126,-1.5217,-0.1481,1.58
107.773805,-0.6040,-0.9317,0.0789,1.11
107.825167,-0.9767,-0.6815,0.3211,1.23
107.874276,-0.5279,-0.5651,0.1887,0.80
107.926650,-0.3292,-0.4838,-0.0897,0.59
107.974645,-0.4452,-0.6763,0.0240,0.81
108.033143,-0.6205,-0.9127,0.1984,1.12
108.075334,-0.6058,-0.5854,0.4305,0.95
108.132009,-0.6127,-1.3481,-0.0829,1.48
108.183489,-0.1258,-0.8643,-0.1779,0.89
108.232324,-0.3287,-0.9476,-0.3038,1.05
108.282327,-0.3518,-1.0202,-0.4815,1.18
108.333307,-0.2840,-1.0268,-0.3614,1.12
108.382712,-0.1892,-1.2211,-0.0715,1.24
108.432250,-0.1585,-1.1169,0.0615,1.13
108.482503,-0.1930,-1.0383,1.3212,1.69
108.532864,-0.3874,-0.9974,-0.0202,1.07
108.582216,-0.2977,-0.8570,0.0267,0.91
108.632242,-0.4403,-0.8156,0.0759,0.93
108.682418,-0.6022,-0.8082,0.1430,1.02
108.732901,-0.2848,-1.2896,0.1181,1.33
108.782519,-0.3395,-1.1382,0.5780,1.32
108.833191,-0.3745,-0.7482,0.2071,0.86
108.882498,-0.3042,-0.9047,0.0771,0.96
108.933011,-0.2158,-0.8565,0.1229,0.89
108.982780,-0.2221,-0.7968,0.1008,0.83
109.031847,-0.4518,-0.9303,0.2124,1.06
109.083642,-0.4380,-0.7543,0.1714,0.89
109.132214,-0.2174,-0.7526,0.0503,0.78
109.182296,-0.0225,-0.6224,0.0277,0.62
109.233098,-0.3040,-1.1714,0.0035,1.21
109.281898,-0.4258,-1.6643,-0.3177,1.75
109.333415,-0.0476,-0.7299,0.2957,0.79
109.382053,-0.0483,-1.0035,-0.2711,1.04
109.436888,-0.4389,-1.2261,-0.2857,1.33
109.482533,-0.4820,-0.9303,-0.1001,1.05
109.536548,-0.5266,-0.8222,0.6206,1.16
109.583007,-0.1988,-1.0055,-0.0241,1.03
109.641309,-0.2458,-0.9681,-0.1242,1.01
109.683669,-0.2630,-0.9522,0.1528,1.00
109.741468,-0.3267,-0.9248,0.1348,0.99
109.790706,-0.3945,-0.9619,-0.0162,1.04
109.841308,-0.4725,-1.2749,-0.1262,1.37
109.891059,-0.1533,-0.9136,0.1436,0.94
109.940434,-0.1436,-1.2416,0.1859,1.26
109.991429,-0.0070,-1.0868,-0.0922,1.09
110.036287,0.0056,-0.9283,-0.1483,0.94
110.090337,-0.1411,-0.8849,0.0214,0.90
110.137426,-0.3755,-0.9027,0.3311,1.03
110.190017,-0.2541,-0.9302,0.0212,0.96
110.241442,-0.0943,-0.9164,-0.0754,0.92
110.290875,-0.2263,-0.9154,-0.0341,0.94
110.340775,-0.4937,-0.7760,-0.0131,0.92
110.390037,-0.4767,-0.5306,0.0703,0.72
110.440191,-0.0494,-0.4458,0.1269,0.47
110.491302,-0.6878,-1.9899,0.1048,2.11
110.540828,-0.2414,-1.1455,0.4178,1.24
110.590219,0.1511,-1.1763,-0.1314,1.19
110.640070,0.1452,-1.1634,-0.4509,1.26
110.690164,0.2608,-0.9704,-0.3650,1.07
110.740396,0.0170,-0.8231,0.1060,0.83
110.790433,-0.1231,-1.0102,0.0389,1.02
110.844901,-0.2192,-0.9676,-0.2372,1.02
110.890422,-0.4123,-0.8026,-0.0837,0.91
110.944514,-0.4029,-0.6964,-0.0499,0.81
110.990152,-0.4415,-0.8054,-0.1274,0.93
111.040579,-0.7765,-0.8786,0.1597,1.18
111.090321,-0.8742,-2.3491,-0.0927,2.51
111.141139,-0.8303,-0.8931,0.8382,1.48
111.191023,-0.2516,-0.9132,0.1726,0.96
111.241614,-0.0227,-0.7178,-0.5601,0.91
111.292334,0.1584,-0.2252,-0.4073,0.49
111.348455,0.0299,0.0136,-0.0549,0.06
111.399621,-0.8667,-1.9150,-0.4352,2.15
111.448347,-0.2558,-1.2891,0.3545,1.36
111.499552,-0.2512,-0.9312,0.0242,0.96
111.545301,-0.5069,-1.6657,-0.0018,1.74
111.598182,-0.5091,-0.8140,0.0447,0.96
111.644017,-0.2777,-0.7684,-0.0615,0.82
111.698478,-0.2837,-0.7454,-0.0848,0.80
111.749768,-0.1272,-0.6608,0.0052,0.67
111.798842,-0.2513,-0.5680,0.4598,0.77
111.845027,-0.5944,-1.0912,0.2991,1.28
111.898969,-0.2320,-1.5779,-0.2903,1.62
111.949012,-0.0530,-1.5479,0.0352,1.55
111.998749,-0.2724,-0.9198,0.6714,1.17
112.049466,-0.0486,-1.0305,-0.0244,1.03
112.099043,-0.1369,-0.8036,0.0531,0.82
112.149145,-0.1351,-0.8136,-0.1230,0.83
112.198816,-0.1420,-0.8132,-0.0441,0.83
112.248838,-0.5780,-1.0896,0.4417,1.31
112.299065,-0.7451,-0.7534,0.3548,1.12
112.352994,-0.4445,-0.4911,-0.0258,0.66
112.398421,-0.0534,-0.4562,-0.0692,0.46
112.453297,-0.0943,-0.6793,-0.0186,0.69
112.498531,-0.1446,-2.2947,-0.4748,2.35
112.553541,-0.1914,-1.0234,0.3037,1.08
112.598080,0.0023,-1.1430,-0.1246,1.15
112.649374,-0.1253,-1.0480,-0.1998,1.07
112.698648,-0.2368,-0.7505,-0.0620,0.79
112.749167,-0.2031,-0.8034,0.2213,0.86
112.806757,-0.3097,-1.0321,0.0837,1.08
112.856669,-0.2522,-0.9896,0.0126,1.02
112.900049,-0.2725,-1.0539,-0.1005,1.09
112.956670,-0.2119,-1.0460,-0.1781,1.08
113.007436,-0.1464,-1.0174,0.0007,1.03
113.056824,-0.2282,-0.9494,0.0858,0.98
113.106635,-0.4360,-0.8340,0.1988,0.96
113.156974,-0.3733,-0.6818,0.3313,0.84
113.206394,-0.5166,-1.1233,0.1157,1.24
113.257422,-0.0992,-1.3998,-0.2107,1.42
113.306798,0.1539,-1.7390,-0.4178,1.80
113.357646,0.0613,-1.0390,0.0067,1.04
113.406782,-0.3827,-0.8707,0.3507,1.01
113.456975,-0.3538,-0.7747,0.1813,0.87
113.506637,-0.1523,-0.6768,-0.1044,0.70
113.557330,-0.1603,-0.7869,-0.0538,0.80
113.607007,-0.3434,-0.8380,0.1196,0.91
113.657621,-0.5096,-0.9785,0.1931,1.12
113.707091,-0.5268,-0.9646,0.2047,1.12
113.757085,-0.3778,-0.8254,0.1511,0.92
113.807629,0.0894,-0.8035,0.5276,0.97
113.857506,-0.3758,-1.6450,-0.1528,1.69
113.907469,-0.1522,-0.6381,-0.0569,0.66
113.957017,-0.3752,-0.4591,-0.1236,0.61
114.007021,-0.4246,-1.4940,-0.6055,1.67
114.063107,-0.2423,-0.9598,-0.1983,1.01
114.106536,-0.1096,-0.7975,0.0538,0.81
114.157266,0.0174,-1.1713,0.0339,1.17
114.207443,-0.3340,-1.0641,0.7882,1.37
114.261535,-0.3283,-1.0309,-0.1682,1.09
114.307702,-0.3704,-1.1011,-0.3635,1.22
114.364923,-0.4339,-1.0173,-0.1519,1.12
114.415010,-0.3313,-0.9721,0.2067,1.05
114.464796,-0.4265,-0.7407,0.2565,0.89
114.515078,-0.4840,-0.6336,0.2839,0.85
114.565822,-0.4033,-0.6973,0.2169,0.83
114.615276,-0.2717,-1.0817,-0.1651,1.13
114.664829,0.0344,-1.9683,0.2074,1.98
114.714798,-0.1419,-1.2078,0.5099,1.32
114.760553,-0.2173,-1.1737,0.1530,1.20
114.816691,-0.5256,-0.9069,0.1162,1.05
114.861302,-0.2937,-0.6550,-0.0376,0.72
114.916432,-0.2968,-0.6901,-0.0602,0.75
114.965799,-0.6481,-0.7594,0.2082,1.02
115.014699,-0.7003,-0.7655,0.1912,1.05
115.065181,-0.3669,-0.8565,-0.0583,0.93
115.114917,-0.2397,-0.6951,-0.0281,0.74
115.161865,-0.3144,-0.6536,0.0071,0.73
115.214800,-0.3617,-0.6081,0.0670,0.71
115.270479,-0.7666,-2.1872,-0.3632,2.35
115.314807,-0.3266,-0.5739,0.8533,1.08
115.364611,0.1069,-0.9566,-0.1433,0.97
115.414325,-0.0162,-1.3352,-0.4253,1.40
115.464502,-0.2440,-1.1146,-0.2470,1.17
115.515511,-0.2082,-0.8546,-0.0678,0.88
115.569905,-0.2166,-1.1001,-0.0491,1.12
115.614537,-0.1903,-1.1202,0.4242,1.21
115.665312,-0.3888,-0.9414,0.2772,1.06
115.714774,-0.4227,-0.9661,-0.0745,1.06
115.764790,-0.3132,-0.9321,-0.2695,1.02
115.814495,-0.2926,-0.8554,-0.1289,0.91
115.865453,-0.2253,-1.0689,0.0876,1.10
115.915137,-0.4155,-0.8807,0.4792,1.09
115.973754,-0.2558,-1.0165,-0.0626,1.05
116.015769,-0.1771,-1.4121,-0.3007,1.45
116.066450,-0.1779,-1.0167,0.1419,1.04
116.116719,-0.3603,-0.9378,0.4145,1.09
116.173757,-0.2703,-1.0468,0.0054,1.08
116.223470,-0.1680,-0.8106,-0.0272,0.83
116.273274,-0.2083,-0.8585,0.0752,0.89
116.317618,-0.4504,-0.9156,0.1983,1.04
116.368034,-0.7183,-0.8444,0.2233,1.13
116.423046,-0.4695,-0.7650,0.1189,0.91
116.473121,-0.2805,-0.6773,0.0156,0.73
116.523032,-0.1915,-0.5406,-0.0313,0.57
116.573138,-0.4333,-2.0174,-0.0479,2.06
116.623570,-0.1025,-0.7711,0.3369,0.85
116.669865,-0.0046,-0.5750,-0.0397,0.58
116.723634,-0.3844,-1.4392,-0.3625,1.53
116.774430,-0.4211,-1.0110,-0.2713,1.13
116.823922,-0.2102,-0.7744,-0.1029,0.81
116.873434,-0.0510,-1.0096,-0.1677,1.02
116.923256,-0.0845,-1.0704,0.0604,1.08
116.973271,-0.0314,-1.1089,0.6031,1.26
117.023888,-0.2849,-0.9866,0.0183,1.03
117.077480,-0.3460,-0.9919,-0.2671,1.08
117.123021,-0.4073,-0.9579,-0.2426,1.07
117.173976,-0.4686,-0.9119,-0.0682,1.03
117.224066,-0.5694,-1.2176,0.5582,1.46
117.273113,-0.5309,-0.8109,0.4787,1.08
117.323329,-0.3015,-0.8935,-0.1184,0.95
117.373144,-0.1514,-1.4149,-0.4107,1.48
117.423061,0.0008,-1.2769,-0.3741,1.33
117.478365,-0.2054,-0.9289,0.0972,0.96
117.522994,-0.3461,-1.0589,0.3896,1.18
117.573227,-0.1423,-1.0633,-0.1976,1.09
117.623519,-0.2267,-0.7822,-0.1065,0.82
117.676794,-0.3897,-0.7223,0.1101,0.83
117.731009,-0.3764,-0.6019,0.0712,0.71
117.774651,-0.2028,-0.5829,0.1455,0.63
117.831250,-0.1146,-1.7225,-0.3247,1.76
117.881742,0.0394,-0.5229,-0.0362,0.53
117.932061,-0.0485,-1.3235,-0.1826,1.34
117.976750,-0.1752,-1.4001,-0.3343,1.45
118.031113,-0.1831,-0.8972,-0.2194,0.94
118.077813,-0.1770,-1.0261,-0.1171,1.05
118.131001,-0.0087,-1.0970,0.1214,1.10
118.177315,-0.4465,-0.8608,0.5303,1.11
118.231192,-0.5637,-0.7134,0.0863,0.91
118.281475,-0.5524,-0.5364,0.1131,0.78
118.331714,-0.6110,-0.6175,0.1927,0.89
118.381081,-0.1981,-1.6325,-0.1176,1.65
118.431545,-0.1066,-1.3631,-0.0320,1.37
118.482597,-0.5300,-0.9270,0.2064,1.09
118.531667,-0.4784,-0.8446,0.2589,1.00
118.581501,-0.3161,-0.7518,0.0358,0.82
118.631962,-0.2185,-0.8341,-0.0760,0.87
118.686161,-0.5775,-0.9173,-0.0525,1.09
118.730807,-0.6320,-0.7184,0.0925,0.96
118.781937,-0.5098,-0.6631,0.0781,0.84
118.831141,-0.4540,-0.7866,-0.0367,0.91
118.890030,-0.4731,-0.8061,-0.1452,0.95
118.931550,-0.6066,-0.8813,-0.0799,1.07
118.985191,-0.5879,-1.1425,0.4672,1.37
119.032599,-0.5029,-1.1511,0.1951,1.27
119.090091,-0.5666,-1.2904,-0.1934,1.42
119.139596,-0.4931,-1.1697,0.0200,1.27
119.189678,-0.5229,-1.1273,0.1156,1.25
119.239314,-0.3322,-0.8737,0.0043,0.93
119.289857,-0.1976,-0.6889,-0.1014,0.72
119.339261,-0.0855,-0.4784,-0.0692,0.49
119.386976,-0.0103,-0.3644,0.0296,0.37
119.439235,-0.4686,-0.6372,-0.1546,0.81
119.485515,-0.3417,-1.8621,-0.8634,2.08
119.539456,-0.4695,-1.1846,0.0123,1.27
119.590834,-0.1366,-1.1546,0.0317,1.16
119.639043,-0.5553,-0.8966,0.0053,1.05
119.689871,-0.5005,-0.9011,0.0184,1.03
119.738855,-0.3181,-0.8484,-0.0374,0.91
119.790414,-0.1600,-0.9621,-0.0367,0.98
119.839305,-0.1741,-0.8895,-0.1223,0.91
119.889779,-0.4481,-0.7639,-0.1438,0.90
119.939265,-0.5301,-0.9226,-0.3512,1.12
119.991869,-0.3982,-1.2189,-0.1517,1.29
120.039178,-0.2076,-1.1993,1.1724,1.69
120.089546,0.3120,-1.1547,-0.0280,1.20
120.139110,0.1203,-1.1861,0.1844,1.21
120.191801,0.1024,-0.9844,0.0521,0.99
120.239197,-0.0184,-0.7846,-0.2088,0.81
120.289955,-0.5799,-0.9588,-0.1913,1.14
120.339499,-0.8509,-0.7422,0.2257,1.15
120.396353,-0.3268,-0.9667,0.4112,1.10
120.440169,-0.1610,-1.0085,-0.1077,1.03
120.498447,-0.1229,-0.7547,-0.0797,0.77
120.540853,-0.0574,-1.0607,0.1641,1.07
120.597052,-0.4406,-0.7345,-0.0895,0.86
120.647811,-0.1743,-0.8333,0.0648,0.85
120.698930,-0.1486,-1.0917,-0.3948,1.17
120.748598,-0.1030,-1.1157,-0.4019,1.19
120.798645,-0.1993,-1.1305,-0.0062,1.15
120.848536,-0.4038,-1.0549,0.1530,1.14
120.897796,-0.2184,-1.0856,0.1115,1.11
120.949097,-0.1821,-1.2425,-0.1403,1.26
120.996199,-0.2877,-1.1074,-0.0673,1.15
121.047493,-0.2854,-1.1711,-0.0134,1.21
121.097610,-0.2138,-0.9712,0.0682,1.00
121.147357,-0.1789,-0.7795,-0.0949,0.81
121.198820,-0.1984,-0.6549,-0.0842,0.69
121.247016,-0.1762,-0.5539,-0.0629,0.58
121.297595,-0.3804,-0.8217,-0.0260,0.91
121.347863,-0.2868,-1.7105,0.0461,1.73
121.397614,0.1553,-1.2639,0.6774,1.44
121.447375,-0.0126,-0.9601,0.0557,0.96
121.497656,-0.3194,-0.9157,-0.1685,0.98
121.547544,-0.5278,-0.8079,-0.1510,0.98
121.596960,-0.4050,-0.8880,0.0803,0.98
121.648829,-0.4979,-0.9567,0.1660,1.09
121.707542,-0.4294,-0.8335,0.0671,0.94
121.747696,-0.3367,-0.7304,0.0070,0.80
121.797728,-0.2365,-0.6715,0.0140,0.71
121.847502,0.1289,-0.5876,0.1876,0.63
121.900782,-0.6575,-1.8129,-0.1247,1.93
121.947230,-0.2042,-0.7049,0.0892,0.74
121.999889,-0.2149,-0.6760,-0.0215,0.71
122.047495,-0.2209,-1.5698,-0.5277,1.67
122.098032,-0.3460,-1.0417,0.0199,1.10
122.147691,0.2740,-1.0806,0.1452,1.12
122.198380,-0.1730,-1.1258,0.0502,1.14
122.248166,-0.3872,-1.0226,0.0217,1.09
122.298727,-0.2417,-0.9788,0.1538,1.02
122.356778,-0.2067,-1.0404,-0.0672,1.06
122.399272,-0.2224,-1.0149,-0.1058,1.04
122.455661,-0.1796,-0.8869,-0.0136,0.90
122.505643,-0.1841,-0.7755,0.0963,0.80
122.556491,-0.2788,-0.6953,0.2882,0.80
122.605931,-0.4795,-0.6605,0.3638,0.89
122.655713,-0.3743,-1.5246,0.1308,1.58
122.706444,0.0803,-1.6003,-0.2718,1.63
122.755725,0.1554,-1.3408,-0.1829,1.36
122.807073,0.0441,-0.9389,-0.0398,0.94
122.855564,-0.2791,-0.9722,0.2765,1.05
122.906579,-0.1934,-0.7883,0.1723,0.83
122.955497,-0.0385,-0.8138,-0.0403,0.82
123.006037,-0.1549,-0.7197,-0.1012,0.74
123.057025,-0.2815,-0.6719,0.0107,0.73
123.105298,-0.0119,-0.5005,0.1694,0.53
123.156024,-0.4886,-1.9146,-0.1049,1.98
123.206395,-0.1033,-0.8814,0.2120,0.91
123.256303,-0.1222,-0.7571,0.1218,0.78
123.305691,-0.2335,-1.2526,-0.2973,1.31
123.355542,-0.3344,-1.2868,-0.2823,1.36
123.405856,-0.1920,-1.0361,-0.0969,1.06
123.455202,-0.1089,-1.1100,-0.1034,1.12
123.506107,-0.1918,-1.0276,0.0046,1.05
123.556114,-0.4468,-0.6816,0.7713,1.12
123.606600,-0.3405,-0.6187,0.2871,0.76
123.656518,-0.3463,-0.5037,0.0174,0.61
123.735536,-0.2024,-1.2128,-0.0862,1.23
278.004624,-0.1147,-0.8809,0.0612,0.89
278.005027,-0.1147,-0.8809,0.0612,0.89
289.452059,-0.0360,0.6126,0.7575,0.97
289.493976,-0.0212,0.5969,0.7829,0.98
289.542815,-0.0220,0.6167,0.8089,1.02
289.594925,-0.0508,0.6284,0.7716,1.00
289.642939,0.0051,0.5977,0.7666,0.97
289.692708,0.0203,0.5941,0.7452,0.95
289.742198,0.0085,0.6016,0.7690,0.98
289.798596,-0.0056,0.5950,0.7943,0.99
289.847967,-0.0361,0.6191,0.8029,1.01
289.900309,-0.0488,0.6111,0.8057,1.01
289.947919,-0.0327,0.6202,0.7805,1.00
289.999073,-0.0067,0.6043,0.7913,1.00
290.049447,0.0030,0.6205,0.7896,1.00
290.100299,0.0016,0.6107,0.7856,1.00
290.149591,-0.0013,0.6008,0.8007,1.00
290.199840,-0.0379,0.6621,0.7880,1.03
290.248167,-0.0031,0.6525,0.7336,0.98
290.300581,-0.0488,0.6859,0.7797,1.04
290.348753,-0.0071,0.6766,0.7059,0.98
290.399449,-0.0408,0.6716,0.7470,1.01
290.448744,-0.0414,0.6799,0.7529,1.02
290.500580,-0.0351,0.6923,0.7218,1.00
290.548192,-0.0355,0.6791,0.7237,0.99
290.600510,-0.0410,0.6985,0.7374,1.02
290.648418,-0.0115,0.6835,0.6801,0.96
290.700255,-0.0330,0.6748,0.7174,0.99
290.748640,-0.0012,0.6649,0.7176,0.98
290.801050,0.0143,0.6846,0.7017,0.98
290.849100,0.0128,0.6967,0.7139,1.00
290.902654,0.0246,0.6749,0.7676,1.02
290.949418,0.0349,0.6713,0.7525,1.01
290.998549,0.0123,0.6803,0.7563,1.02
291.049104,0.0197,0.6746,0.7422,1.00
291.098769,0.0026,0.6814,0.7284,1.00
291.148684,0.0140,0.6634,0.7362,0.99
291.199035,0.0115,0.6706,0.7489,1.01
291.256792,-0.0164,0.6680,0.7263,0.99
291.309008,0.0090,0.6632,0.8201,1.05
291.356780,0.0096,0.6695,0.6933,0.96
291.406542,0.0169,0.6638,0.7489,1.00
291.456503,0.0202,0.6825,0.7296,1.00
291.506579,0.0060,0.6735,0.7465,1.01
291.556573,0.0187,0.6741,0.7442,1.00
291.606427,0.0198,0.6692,0.7475,1.00
291.656212,0.0198,0.6712,0.7402,1.00
291.714202,0.0310,0.6752,0.7321,1.00
291.756898,0.0388,0.6680,0.7399,1.00
291.807814,0.0360,0.6664,0.7393,1.00
291.856150,0.0285,0.6801,0.7370,1.00
291.906774,0.0178,0.6752,0.7212,0.99
291.957781,-0.0130,0.6754,0.7337,1.00
292.006533,0.0050,0.6783,0.7558,1.02
