0.016091,-0.0634,0.9910,0.0725,1.00
0.061669,-0.0581,1.0032,0.0721,1.01
0.117434,-0.0468,0.9925,0.0819,1.00
0.162179,-0.0497,0.9930,0.0814,1.00
0.212466,-0.0463,0.9920,0.0814,1.00
0.266605,-0.0507,0.9881,0.0857,0.99
0.317286,-0.0448,0.9832,0.0930,0.99
0.362545,-0.0242,0.9804,0.0893,0.98
0.412820,-0.0302,0.9938,0.0649,1.00
0.462740,-0.0291,1.0372,0.0632,1.04
0.512725,-0.0100,0.9748,0.0884,0.98
0.569344,-0.0451,0.9623,0.0803,0.97
0.614022,-0.0809,0.9825,0.0825,0.99
0.666813,-0.0952,1.0023,0.0854,1.01
0.716283,-0.1113,0.9902,0.1257,1.00
0.773199,-0.1594,1.0008,0.1556,1.03
0.816998,-0.1370,1.0072,0.1705,1.03
0.870246,-0.1013,0.9569,0.1485,0.97
0.919682,-0.0888,0.9745,0.1599,0.99
0.969686,-0.0944,0.9942,0.1981,1.02
1.019169,-0.0801,0.9746,0.2244,1.00
1.069695,-0.0706,1.0259,0.1550,1.04
1.120274,0.0383,1.1185,0.0208,1.12
1.170233,-0.1002,0.9502,0.0685,0.96
1.220677,-0.0805,0.9719,0.1283,0.98
1.270557,-0.1337,1.0510,0.0507,1.06
1.321746,-0.0794,0.9718,0.0683,0.98
1.370631,0.1213,0.9829,0.1217,1.00
1.419066,0.1450,0.9507,0.0974,0.97
1.469258,0.1189,1.0331,0.1303,1.05
1.525682,0.0579,1.0273,0.1131,1.04
1.570526,0.0687,0.9530,0.1480,0.97
1.622057,0.1008,0.8955,0.1967,0.92
1.669637,0.0740,0.9539,0.1753,0.97
1.720455,0.1084,0.9993,0.1387,1.01
1.769914,0.0549,0.9531,0.1927,0.97
1.823131,-0.0157,0.9270,0.2110,0.95
1.871133,0.0646,0.9630,0.1904,0.98
1.922413,0.1053,1.0107,0.1773,1.03
1.971262,0.0545,1.0054,0.1886,1.02
2.021250,0.0426,0.9616,0.2097,0.99
2.073682,0.0661,0.9601,0.1904,0.98
2.120421,0.0705,0.9656,0.1812,0.98
2.171377,0.0779,0.9577,0.1876,0.98
2.231397,0.0880,0.9702,0.2287,1.00
2.278427,0.0825,0.9760,0.2350,1.01
2.322519,0.0802,0.9594,0.2276,0.99
2.379178,0.0626,0.9665,0.2372,1.00
2.431847,0.0078,0.9692,0.2690,1.01
2.477932,-0.0124,1.1437,0.1337,1.15
2.532716,0.0188,1.3433,-0.1348,1.35
2.577997,0.1104,0.8723,0.1079,0.89
2.631589,-0.0524,0.7644,0.0650,0.77
2.678359,-0.3208,1.0113,-0.0729,1.06
2.731891,-0.2132,1.0458,0.0047,1.07
2.780923,-0.0767,0.9377,0.0745,0.94
2.839368,-0.2351,0.9354,0.1415,0.97
2.878483,-0.2818,0.9815,0.1135,1.03
2.927857,-0.1927,0.9709,0.0752,0.99
2.979214,-0.1600,0.9635,0.1193,0.98
3.029586,-0.1365,1.0251,0.1193,1.04
3.077964,-0.1011,0.9765,0.2077,1.00
3.128720,-0.0881,0.9215,0.2797,0.97
3.177878,-0.1068,0.9405,0.2655,0.98
3.230581,-0.1682,0.9264,0.2522,0.97
3.277962,-0.4515,1.0563,0.1574,1.16
3.330621,0.1453,1.2180,-0.1227,1.23
3.377423,0.1130,0.8041,0.3017,0.87
3.427979,-0.0946,0.9848,0.0873,0.99
3.478926,-0.0075,1.1926,-0.0870,1.20
3.528498,0.1397,0.9328,0.1255,0.95
3.586158,0.1088,1.0113,0.1735,1.03
3.631614,-0.0150,0.9866,0.0694,0.99
3.680551,0.0162,0.7840,0.1944,0.81
3.731747,0.1490,0.9401,0.0763,0.95
3.786330,0.1105,1.0753,0.0157,1.08
3.830003,0.0549,1.0411,0.0898,1.05
3.886768,0.0370,0.9938,0.2108,1.02
3.936740,0.1140,0.9632,0.1537,0.98
3.980887,0.1240,0.9374,0.1488,0.96
4.035779,0.1425,0.9408,0.1792,0.97
4.086170,0.1350,0.9536,0.2153,0.99
4.136639,0.1214,0.9402,0.2371,0.98
4.187252,0.0709,0.9591,0.2534,0.99
4.237136,-0.0118,0.9858,0.2538,1.02
4.286906,-0.2078,1.5309,-0.1698,1.55
4.338557,-0.0193,1.0388,-0.2265,1.06
4.389000,0.1099,0.5984,0.2030,0.64
4.441443,-0.2738,0.8443,0.0758,0.89
4.486080,-0.2257,1.2046,0.0147,1.23
4.535555,-0.0773,1.0766,0.0884,1.08
4.586170,-0.1207,0.8122,0.1223,0.83
4.636454,-0.2553,0.8382,0.1438,0.89
4.685771,-0.1986,1.0488,0.0180,1.07
4.736208,-0.1549,1.0195,0.0645,1.03
4.785923,-0.1836,0.9217,0.1321,0.95
4.836518,-0.1897,0.9575,0.1005,0.98
4.885617,-0.1627,1.0011,0.1005,1.02
4.936514,-0.1483,0.9678,0.1404,0.99
4.987758,-0.1795,1.0134,0.1404,1.04
5.040248,-0.0640,1.3466,-0.2886,1.38
5.096515,0.2610,0.9602,-0.0729,1.00
5.139783,-0.1320,0.9681,0.0483,0.98
5.186857,0.0208,0.9070,-0.2268,0.94
5.240655,0.2857,0.9967,-0.1076,1.04
5.294239,0.0452,0.9932,-0.0364,0.99
5.343657,0.0272,0.9903,-0.0664,0.99
5.394385,0.1084,0.9671,0.0015,0.97
5.444109,0.0996,0.9646,-0.0001,0.97
5.494693,0.1406,0.9884,-0.0767,1.00
5.543799,0.1930,0.9732,-0.0660,0.99
5.595048,0.1405,0.9742,0.0686,0.99
5.646212,0.0361,1.0138,0.0680,1.02
5.694614,0.0443,0.9702,0.0435,0.97
5.745258,0.1284,0.9497,0.0787,0.96
5.794920,0.1228,0.9817,0.0958,0.99
5.846078,0.0881,0.9778,0.1190,0.99
5.894204,0.1204,0.9662,0.1465,0.98
5.945317,0.1160,0.9590,0.1894,0.98
5.994459,0.0895,0.9577,0.2008,0.98
6.043685,0.0648,1.0529,0.2348,1.08
6.095142,0.0152,1.2655,0.3180,1.30
6.143766,0.0611,1.3741,-0.1582,1.38
6.193968,0.1982,0.7835,0.0042,0.81
6.244626,-0.0324,0.5787,0.0744,0.58
6.293846,-0.3779,0.8617,0.0355,0.94
6.348887,-0.1478,1.2461,0.0316,1.26
6.394034,-0.1359,0.8779,0.1142,0.90
6.447114,-0.2050,0.8323,0.2007,0.88
6.494469,-0.1754,0.9296,0.1351,0.96
6.545535,-0.1290,0.9945,0.1178,1.01
6.601840,-0.1934,0.9791,0.1499,1.01
6.653304,-0.3156,0.9223,0.1666,0.99
6.695637,-0.2708,0.9361,0.2085,1.00
6.753745,-0.2998,0.9551,0.2464,1.03
6.802372,-0.4079,1.3535,-0.0992,1.42
6.852085,0.2769,1.2398,-0.0835,1.27
6.902396,-0.0180,0.8642,0.1239,0.87
6.952351,-0.0159,0.7441,0.0125,0.74
7.002588,0.2503,1.0418,0.1016,1.08
7.049787,0.1027,1.1116,0.1168,1.12
7.102113,0.0344,0.9850,0.0810,0.99
7.153943,0.0924,0.8461,0.1978,0.87
7.201615,0.0763,0.9013,0.2336,0.93
7.253989,0.0760,1.0254,0.1298,1.04
7.302756,0.0806,0.9821,0.1970,1.00
7.355070,0.0472,0.9256,0.2783,0.97
7.403010,0.0809,0.9283,0.2274,0.96
7.454038,0.1223,0.9421,0.2493,0.98
7.502955,0.1730,0.9565,0.2795,1.01
7.554581,0.2058,0.9381,0.2856,1.00
7.605487,0.1883,0.9314,0.3200,1.00
7.659528,0.0233,1.1663,0.3545,1.22
7.702525,-0.0814,1.5213,-0.0449,1.52
7.753362,-0.0248,0.7680,-0.0650,0.77
7.802668,-0.0825,0.8023,0.1030,0.81
7.852359,-0.2661,1.0564,0.0228,1.09
7.902092,-0.2530,0.9382,0.0677,0.97
7.955872,-0.1660,0.8609,0.1304,0.89
8.002414,-0.1532,0.9659,0.1375,0.99
8.054702,-0.1481,1.0069,0.1333,1.03
8.102973,-0.1035,0.9209,0.1474,0.94
8.155041,-0.2232,0.9869,0.1145,1.02
8.202733,-0.2426,1.0295,0.1351,1.07
8.265185,-0.1792,0.9593,0.2143,1.00
8.303100,-0.1834,0.9427,0.2024,0.98
8.353486,-0.2285,1.0239,0.2474,1.08
8.411279,0.1676,1.7338,-0.3457,1.78
8.454393,0.1254,0.9583,0.0948,0.97
8.511437,-0.2513,0.4623,0.0584,0.53
8.561075,0.2238,0.6785,0.0658,0.72
8.610892,0.3250,1.2496,0.0428,1.29
8.663473,0.0170,1.2277,0.0051,1.23
8.710505,-0.0112,0.9284,0.0847,0.93
8.760820,0.0629,0.8249,0.1218,0.84
8.810634,0.1418,0.9878,0.0834,1.00
8.861247,0.1580,1.0386,0.0862,1.05
8.910664,0.1171,0.9423,0.1439,0.96
8.961950,0.0043,0.9458,0.1376,0.96
9.010576,0.0783,0.9851,0.1130,0.99
9.063008,0.1692,0.9610,0.1761,0.99
9.110579,0.1933,0.9513,0.1397,0.98
9.163386,0.1763,0.9915,0.1578,1.02
9.213071,0.1530,1.0312,0.2412,1.07
9.267251,0.1169,1.0002,0.2998,1.05
9.311619,0.0498,1.0903,0.3105,1.13
9.359916,-0.0029,1.5516,-0.0993,1.55
9.410145,0.1101,0.7742,-0.0936,0.79
9.461792,-0.0200,0.6671,0.1330,0.68
9.511062,-0.2562,1.0544,-0.0331,1.09
9.562634,-0.0429,1.1697,0.1297,1.18
9.610926,-0.0783,0.8225,0.1534,0.84
9.671258,-0.1726,0.8748,0.1583,0.91
9.711037,-0.1562,0.9676,0.1696,0.99
9.762098,-0.0767,1.0524,0.1365,1.06
9.812433,-0.0699,0.9893,0.1621,1.00
9.869541,-0.1759,0.9084,0.2335,0.95
9.919052,-0.2074,0.9450,0.1998,0.99
9.962736,-0.2278,0.9246,0.2307,0.98
10.019016,-0.2674,0.9862,0.2878,1.06
10.069980,0.3407,1.4402,-0.2727,1.50
10.118915,0.4852,0.8913,0.0037,1.01
10.171440,0.0121,0.8529,-0.0257,0.85
10.218146,0.1324,1.1049,-0.0761,1.12
10.265679,0.1004,0.9778,0.0630,0.98
10.318811,0.0031,0.9922,0.0466,0.99
10.370030,0.2173,0.9577,0.0863,0.99
10.418311,0.1847,0.9443,0.0786,0.97
10.468706,0.2317,1.0000,0.0485,1.03
10.517867,0.2302,0.9927,0.0529,1.02
10.573469,0.1196,0.9480,0.0996,0.96
10.619285,0.0728,0.9395,0.0723,0.95
10.670040,0.0682,0.9579,0.1528,0.97
10.718495,0.0654,0.9986,0.1814,1.02
10.770509,0.0902,1.0027,0.1967,1.03
10.819583,0.1035,0.9911,0.1938,1.02
10.871489,0.1901,0.9597,0.2563,1.01
10.919651,0.1707,1.2690,0.2216,1.30
10.968449,0.0857,1.1769,-0.2522,1.21
11.019143,0.0907,0.6751,0.2457,0.72
11.068611,-0.0880,0.9120,-0.0233,0.92
11.118892,-0.2248,1.2322,-0.0330,1.25
11.175249,0.0289,0.9486,0.0408,0.95
11.218571,-0.0648,0.8593,0.0683,0.86
11.269704,-0.2462,0.8805,0.0894,0.92
11.319099,-0.1877,0.9402,0.1390,0.97
11.378650,-0.1560,1.0125,0.1626,1.04
11.426805,-0.1168,0.9784,0.2056,1.01
11.470231,-0.1177,0.9873,0.1724,1.01
11.527745,-0.2128,1.0191,0.1943,1.06
11.572421,-0.1226,0.9010,0.2456,0.94
11.626636,-0.1152,0.9401,0.3137,1.00
11.676675,0.5000,2.0380,-0.4043,2.14
11.727150,0.1071,0.9056,-0.1300,0.92
11.778382,-0.1552,0.5044,0.2179,0.57
11.827763,0.2480,0.7882,0.3065,0.88
11.878097,0.2883,1.0951,-0.0861,1.14
11.927293,0.1540,1.0644,0.0273,1.08
11.979369,0.1044,0.8871,0.1391,0.90
12.026424,0.0980,0.9500,0.1394,0.97
12.079557,0.1509,0.9992,0.1425,1.02
12.127560,0.1543,0.9330,0.1997,0.97
12.181635,0.1284,0.9319,0.1810,0.96
12.226514,0.1313,0.9413,0.1606,0.96
12.278273,0.1506,0.9107,0.1684,0.94
12.326499,0.1786,0.9414,0.2146,0.98
12.378216,0.1551,0.9945,0.2625,1.04
12.427621,0.1527,0.9875,0.2727,1.04
12.478352,0.1331,0.9961,0.2872,1.05
12.535417,0.0612,1.4198,0.1391,1.43
12.579342,-0.0252,1.2579,-0.3136,1.30
12.635716,0.0756,0.5533,0.2035,0.59
12.687068,-0.1873,0.8463,0.0341,0.87
12.736098,-0.1573,1.2855,-0.0380,1.30
12.786895,-0.0206,1.0124,0.1261,1.02
12.836459,-0.0477,0.8173,0.2321,0.85
12.887560,-0.0729,0.9355,0.1887,0.96
12.936237,-0.1040,0.9822,0.1687,1.00
12.988949,-0.0637,0.9507,0.1883,0.97
13.035571,-0.2330,0.9700,0.2119,1.02
13.085141,-0.2825,0.9895,0.2204,1.05
13.135014,-0.1662,0.9688,0.3325,1.04
13.184917,0.3545,1.5312,-0.4364,1.63
13.235076,0.3313,1.0719,0.0087,1.12
13.287223,-0.1928,0.7299,0.0749,0.76
13.334851,0.0162,0.7938,0.1154,0.80
13.388884,0.3106,1.0676,0.1149,1.12
13.435088,0.1210,1.1660,0.0324,1.17
13.485147,0.0175,0.8970,0.0843,0.90
13.535629,0.0205,0.8763,0.1120,0.88
13.586147,0.0820,0.9596,0.0651,0.97
13.635677,0.1648,0.9947,0.0367,1.01
13.685369,0.1941,0.9037,0.1716,0.94
13.735093,0.1097,0.9297,0.2623,0.97
13.786486,0.1113,0.9823,0.2070,1.01
13.835287,0.0963,0.9749,0.1970,1.00
13.886541,0.1167,0.9837,0.2246,1.02
13.935699,0.1547,0.9985,0.2367,1.04
13.986946,0.1129,0.9521,0.2790,1.00
14.035375,0.0416,1.0831,0.2733,1.12
14.088007,-0.2591,1.7557,-0.3139,1.80
14.143594,0.0870,0.5699,0.0007,0.58
14.197366,0.0021,0.7187,0.1745,0.74
14.243010,-0.0888,1.1965,0.0167,1.20
14.287198,-0.1381,1.0586,0.0761,1.07
14.344479,-0.0925,0.8122,0.2196,0.85
14.395775,-0.1453,0.9312,0.2178,0.97
14.439636,-0.1124,0.9834,0.1920,1.01
14.495366,-0.0301,0.8789,0.2370,0.91
14.543885,-0.1410,0.9582,0.1975,0.99
14.595873,-0.2550,0.9847,0.1699,1.03
14.643310,-0.1321,0.9197,0.2744,0.97
14.693755,-0.1035,0.8803,0.3018,0.94
14.742972,-0.0247,1.6178,-0.2522,1.64
14.795534,0.2727,1.0995,0.1694,1.15
14.843527,-0.1017,0.6865,0.1169,0.70
14.895968,0.1006,0.7260,0.2353,0.77
14.944312,0.1771,1.1061,0.0828,1.12
14.995714,0.0465,1.0560,0.1200,1.06
15.043693,0.1518,0.8811,0.1546,0.91
15.094471,0.0781,0.8755,0.1637,0.89
15.142824,0.0826,0.9163,0.1956,0.94
15.194787,0.1223,0.9625,0.1933,0.99
15.243337,0.1148,0.9819,0.1909,1.01
15.293669,0.0592,0.9657,0.2187,0.99
15.342919,0.1200,0.9374,0.2176,0.97
15.394444,0.1491,0.9586,0.2213,1.00
15.442922,0.1422,0.9618,0.2403,1.00
15.493256,0.1618,0.9556,0.2477,1.00
15.543421,0.1631,0.9660,0.2878,1.02
15.594790,0.1432,1.0142,0.2854,1.06
15.644171,0.0225,1.5760,0.3499,1.61
15.694441,-0.0062,0.9512,-0.3746,1.02
15.752448,0.0737,0.5308,0.2862,0.61
15.802218,-0.2129,1.0498,0.0593,1.07
15.852387,-0.0273,1.3201,0.0496,1.32
15.895717,0.0116,0.8558,0.2455,0.89
15.950875,-0.0778,0.7303,0.2280,0.77
16.003304,-0.1725,0.9831,0.2193,1.02
16.052163,-0.0800,1.0400,0.1530,1.05
16.104824,-0.0388,0.9483,0.2041,0.97
16.151499,-0.1629,0.9348,0.2387,0.98
16.205732,-0.1967,0.9624,0.1629,1.00
16.251030,-0.1486,0.9853,0.2156,1.02
16.302465,-0.1038,0.9267,0.2815,0.97
16.351423,-0.1083,1.0446,0.0924,1.05
16.406751,0.2252,1.6754,-0.3587,1.73
16.451400,0.0141,0.9497,0.0700,0.95
16.503336,0.0004,0.5990,-0.0076,0.60
16.551060,0.2331,0.9258,0.1394,0.96
16.605722,0.0680,1.2355,-0.1374,1.24
16.651333,0.1289,1.0755,0.0832,1.09
16.703221,0.1187,0.8079,0.1144,0.82
16.750968,0.0757,0.8230,0.0664,0.83
16.802741,0.1768,0.9346,0.1312,0.96
16.850853,0.1908,0.9845,0.0613,1.00
16.901248,0.1225,1.0107,0.1267,1.03
16.951227,0.0605,0.9997,0.1671,1.02
17.003306,0.0583,0.9610,0.1894,0.98
17.051008,0.1220,0.9353,0.1751,0.96
17.104684,0.1943,0.9432,0.1762,0.98
17.159086,0.1775,0.9570,0.2083,1.00
17.204717,0.1517,0.9977,0.2181,1.03
17.252195,0.1876,1.0188,0.3097,1.08
17.303054,0.1842,1.0856,0.3072,1.14
17.359396,-0.1409,1.5165,-0.0654,1.52
17.412251,0.0109,0.6844,0.0002,0.68
17.459575,-0.0118,0.6103,0.1762,0.64
17.510967,-0.1467,1.0922,0.0830,1.11
17.559497,-0.0557,1.1048,0.1853,1.12
17.612348,-0.1468,0.8231,0.1875,0.86
17.659819,-0.1710,0.8369,0.2805,0.90
17.713626,-0.1497,1.0006,0.1991,1.03
17.759175,-0.0912,0.9576,0.2121,0.98
17.812449,-0.1164,0.9195,0.2619,0.96
17.859306,-0.1581,0.9467,0.2222,0.99
17.913482,-0.2079,0.9487,0.2232,1.00
17.959159,-0.2157,0.9832,0.2965,1.05
18.011592,-0.2077,1.0248,0.2978,1.09
18.059258,-0.0363,1.1600,0.0048,1.16
18.111869,0.0285,1.1973,-0.0189,1.20
18.160577,-0.0648,0.9917,0.0305,0.99
18.213707,0.1164,0.8840,-0.0330,0.89
18.259376,0.1961,1.0110,-0.0892,1.03
18.311471,0.0300,1.0631,-0.0147,1.06
18.359440,-0.0057,1.0007,0.0193,1.00
18.410922,0.1347,0.9142,0.0024,0.92
18.459920,0.1025,0.9670,0.0146,0.97
18.511967,0.1463,0.9793,0.0512,0.99
18.560002,0.1300,0.9376,0.0649,0.95
18.610934,0.1234,0.9572,0.1152,0.97
18.660060,0.0539,1.0324,0.1575,1.05
18.710796,0.0233,0.9442,0.1753,0.96
18.767886,0.0880,0.9055,0.1986,0.93
18.813325,0.0778,0.9567,0.2002,0.98
18.868697,0.0933,1.0351,0.2354,1.07
18.918423,0.0839,1.1041,0.2557,1.14
18.968493,0.0459,1.0392,0.2136,1.06
19.019239,0.0233,1.1821,0.2639,1.21
19.068087,-0.2406,1.3378,-0.4364,1.43
19.122293,0.0060,0.4700,0.3922,0.61
19.167902,0.0640,0.9764,0.2290,1.00
19.219707,0.0350,1.2699,-0.1458,1.28
19.267431,-0.0764,0.8777,0.2191,0.91
19.320045,-0.2120,0.6974,0.3087,0.79
19.367057,-0.1933,0.8897,0.2313,0.94
19.421616,-0.1549,1.0324,0.2451,1.07
19.467427,-0.0842,0.9230,0.2860,0.97
19.520807,-0.1408,0.9156,0.2338,0.96
19.568575,-0.2152,0.9527,0.1910,1.00
19.626537,-0.2399,0.9059,0.2389,0.97
19.667783,-0.2227,0.8692,0.3422,0.96
19.719779,-0.1658,1.2780,0.1258,1.29
19.767782,0.0783,1.5970,-0.0666,1.60
19.819447,0.0702,0.8852,0.1535,0.90
19.868680,0.1210,0.6497,0.0722,0.66
19.920491,0.1835,0.9532,0.1342,0.98
19.975693,-0.1162,1.1249,0.0391,1.13
20.019749,0.0536,0.9613,0.0654,0.97
20.075651,0.1752,0.8866,0.1651,0.92
20.119561,0.0993,0.9723,0.1478,0.99
20.175413,0.1436,0.9997,0.1254,1.02
20.221006,0.1655,0.9308,0.1662,0.96
20.275242,0.0558,0.8897,0.2578,0.93
20.326178,0.0461,0.9488,0.2419,0.98
20.376233,0.0659,0.9778,0.2324,1.01
20.424509,0.0941,0.9966,0.2396,1.03
20.477143,0.1228,1.0093,0.2682,1.05
20.525818,0.1068,0.9782,0.2903,1.03
20.576428,0.0752,0.8874,0.3393,0.95
20.626879,0.0933,0.9047,0.2557,0.94
20.675728,-0.1289,1.6305,0.1021,1.64
20.721915,-0.2539,0.9524,-0.3654,1.05
20.775359,0.1837,0.6997,0.3310,0.80
20.828035,0.1879,1.1016,0.0429,1.12
20.875938,-0.0331,1.1191,0.0538,1.12
20.930916,-0.1617,0.7666,0.3100,0.84
20.975252,-0.1934,0.8338,0.2857,0.90
21.028671,-0.1246,1.0352,0.2249,1.07
21.075271,-0.0840,0.9623,0.2404,1.00
21.128446,-0.0625,0.8989,0.2695,0.94
21.178066,-0.1766,0.9451,0.2191,0.99
21.229414,-0.2299,0.9354,0.2859,1.00
21.276964,-0.1970,0.9018,0.3080,0.97
21.327444,-0.1650,0.9251,0.3644,1.01
21.375804,-0.1148,1.3455,-0.0602,1.35
21.431048,0.1095,1.4059,-0.0435,1.41
21.475904,0.0324,0.9328,0.0758,0.94
21.526829,0.1922,0.6859,0.0041,0.71
21.575837,0.2124,0.8824,0.1063,0.91
21.629208,0.0101,1.1649,-0.0095,1.16
21.676450,0.1351,1.0293,0.0675,1.04
21.728025,0.0336,0.8850,0.1473,0.90
21.777189,0.0717,0.8842,0.1569,0.90
21.829944,0.1387,1.0030,0.1409,1.02
21.884357,0.1285,0.9841,0.1735,1.01
21.934001,0.1021,0.9187,0.2134,0.95
21.983804,0.0831,0.9030,0.2092,0.93
22.030938,0.1157,0.9322,0.1833,0.96
22.084038,0.1507,0.9436,0.2135,0.98
22.136681,0.1204,0.9455,0.2517,0.99
22.185108,0.0992,0.9657,0.2619,1.01
22.232529,0.0966,0.9806,0.2873,1.03
22.284528,0.0991,1.0164,0.3329,1.07
22.334778,0.1936,1.0761,0.2813,1.13
22.383706,0.0650,1.4373,0.1422,1.45
22.436992,0.0027,0.9116,-0.2050,0.93
22.483547,0.0577,0.5084,0.2626,0.58
22.536823,-0.2721,0.9432,0.0300,0.98
22.583771,-0.0087,1.2545,0.0523,1.26
22.636818,0.0270,0.9689,0.1316,0.98
22.683538,-0.1226,0.7936,0.1895,0.83
22.735719,-0.1662,0.8738,0.1729,0.91
22.784749,-0.1245,0.9702,0.1826,1.00
22.839587,-0.1002,0.9844,0.1945,1.01
22.884415,-0.1216,0.9656,0.2177,1.00
22.935060,-0.1922,1.0033,0.1734,1.04
22.984773,-0.1975,1.0016,0.2104,1.04
23.035794,-0.1181,1.1836,0.0764,1.19
23.083675,0.0852,1.3389,-0.1172,1.35
23.135565,-0.0722,0.9957,0.0827,1.00
23.183835,-0.1035,0.7587,-0.0213,0.77
23.236773,0.2636,0.8652,-0.0197,0.90
23.284638,0.1157,1.1033,0.0037,1.11
23.334855,0.0594,1.1008,0.0711,1.10
23.384602,0.0810,0.8992,0.0516,0.90
23.437020,0.0515,0.8514,0.0907,0.86
23.491913,0.0796,0.9444,0.0827,0.95
23.537445,0.1051,0.9928,0.0943,1.00
23.591703,0.0903,1.0046,0.1352,1.02
23.642542,0.0853,0.9557,0.1452,0.97
23.692818,0.0800,0.9367,0.1919,0.96
23.738840,0.0712,0.9883,0.2077,1.01
23.792536,0.0762,1.0388,0.2416,1.07
23.839703,0.0375,1.0545,0.2478,1.08
23.892962,0.0578,1.1367,0.2454,1.16
23.945118,-0.0898,1.6727,-0.4295,1.73
23.991810,-0.0391,0.6168,-0.1513,0.64
24.047644,-0.0762,0.4585,0.2574,0.53
24.092863,-0.2044,1.1965,-0.1257,1.22
24.144431,0.0252,1.3574,0.0278,1.36
24.191570,-0.0330,0.7597,0.1881,0.78
24.245607,-0.0928,0.7151,0.2249,0.76
24.291943,-0.1991,1.0250,0.1291,1.05
24.345154,-0.0919,1.0055,0.1293,1.02
24.392292,-0.0429,0.8947,0.1955,0.92
24.444875,-0.1997,0.9652,0.1771,1.00
24.493653,-0.2305,1.0492,0.1192,1.08
24.549109,-0.1248,1.1445,0.1450,1.16
24.592265,-0.0391,1.4109,-0.0393,1.41
24.643768,-0.0935,1.0479,-0.0134,1.05
24.691984,-0.0523,0.7075,0.0300,0.71
24.749946,0.2977,0.8571,0.0644,0.91
24.792020,0.2218,1.1514,0.0068,1.17
24.845303,-0.0068,1.0711,0.0563,1.07
24.892853,0.0239,0.8700,0.1145,0.88
24.944020,0.0102,0.8636,0.1817,0.88
24.999854,-0.0288,0.9753,0.1887,0.99
25.044272,0.0225,0.9845,0.1326,0.99
25.100175,0.0391,0.9214,0.1685,0.94
25.148922,0.0532,0.9317,0.1897,0.95
25.194427,0.0608,0.9667,0.1470,0.98
25.251070,0.0531,1.1175,0.2531,1.15
25.300905,0.0451,1.1180,0.3203,1.16
25.347737,0.1100,0.9510,0.2917,1.00
25.400691,0.2199,0.9501,0.2677,1.01
25.450113,-0.2732,1.5869,-0.1754,1.62
25.500326,-0.2440,0.7111,-0.1637,0.77
25.555282,0.0844,0.7957,0.2136,0.83
25.601120,0.1228,1.0527,0.0591,1.06
25.653835,-0.0939,0.9129,0.2420,0.95
25.700208,-0.2384,0.8379,0.2663,0.91
25.755454,-0.1580,0.9394,0.2192,0.98
25.800946,-0.0896,1.0749,0.1790,1.09
25.855917,-0.0452,0.9374,0.2357,0.97
25.899990,-0.0391,0.9117,0.2098,0.94
25.952165,-0.1950,0.9862,0.1743,1.02
26.000835,-0.3101,0.9667,0.1732,1.03
26.054797,-0.1724,0.9545,0.2685,1.01
26.100452,-0.1403,0.9218,0.2427,0.96
26.151584,-0.2257,1.3750,-0.1483,1.40
26.199961,0.1319,1.3184,-0.1935,1.34
26.255953,-0.0673,0.7204,0.1217,0.73
26.300683,0.1214,0.7429,0.0043,0.75
26.352728,0.1444,1.2220,0.0734,1.23
26.400989,0.0093,1.1603,-0.0505,1.16
26.458726,0.0949,0.8456,0.1334,0.86
26.508349,0.0667,0.8502,0.0649,0.86
26.551762,0.0284,0.9870,0.1268,1.00
26.608200,0.0221,0.9842,0.1063,0.99
26.655836,0.0503,0.9249,0.1793,0.94
26.708270,0.0809,0.9443,0.1577,0.96
26.752557,0.0724,0.9664,0.1963,0.99
26.808537,0.0326,0.9997,0.1933,1.02
26.864107,0.0627,1.0144,0.2297,1.04
26.909255,0.0906,1.0008,0.2572,1.04
26.960012,0.1274,0.9756,0.2680,1.02
27.008583,0.1188,1.2274,0.1781,1.25
27.063759,-0.0476,1.4329,-0.3300,1.47
27.108235,0.0295,0.5351,0.1059,0.55
27.161889,-0.0601,0.7471,0.0746,0.75
27.208406,-0.0755,1.2780,-0.1154,1.29
27.261049,0.0581,1.1166,0.1887,1.13
27.308556,-0.0018,0.7728,0.1698,0.79
27.365608,-0.1482,0.8852,0.1639,0.91
27.408214,-0.1545,1.0088,0.1367,1.03
27.461484,-0.1035,0.9891,0.1507,1.01
27.508064,-0.0778,0.9211,0.2227,0.95
27.560060,-0.1463,0.9356,0.2091,0.97
27.608932,-0.1583,0.9238,0.1469,0.95
27.660275,-0.1891,0.9277,0.1779,0.96
27.709453,-0.2312,0.9859,0.2354,1.04
27.763873,-0.2799,1.0028,0.3522,1.10
27.816894,-0.3407,1.3143,0.2158,1.37
27.859811,0.2003,1.6562,-0.3024,1.70
27.916274,0.1611,0.8352,0.0374,0.85
27.969175,0.0362,0.5406,0.1533,0.56
28.016674,0.0179,1.0093,0.1342,1.02
28.061075,-0.1146,1.1547,-0.1140,1.17
28.117839,0.1499,0.8545,0.2574,0.90
28.172631,0.0289,0.8532,0.1579,0.87
28.216365,-0.0027,0.9593,0.1440,0.97
28.269054,0.0606,0.9776,0.1885,1.00
28.316280,0.0552,0.9193,0.2106,0.94
28.362174,0.0555,0.9374,0.2150,0.96
28.416950,0.0931,0.9953,0.2079,1.02
28.463934,0.0689,1.0253,0.2732,1.06
28.516719,0.0703,1.0439,0.2626,1.08
28.570901,0.0961,0.9693,0.2921,1.02
28.617014,0.1301,1.0014,0.2829,1.05
28.668652,-0.1530,1.6749,-0.0554,1.68
28.716504,-0.1835,0.8041,-0.2666,0.87
28.768791,0.1673,0.6883,0.2635,0.76
28.816676,0.0269,1.0378,-0.1007,1.04
28.868829,-0.0640,1.1198,0.1351,1.13
28.916579,-0.2171,0.7958,0.2418,0.86
28.970019,-0.1246,0.8600,0.1776,0.89
29.016084,-0.1550,1.0057,0.1591,1.03
29.069043,-0.0841,0.9815,0.2152,1.01
29.116321,-0.0333,0.9230,0.2050,0.95
29.173732,-0.1464,0.9563,0.1804,0.98
29.216291,-0.2533,0.9521,0.1619,1.00
29.267547,-0.3315,0.9418,0.2173,1.02
29.315919,-0.2187,1.3300,-0.0534,1.35
29.372398,0.2418,1.4291,-0.1340,1.46
29.416951,0.0225,0.7699,-0.0007,0.77
29.469059,0.0212,0.6550,0.1069,0.66
29.525927,0.0309,1.1503,-0.0567,1.15
29.568714,0.0739,1.0835,-0.0855,1.09
29.617428,0.2228,0.8642,0.1400,0.90
29.669669,0.1109,0.8770,0.1274,0.89
29.724597,0.0237,0.9683,0.0784,0.97
29.768026,0.0428,0.9579,0.1199,0.97
29.825439,0.0266,0.9760,0.0994,0.98
29.877577,0.0517,0.9953,0.1588,1.01
29.924346,0.0764,1.0127,0.2035,1.04
29.976233,0.0693,1.0531,0.2031,1.07
30.025041,0.0855,1.0458,0.2257,1.07
30.076600,0.0657,0.9987,0.2448,1.03
30.124723,0.1562,1.0104,0.1543,1.03
30.178945,0.0728,1.4731,-0.0059,1.47
30.224470,-0.2595,1.0016,-0.4359,1.12
30.279107,0.0781,0.6168,0.1326,0.64
30.324725,0.0425,0.8931,-0.0297,0.89
30.377762,-0.0856,1.2268,0.0047,1.23
30.424492,-0.1730,0.9309,0.1615,0.96
30.477954,-0.0318,0.8224,0.0835,0.83
30.524601,-0.0899,0.9997,0.1132,1.01
30.577542,-0.1351,1.0321,0.1008,1.05
30.624199,-0.0708,0.9286,0.1247,0.94
30.677635,-0.0830,0.9215,0.1446,0.94
30.724463,-0.1821,0.9903,0.1002,1.01
30.782621,-0.1547,0.9675,0.1755,1.00
30.825255,-0.1605,0.9341,0.2811,0.99
30.877488,-0.1645,1.3993,-0.0613,1.41
30.924656,0.1895,1.4798,-0.3361,1.53
30.977177,0.0593,0.7244,0.0618,0.73
31.025230,0.1115,0.6187,0.0324,0.63
31.075974,0.1149,1.0893,-0.0378,1.10
31.132581,0.0174,1.0685,-0.0987,1.07
31.178812,0.1842,0.8681,0.1035,0.89
31.232888,0.1579,0.9295,0.0729,0.95
31.277168,0.0845,1.0264,0.0134,1.03
31.333049,0.0837,0.9917,0.0751,1.00
31.385851,0.0911,0.9643,0.0975,0.97
31.432726,0.0977,0.9970,0.1065,1.01
31.485522,0.0855,0.9869,0.1517,1.00
31.532886,0.0684,0.9811,0.1837,1.00
31.584620,0.0438,1.0014,0.1787,1.02
31.633251,0.0604,0.9929,0.2276,1.02
31.678741,0.0485,1.0093,0.2510,1.04
31.733708,0.0978,1.0926,0.1762,1.11
31.784985,-0.0012,1.6083,-0.2453,1.63
31.832634,-0.0734,0.7158,-0.2744,0.77
31.889261,0.0671,0.6565,0.1498,0.68
31.933028,-0.0210,1.1111,-0.1085,1.12
31.984405,-0.0176,1.1431,0.0722,1.15
32.042099,-0.0541,0.7862,0.1475,0.80
32.090420,-0.1474,0.8980,0.1532,0.92
32.140985,-0.1463,1.0246,0.1080,1.04
32.187174,-0.0505,0.9446,0.1738,0.96
32.242365,-0.1031,0.9250,0.1781,0.95
32.285779,-0.1599,1.0002,0.1751,1.03
32.341114,-0.2255,0.9489,0.2309,1.00
32.389241,-0.2128,1.0066,0.2415,1.06
32.441645,0.2246,1.7258,-0.2375,1.76
32.491362,0.1983,1.1057,-0.0405,1.12
32.541128,0.0076,0.5954,0.0334,0.60
32.589521,0.1629,0.7229,0.1202,0.75
32.640975,0.0213,1.2007,-0.1068,1.21
32.691526,0.0675,1.0163,0.0248,1.02
32.741125,0.2275,0.8228,0.1485,0.87
32.788748,0.1320,0.9181,0.1356,0.94
32.841362,0.0350,1.0248,0.1056,1.03
32.892992,0.0160,1.0117,0.1327,1.02
32.941745,-0.0131,0.9678,0.1732,0.98
32.998182,0.0567,0.9736,0.1977,1.00
33.041062,0.0665,0.9680,0.2373,1.00
33.094118,0.0979,1.0122,0.2314,1.04
33.140797,0.0937,0.9833,0.2566,1.02
33.192115,0.0839,0.9161,0.2932,0.97
33.241062,0.0960,0.9183,0.3416,0.98
33.296635,0.1292,0.9750,0.3656,1.05
33.349817,-0.0188,1.7339,0.0992,1.74
33.393302,-0.1023,1.0302,-0.4911,1.15
33.450364,0.1636,0.5403,0.2168,0.60
33.497917,0.0878,0.9301,-0.1091,0.94
33.549449,0.0479,1.2553,0.0718,1.26
33.598072,-0.1391,0.9154,0.1134,0.93
33.650492,-0.0808,0.8419,0.1013,0.85
33.701660,-0.1040,1.0482,0.1353,1.06
33.749511,0.0046,1.0303,0.1141,1.04
33.794393,0.0791,0.9992,0.1117,1.01
33.849923,-0.1025,1.0003,0.0858,1.01
33.894497,-0.2044,0.9801,-0.0049,1.00
33.949440,-0.2451,1.0452,0.1142,1.08
33.996857,0.2165,1.2686,-0.0214,1.29
34.049283,0.4736,0.9109,0.1242,1.03
34.103540,-0.0798,0.7818,0.0566,0.79
34.149695,-0.0026,1.0312,0.0522,1.03
34.199674,0.3310,1.0221,0.1607,1.09
34.249758,0.1716,0.9624,0.1903,1.00
34.300106,0.0866,0.9867,0.1039,1.00
34.350080,0.1511,0.9574,0.1847,0.99
34.397009,0.0760,0.9540,0.1665,0.97
34.449251,-0.0104,0.9984,0.1953,1.02
34.501538,0.1338,0.9729,0.2486,1.01
34.549798,0.1940,0.9713,0.2081,1.01
34.605918,0.1968,0.9196,0.2142,0.96
34.649460,0.1862,0.9107,0.2043,0.95
34.699067,0.1468,0.9530,0.1895,0.98
34.749079,0.1464,0.9422,0.1948,0.97
34.798749,0.1346,0.9277,0.2957,0.98
34.851105,0.1220,0.9792,0.3046,1.03
34.901757,0.1200,0.9756,0.3280,1.04
34.958536,0.1177,1.3646,0.2144,1.39
35.001439,0.0446,1.1045,-0.1988,1.12
35.057347,0.0474,0.6183,0.3562,0.72
35.100807,-0.0095,0.7735,0.0727,0.78
35.158612,-0.0993,1.2672,-0.2039,1.29
35.201216,-0.0131,1.1835,0.0822,1.19
35.257355,-0.0928,0.9370,0.0905,0.95
35.306225,-0.2150,0.8816,0.1121,0.91
35.357763,-0.1988,0.9131,0.1690,0.95
35.407310,-0.1726,0.9975,0.1848,1.03
35.457409,-0.0950,1.0163,0.1821,1.04
35.502487,-0.0642,0.9340,0.1989,0.96
35.558516,-0.1106,0.9450,0.1669,0.97
35.607229,-0.1453,1.0264,0.1408,1.05
35.658516,-0.1953,1.0271,0.1803,1.06
35.710447,-0.1466,0.9640,0.2687,1.01
35.754836,-0.1638,0.9051,0.3068,0.97
35.813999,-0.2586,1.4433,0.2279,1.48
35.857312,0.1950,1.5665,-0.5142,1.66
35.910176,-0.1182,0.5160,0.2671,0.59
35.960403,-0.0955,0.4596,0.0767,0.48
36.013257,0.3138,1.2143,0.1986,1.27
36.058565,-0.0203,1.3737,-0.0023,1.37
36.109307,0.0049,0.9397,0.0898,0.94
36.157230,0.0953,0.7120,0.2049,0.75
36.209842,0.0932,0.8731,0.1779,0.90
36.258030,0.1199,1.0813,0.1476,1.10
36.308707,0.1196,0.9899,0.1734,1.01
36.357659,0.0670,0.9103,0.1945,0.93
36.410038,0.0962,0.9338,0.1505,0.95
36.457575,0.1326,0.9470,0.1845,0.97
36.512994,0.1534,0.9782,0.2166,1.01
36.566406,0.1525,1.0257,0.2622,1.07
36.614938,0.1592,1.0309,0.2867,1.08
36.665675,0.1356,1.0401,0.3416,1.10
36.715226,-0.1604,1.6392,-0.1229,1.65
36.766220,0.0434,0.6263,-0.1627,0.65
36.822002,-0.1072,0.6164,0.2316,0.67
36.866141,-0.3328,1.2417,-0.0587,1.29
36.918223,0.0604,1.2742,0.1003,1.28
36.965647,0.0382,0.7189,0.1919,0.75
37.016216,-0.2197,0.7633,0.2193,0.82
37.067136,-0.2614,0.9939,0.1792,1.04
37.115365,-0.0901,1.0199,0.1485,1.03
37.166574,-0.0488,0.9800,0.1998,1.00
37.213432,-0.0927,1.0254,0.1983,1.05
37.266429,-0.2075,0.9685,0.1800,1.01
37.315370,-0.2564,0.9496,0.3058,1.03
37.366200,-0.1430,1.8146,-0.2102,1.83
37.415486,0.1720,0.9423,0.0726,0.96
37.465707,-0.1927,0.5113,0.1591,0.57
37.518297,0.0781,0.6917,0.0812,0.70
37.565131,0.1765,1.2520,-0.0003,1.26
37.617878,0.0037,1.1682,0.0568,1.17
37.666617,0.0502,0.8806,0.1606,0.90
37.718316,0.0297,0.8053,0.1771,0.83
37.766404,0.0405,0.9225,0.1627,0.94
37.821635,0.0718,1.0582,0.1115,1.07
37.874227,0.0020,0.9825,0.1798,1.00
37.925697,0.0677,0.8845,0.1876,0.91
37.973582,0.0985,0.9519,0.1384,0.97
38.021528,0.0693,0.9865,0.1774,1.00
38.073720,0.0867,0.9452,0.2403,0.98
38.123354,0.0790,0.9787,0.2584,1.02
38.174238,0.0628,0.9981,0.2594,1.03
38.221966,0.0944,0.9995,0.3074,1.05
38.274518,0.1327,1.4850,0.0381,1.49
38.323534,-0.1367,1.1415,-0.3405,1.20
38.373597,-0.0770,0.5020,0.2346,0.56
38.422359,-0.2426,0.8449,0.0990,0.88
38.473762,-0.1077,1.2885,-0.1849,1.31
38.526049,-0.0839,0.9811,0.1386,0.99
38.573814,-0.1570,0.8021,0.2585,0.86
38.622216,-0.1505,0.8643,0.1506,0.89
38.674902,-0.0996,0.9894,0.1239,1.00
38.724020,-0.0296,0.9659,0.1531,0.98
38.773559,-0.1074,1.0547,0.1076,1.07
38.823719,-0.2088,1.0212,0.1085,1.05
38.874631,-0.2110,0.9667,0.2321,1.02
38.923660,-0.1389,0.9970,0.2353,1.03
38.973885,-0.1734,1.1514,0.2265,1.19
39.023831,-0.0728,1.5092,-0.1942,1.52
39.074394,-0.0405,0.8129,0.0400,0.81
39.132115,-0.1949,0.4942,0.0912,0.54
39.174183,0.0805,0.8633,-0.0441,0.87
39.226819,0.1781,1.3720,0.0032,1.38
39.274711,-0.0380,1.1015,0.1333,1.11
39.330558,0.0190,0.8140,0.0931,0.82
39.374618,0.0862,0.7708,0.1442,0.79
39.431508,0.1135,0.9665,0.1723,0.99
39.474901,0.0874,1.0790,0.0927,1.09
39.526112,0.0665,0.9982,0.1101,1.01
39.575124,0.0876,0.9103,0.1503,0.93
39.633346,0.0936,0.9513,0.1589,0.97
39.682403,0.1194,1.0171,0.1955,1.04
39.726248,0.1203,1.0164,0.2234,1.05
39.783154,0.1066,1.0224,0.2457,1.06
39.829839,0.0658,0.9875,0.2389,1.02
39.882447,0.0615,0.9731,0.2758,1.01
39.939172,-0.1151,1.6825,0.0864,1.69
39.982280,-0.2537,1.0096,-0.4568,1.14
40.032815,0.1369,0.3788,0.2674,0.48
40.081938,-0.0760,0.8967,0.1480,0.91
40.137797,0.0376,1.4895,-0.0949,1.49
40.183230,0.0422,0.8100,0.2767,0.86
40.229499,-0.1284,0.6428,0.2042,0.69
40.282275,-0.2361,0.8655,0.2265,0.93
40.332019,-0.1503,1.0915,0.1693,1.11
40.382419,-0.0643,0.9554,0.2054,0.98
40.438114,-0.0805,0.9585,0.2282,0.99
40.482210,-0.1842,0.9893,0.1685,1.02
40.532868,-0.2274,0.9389,0.2704,1.00
40.582487,-0.2339,1.0008,0.3472,1.08
40.632920,-0.2182,1.5307,0.1862,1.56
40.682719,0.0455,1.1898,-0.2530,1.22
40.734655,-0.1533,0.5214,0.2351,0.59
40.782176,-0.0787,0.5875,-0.0005,0.59
40.834388,0.2850,1.1081,0.0705,1.15
40.882756,0.0336,1.3449,0.0141,1.35
40.933751,-0.1218,1.0259,0.0922,1.04
40.982241,-0.0071,0.8454,0.1072,0.85
41.039915,0.1014,0.8349,0.1325,0.85
41.083306,0.1057,0.9851,0.0743,0.99
41.135028,0.0959,1.0453,0.0945,1.05
41.190552,0.0497,0.9516,0.1326,0.96
41.238168,0.0404,0.9510,0.1316,0.96
41.290514,0.0734,0.9810,0.1315,0.99
41.340015,0.0906,0.9570,0.1682,0.98
41.390383,0.0887,0.9542,0.1510,0.97
41.439000,0.1140,0.9605,0.1791,0.98
41.490172,0.1267,1.0182,0.2522,1.06
41.543351,0.0993,1.0817,0.2777,1.12
41.589848,0.0446,1.0690,0.2737,1.10
41.638204,0.0153,1.0720,0.2954,1.11
41.690243,-0.0360,1.4180,-0.1387,1.43
41.742416,0.0770,0.6717,-0.0540,0.68
41.790660,-0.1290,0.7606,0.0912,0.78
41.837590,-0.2791,1.0738,-0.1108,1.12
41.891650,0.0432,1.0926,0.1812,1.11
41.939836,0.0324,0.8681,0.0511,0.87
41.990649,-0.2324,0.8507,0.1186,0.89
42.039196,-0.2091,0.9850,0.1917,1.03
42.091144,-0.1309,0.9786,0.1616,1.00
42.140005,-0.1080,0.9175,0.2127,0.95
42.190509,-0.1333,0.9744,0.1977,1.00
42.245988,-0.2013,1.0483,0.1453,1.08
42.289895,-0.2334,1.0207,0.2166,1.07
42.340066,-0.1760,0.9956,0.2462,1.04
42.390786,-0.2802,1.4450,-0.0513,1.47
42.447219,0.0112,1.0446,-0.0413,1.05
42.490299,-0.0608,0.6450,0.0999,0.66
42.543874,0.1635,0.7136,0.0626,0.73
42.590689,0.2000,1.2398,0.0310,1.26
42.641479,-0.0217,1.1570,0.0907,1.16
42.698210,0.0166,0.8675,0.1222,0.88
42.743045,0.0872,0.7627,0.2022,0.79
42.799019,0.0560,0.9483,0.1839,0.97
42.842359,0.0393,1.0239,0.1647,1.04
42.899106,0.0176,0.9693,0.2008,0.99
42.946456,0.0345,0.9370,0.2329,0.97
42.999052,0.0610,0.9267,0.2087,0.95
43.044249,0.0720,0.9488,0.2085,0.97
43.099367,0.1163,0.9656,0.2348,1.00
43.147826,0.1299,0.9733,0.2617,1.02
43.198918,0.1013,0.9867,0.3216,1.04
43.250648,0.0947,1.0218,0.3266,1.08
43.298444,0.1551,1.0397,0.3520,1.11
43.347401,0.0680,1.3039,0.3976,1.36
43.398453,-0.0067,1.1921,-0.3031,1.23
43.448185,0.1072,0.5113,0.1786,0.55
43.498670,-0.2792,0.8203,0.2152,0.89
43.547343,-0.1945,1.2198,0.0399,1.24
43.598476,0.2854,1.1628,0.2025,1.21
43.647730,0.0300,0.7847,0.1174,0.79
43.698747,-0.2392,0.8178,0.2150,0.88
43.748040,-0.2098,0.9353,0.2514,0.99
43.798989,-0.1384,1.0135,0.1739,1.04
43.850403,-0.1364,0.9845,0.2045,1.01
43.899413,-0.1904,0.8771,0.3006,0.95
43.956998,-0.1398,0.9199,0.2441,0.96
44.006075,-0.1658,1.0039,0.1853,1.03
44.052635,-0.1790,0.9833,0.2666,1.03
44.106223,-0.1854,0.9168,0.3408,1.00
44.156667,-0.2685,1.0361,0.4042,1.14
44.206442,-0.0689,1.8064,-0.3487,1.84
44.264480,0.0606,0.7291,0.1569,0.75
44.306246,-0.1438,0.4287,0.1752,0.48
44.356477,0.0978,0.7539,0.0081,0.76
44.407251,0.1331,1.4241,0.0988,1.43
44.454939,-0.0562,1.1279,0.0976,1.13
44.507442,-0.0420,0.8729,0.1086,0.88
44.556724,0.0499,0.7825,0.1752,0.80
44.607430,0.0325,0.8838,0.1716,0.90
44.654874,0.0654,1.0564,0.1543,1.07
44.707464,0.1143,0.9917,0.1895,1.02
44.759110,0.0474,0.9187,0.1549,0.93
44.806601,0.0378,0.9566,0.1604,0.97
44.855066,0.0910,0.9762,0.1405,0.99
44.906509,0.0931,0.9457,0.1818,0.97
44.956446,0.0975,0.9427,0.1935,0.97
45.006065,0.1246,0.9685,0.2304,1.00
45.056388,0.1202,1.0328,0.2527,1.07
45.106550,0.0980,1.0528,0.2877,1.10
45.157474,0.0693,1.0405,0.2689,1.08
45.206425,0.0968,1.0376,0.2252,1.07
45.265044,-0.0990,1.4785,-0.1467,1.49
45.307060,-0.2237,0.7066,-0.3260,0.81
45.357407,-0.0573,0.6008,0.2880,0.67
45.407840,-0.0521,1.2210,-0.0965,1.23
45.457987,0.2031,1.2828,0.0254,1.30
45.515101,-0.1152,0.7676,0.2211,0.81
45.562772,-0.1535,0.7437,0.1768,0.78
45.614671,-0.1546,1.0323,0.1168,1.05
45.665494,-0.1065,1.0521,0.1383,1.07
45.714350,-0.0729,0.9320,0.1998,0.96
45.762087,-0.1210,0.9673,0.1738,0.99
45.815675,-0.1886,0.9883,0.1675,1.02
45.868827,-0.1749,0.9757,0.2315,1.02
45.914452,-0.1541,0.9377,0.2548,0.98
45.964503,-0.1569,1.4555,-0.2171,1.48
46.015697,0.1657,1.1468,-0.0375,1.16
46.063126,-0.0629,0.7443,0.0536,0.75
46.114541,0.2103,0.6800,-0.0314,0.71
46.167989,0.2739,1.1653,0.0371,1.20
46.215303,0.0734,1.2584,0.0115,1.26
46.267632,0.0120,0.9782,0.0383,0.98
46.315416,0.0654,0.8302,0.0634,0.84
46.373017,0.1684,0.9032,0.0802,0.92
46.415071,0.1265,1.0054,0.0633,1.02
46.467325,0.0960,0.9724,0.0673,0.98
46.514370,0.1157,0.9544,0.0917,0.97
46.571449,0.0719,0.9120,0.1590,0.93
46.614413,0.0654,0.9344,0.1610,0.95
46.673501,0.1437,0.9781,0.1550,1.00
46.722626,0.1497,0.9668,0.1677,0.99
46.766661,0.1355,0.9680,0.1842,0.99
46.815366,0.1345,0.9587,0.1846,0.99
46.868604,0.1173,1.0171,0.2575,1.06
46.915833,0.1083,1.0477,0.2566,1.08
46.966369,0.1153,1.0314,0.2321,1.06
47.022786,-0.0523,1.4938,0.1571,1.50
47.070289,-0.1260,0.9676,-0.3579,1.04
47.123984,0.0797,0.5121,0.2496,0.58
47.168504,-0.2276,1.0301,-0.0677,1.06
47.222735,0.0396,1.2654,0.0167,1.27
47.275384,0.0996,0.8584,0.1887,0.88
47.322756,-0.1270,0.7468,0.1116,0.77
47.370504,-0.2764,0.9207,0.1001,0.97
47.422996,-0.1558,1.0458,0.1437,1.07
47.480863,-0.0494,0.9895,0.1657,1.00
47.522808,-0.0896,0.9391,0.2036,0.97
47.572373,-0.1241,0.9864,0.1705,1.01
47.623344,-0.1848,1.0025,0.1515,1.03
47.681636,-0.2046,0.9632,0.2360,1.01
47.722789,-0.2131,0.9826,0.2478,1.04
47.771722,0.0089,1.7568,-0.2078,1.77
47.823363,0.0638,0.9601,0.1162,0.97
47.872454,-0.1778,0.5756,-0.0131,0.60
47.922782,0.1849,0.7107,0.1456,0.75
47.980447,0.0544,1.3134,0.0073,1.31
48.023536,-0.0434,1.1501,-0.0573,1.15
48.076781,0.0916,0.8283,0.1611,0.85
48.123076,0.1051,0.8498,0.1784,0.87
48.175072,0.0635,0.9128,0.1789,0.93
48.222572,0.0572,1.0461,0.1532,1.06
48.283488,0.0645,0.9821,0.1724,1.00
48.323263,0.0258,0.9334,0.1851,0.95
48.375524,0.0466,0.9640,0.1610,0.98
48.423812,0.0875,0.9700,0.1892,0.99
48.478780,0.1265,0.9726,0.2154,1.00
48.531017,0.1185,0.9974,0.2227,1.03
48.575505,0.0785,1.0484,0.2553,1.08
48.631734,0.0423,0.9960,0.2592,1.03
48.675130,0.0361,0.9773,0.2702,1.01
48.730688,0.1148,1.0428,0.2030,1.07
48.784508,0.0114,1.4485,0.0203,1.45
48.831475,-0.1974,0.9051,-0.2989,0.97
48.877339,-0.0614,0.4702,0.1317,0.49
48.931176,-0.0273,1.0581,0.0745,1.06
48.982321,0.2772,1.4723,-0.1257,1.50
49.031140,-0.0230,0.8731,0.1072,0.88
49.086921,-0.2164,0.6562,0.1967,0.72
49.130818,-0.2343,0.8938,0.1544,0.94
49.184036,-0.1869,1.1014,0.1042,1.12
49.230659,-0.1688,0.9398,0.2177,0.98
49.281648,-0.1441,0.9112,0.2265,0.95
49.331074,-0.1038,0.9575,0.1344,0.97
49.380851,-0.1737,0.9718,0.0978,0.99
49.431116,-0.2230,1.0126,0.2005,1.06
49.481500,-0.2495,1.0014,0.2968,1.07
49.531006,-0.3520,1.4620,0.1531,1.51
49.582932,0.0537,1.1802,-0.1251,1.19
49.630828,-0.1663,0.5392,0.3248,0.65
49.683245,-0.0083,0.6419,-0.0119,0.64
49.732365,0.3340,1.1995,-0.1096,1.25
49.785557,0.1241,1.1552,-0.0217,1.16
49.831503,-0.0538,0.9424,0.1220,0.95
49.882607,-0.0737,0.9478,0.0272,0.95
49.931720,0.1015,0.8955,0.1235,0.91
49.983884,0.1087,0.9590,0.1937,0.98
50.039331,0.0406,1.0595,0.1000,1.06
50.086974,0.0058,1.0000,0.1297,1.01
50.139051,0.0183,0.8950,0.1638,0.91
50.183388,0.0381,0.9254,0.1578,0.94
50.239463,0.0400,0.9985,0.1650,1.01
50.285862,0.0881,0.9648,0.1613,0.98
50.339238,0.0305,0.9613,0.1853,0.98
50.398067,0.0662,0.9511,0.2064,0.98
50.439435,0.0982,1.0295,0.2740,1.07
50.485381,0.0556,1.1616,0.3026,1.20
50.539074,0.1433,1.1489,0.2057,1.18
50.594843,0.0242,1.4206,0.0418,1.42
50.639431,-0.0248,0.8615,-0.1914,0.88
50.689493,0.0463,0.5045,0.1035,0.52
50.739520,-0.2265,0.8654,0.0412,0.90
50.787506,0.0120,1.2959,0.0766,1.30
50.839644,0.0608,1.0346,0.1234,1.04
50.890629,-0.1837,0.8022,0.1383,0.83
50.940263,-0.2522,0.8609,0.2365,0.93
50.990343,-0.1973,0.9757,0.2069,1.02
51.039902,-0.1277,1.0137,0.1691,1.04
51.090057,-0.0991,0.9637,0.2330,1.00
51.139450,-0.2099,0.9551,0.2145,1.00
51.190929,-0.2768,0.9602,0.1701,1.01
51.239478,-0.2741,0.9744,0.2282,1.04
51.297873,-0.2020,0.9846,0.3235,1.06
51.339782,0.0132,1.4440,0.1101,1.45
51.390048,0.2096,1.0115,-0.2165,1.06
51.447419,-0.4766,0.7283,0.3058,0.92
51.498951,-0.0764,0.9505,-0.1537,0.97
51.547884,0.6146,1.1465,0.0104,1.30
51.591593,0.1302,1.0621,0.2563,1.10
51.647261,-0.0512,0.9886,0.0784,0.99
51.691601,0.1426,0.8175,0.0932,0.84
51.747797,0.0678,0.8495,0.2494,0.89
51.797346,0.0647,0.9593,0.1621,0.98
51.847693,0.1102,1.0156,0.1847,1.04
51.894381,0.0449,0.9708,0.2342,1.00
51.947583,-0.0144,0.9420,0.2326,0.97
51.993329,-0.0651,0.9275,0.2165,0.95
52.047825,0.0525,0.9576,0.1776,0.98
52.096454,0.0939,0.9577,0.2189,0.99
52.147244,0.0641,0.9543,0.2420,0.99
52.194067,0.0948,0.9727,0.2287,1.00
52.247666,0.0950,1.0025,0.2255,1.03
52.296434,0.0621,1.0269,0.2546,1.06
52.347311,0.1321,0.9950,0.2926,1.05
52.402623,-0.0142,1.3740,0.1841,1.39
52.447283,-0.0019,1.2837,-0.3509,1.33
52.497185,0.2091,0.7496,0.0607,0.78
52.547338,0.0243,0.6395,0.0884,0.65
52.598073,-0.2973,0.9764,0.1198,1.03
52.647997,-0.0716,1.1754,0.0519,1.18
52.698430,-0.0079,0.9556,0.0371,0.96
52.747573,-0.2490,0.9035,0.1470,0.95
52.800466,-0.1747,0.9006,0.1701,0.93
52.856433,-0.1239,1.0270,0.1449,1.04
52.899298,-0.1135,1.0011,0.1701,1.02
52.955274,-0.1668,0.9519,0.1587,0.98
53.000486,-0.1507,0.9615,0.1364,0.98
53.055474,-0.1624,1.0104,0.1825,1.04
53.108667,-0.2705,1.0226,0.2402,1.08
53.155979,-0.2214,1.4369,0.2038,1.47
53.203478,0.0653,1.1823,-0.0679,1.19
53.255747,-0.3032,0.5001,0.2279,0.63
53.303326,-0.2024,0.6688,-0.0484,0.70
53.355570,0.4841,1.2565,0.1622,1.36
53.406315,0.1634,1.1414,0.1912,1.17
53.455649,-0.0196,0.9358,0.1408,0.95
53.505952,0.0767,0.8220,0.0766,0.83
53.556868,0.2035,0.8177,0.2142,0.87
53.606094,0.1047,0.9568,0.2156,0.99
53.655653,0.1041,1.0305,0.2047,1.06
53.714550,0.1071,0.9527,0.2439,0.99
53.755339,0.0581,0.9080,0.3033,0.96
53.808537,-0.0604,1.0240,0.1633,1.04
53.855582,0.0314,1.0248,0.1656,1.04
53.908170,0.1624,0.9200,0.3178,0.99
53.955863,0.1300,1.1020,0.4643,1.20
54.013844,0.0323,1.4419,-0.4761,1.52
54.057685,0.3319,0.7389,-0.0101,0.81
54.113980,-0.0564,0.7168,0.0978,0.73
54.164870,-0.5529,1.1084,0.1198,1.24
54.213658,-0.2011,0.9303,0.0651,0.95
54.264968,-0.2086,0.8245,0.0577,0.85
54.314119,-0.3442,0.9210,0.0396,0.98
54.364975,-0.2202,0.9955,0.0756,1.02
54.414079,-0.1071,1.0760,0.1369,1.09
54.464870,-0.1240,0.9809,0.1821,1.01
54.515999,-0.1717,0.9448,0.1986,0.98
54.564849,-0.1679,0.9620,0.1778,0.99
54.614660,-0.2630,1.0046,0.1782,1.05
54.663684,-0.2967,1.2795,0.3682,1.36
54.716075,0.0880,1.4746,-0.3404,1.52
54.764240,-0.3473,0.3769,0.2815,0.58
54.814031,-0.2756,0.4705,-0.0369,0.55
54.863934,0.6036,1.1141,0.2970,1.30
54.914578,0.0859,1.3447,0.0189,1.35
54.964674,-0.0325,0.9497,0.2154,0.97
55.013636,0.0449,0.7451,0.1505,0.76
55.064512,0.0801,0.7968,0.1980,0.82
55.114731,0.0805,0.9857,0.2423,1.02
55.163967,0.1227,1.0215,0.2570,1.06
55.213804,0.0188,0.9422,0.2363,0.97
55.263604,-0.0278,0.9225,0.1475,0.93
55.316659,0.0192,1.0301,0.1602,1.04
55.364927,0.0278,1.0909,0.3264,1.14
55.422130,0.1489,1.0426,0.2681,1.09
55.465097,0.1168,1.3484,0.2358,1.37
55.515407,-0.0278,1.0904,-0.3667,1.15
55.571940,0.1486,0.6638,0.1183,0.69
55.623103,-0.1618,0.8260,0.0459,0.84
55.671900,-0.2548,1.2303,0.0726,1.26
55.722241,-0.0646,1.0325,0.0624,1.04
55.771790,-0.1474,0.8020,0.0688,0.82
55.822073,-0.3158,0.8767,0.2044,0.95
55.872287,-0.1752,0.9595,0.1782,0.99
55.922197,-0.1027,1.0106,0.1493,1.03
55.972958,-0.1676,0.9720,0.2237,1.01
56.022067,-0.2308,0.9348,0.2215,0.99
56.071993,-0.2103,0.9501,0.1608,0.99
56.122123,-0.1488,0.9667,0.1653,0.99
56.171897,-0.2000,0.9992,0.2519,1.05
56.223182,-0.2987,1.7137,0.1319,1.74
56.271828,0.1946,1.2134,-0.0994,1.23
56.322053,-0.1261,0.5600,0.1189,0.59
56.372395,0.0244,0.5190,0.0228,0.52
56.422780,0.2702,1.1142,0.1553,1.16
56.472409,0.0803,1.3419,-0.1275,1.35
56.523168,0.1331,0.9096,0.0960,0.92
56.573117,0.0778,0.7605,0.2280,0.80
56.624968,-0.0416,0.8712,0.1447,0.88
56.672058,0.0501,1.0203,0.1359,1.03
56.722233,0.0560,0.9985,0.1973,1.02
56.771734,-0.0168,0.9513,0.1609,0.96
56.824004,-0.0497,0.9853,0.1355,1.00
56.871859,-0.0561,1.0984,0.1945,1.12
56.931258,0.1171,0.9303,0.2521,0.97
56.972615,0.1279,0.9181,0.2755,0.97
57.026837,0.1322,1.0036,0.1804,1.03
57.079829,0.0146,1.7214,-0.2250,1.74
57.123690,0.1300,1.0014,-0.2025,1.03
57.179819,0.1795,0.5862,0.1528,0.63
57.227825,-0.1588,0.7518,0.1158,0.78
57.280434,-0.1811,1.2250,0.1552,1.25
57.330163,0.0002,0.9760,0.0641,0.98
57.381447,-0.2165,0.8670,0.1808,0.91
57.431103,-0.2246,0.9134,0.1571,0.95
57.480328,-0.1117,0.9726,0.1222,0.99
57.530005,-0.1317,0.9553,0.2132,0.99
57.580360,-0.2004,0.9220,0.2193,0.97
57.630007,-0.1677,0.9416,0.1748,0.97
57.680994,-0.1816,0.9704,0.1431,1.00
57.733548,-0.1930,1.0437,0.1775,1.08
57.779742,-0.1423,1.0480,0.2541,1.09
57.831018,-0.1161,1.0066,0.2755,1.05
57.880100,-0.1516,1.5539,0.0132,1.56
57.930557,0.0930,1.2109,-0.0817,1.22
57.979950,-0.1940,0.5408,0.1900,0.61
58.037038,0.0232,0.6505,0.1289,0.66
58.079609,0.4050,1.1794,0.1367,1.25
58.131403,0.0957,1.2091,0.0461,1.21
58.180035,-0.0392,0.8791,0.1340,0.89
58.230172,0.0641,0.7861,0.1670,0.81
58.288779,0.0812,0.9730,0.1735,0.99
58.337872,0.0906,1.0171,0.1621,1.03
58.389502,0.0795,0.9707,0.2896,1.02
58.432858,-0.0208,0.9425,0.2169,0.97
58.489370,-0.0211,0.9230,0.2237,0.95
58.532438,-0.0061,0.9316,0.2668,0.97
58.588287,-0.0158,1.0102,0.1656,1.02
58.633341,0.0768,1.0367,0.1909,1.06
58.688383,0.1544,1.0216,0.2890,1.07
58.738341,0.1986,1.0605,0.2925,1.12
58.788095,0.0573,1.5382,0.2197,1.55
58.839416,0.0738,1.0715,-0.2426,1.10
58.888193,0.1350,0.5778,0.1899,0.62
58.939272,-0.1936,0.6561,0.0360,0.68
58.988987,-0.2265,1.0945,0.1361,1.13
59.038090,0.0562,1.1822,0.1369,1.19
59.088313,-0.0968,0.8896,0.0941,0.90
59.138296,-0.1759,0.8532,0.1752,0.89
59.189392,-0.0980,0.9612,0.1745,0.98
59.238538,-0.1210,1.0408,0.1400,1.06
59.288720,-0.0679,0.9762,0.2353,1.01
59.338529,-0.0305,0.9337,0.2836,0.98
59.389195,-0.0446,0.9317,0.2035,0.95
59.439436,-0.1201,0.9921,0.1246,1.01
59.488300,-0.2300,1.0423,0.1338,1.08
59.539857,-0.2523,0.9465,0.1980,1.00
59.588732,-0.2230,0.9370,0.2611,1.00
59.642592,0.3725,1.6739,-0.1760,1.72
59.687975,0.1910,0.9327,0.1488,0.96
59.738897,-0.0028,0.6857,0.0123,0.69
59.788540,0.3449,0.8617,0.1594,0.94
59.839006,0.1214,1.0274,0.1176,1.04
59.889237,0.0866,1.0482,0.0993,1.06
59.939089,0.1919,0.9481,0.1021,0.97
59.997108,0.1956,0.9083,0.1492,0.94
60.043506,0.2458,0.9947,0.0701,1.03
60.096588,0.1692,0.9792,0.0933,1.00
60.146328,0.0339,0.9674,0.1463,0.98
60.197397,-0.0078,0.9727,0.1796,0.99
60.242107,0.0847,0.9547,0.2120,0.98
60.296375,0.1674,0.9714,0.3025,1.03
60.342043,0.0778,0.9522,0.2865,1.00
60.396103,0.0796,1.2763,0.0336,1.28
60.441546,0.1308,1.0983,-0.2473,1.13
60.496062,0.1337,0.7569,0.1704,0.79
60.545282,-0.0044,0.9855,-0.1071,0.99
60.596394,-0.3232,1.2254,-0.1547,1.28
60.646174,-0.1250,0.9838,0.1168,1.00
60.696514,-0.1371,0.8562,0.0784,0.87
60.746282,-0.2404,0.9408,0.1210,0.98
60.796993,-0.1392,0.9701,0.2415,1.01
60.846339,-0.1352,0.9616,0.2049,0.99
60.896214,-0.1405,0.9494,0.2072,0.98
60.946970,-0.1293,0.9573,0.2108,0.99
60.996236,-0.1789,0.9942,0.1603,1.02
61.045548,-0.1223,0.9828,0.2602,1.02
61.096087,-0.0253,1.0080,0.2724,1.04
61.145977,0.4493,1.5456,-0.2771,1.63
61.197194,0.2649,1.0435,0.1519,1.09
61.246828,-0.0885,0.7277,-0.0360,0.73
61.296999,0.0950,0.7508,0.2266,0.79
61.348462,0.1243,1.0497,0.0640,1.06
61.396746,0.1024,1.0933,0.0783,1.10
61.450393,0.2453,0.9107,0.2169,0.97
61.496380,0.1104,0.8654,0.1161,0.88
61.549987,0.1403,0.9806,0.1306,1.00
61.609684,0.1721,0.9763,0.1650,1.00
61.647269,0.1624,0.9601,0.1633,0.99
61.704787,0.1475,0.9264,0.1577,0.95
61.753835,0.1038,0.9473,0.1740,0.97
61.804717,0.1504,0.9900,0.2044,1.02
61.855769,0.1517,0.9894,0.2917,1.04
61.904493,0.0914,0.9449,0.2993,1.00
61.953335,0.1563,1.0376,0.2315,1.07
62.004773,-0.0494,1.6012,0.0065,1.60
62.055509,0.1276,0.7906,-0.1871,0.82
62.105234,0.2125,0.5818,0.2710,0.68
62.155078,-0.0412,0.9654,0.0671,0.97
62.205314,-0.1679,1.3164,0.0055,1.33
62.254975,-0.0156,0.9140,0.1856,0.93
62.304921,-0.1924,0.7923,0.1484,0.83
62.354703,-0.2107,0.8733,0.1853,0.92
62.404835,-0.1904,1.0310,0.1882,1.07
62.456350,-0.1474,1.0284,0.1964,1.06
62.504305,-0.0960,0.9380,0.2163,0.97
62.555001,-0.0606,0.9215,0.1731,0.94
62.604862,-0.1229,0.9602,0.1508,0.98
62.656097,-0.1907,1.0061,0.1861,1.04
62.704143,-0.1908,0.9367,0.2867,1.00
62.754336,-0.1734,1.1412,0.2845,1.19
62.804989,0.2110,1.6386,-0.4131,1.70
62.856748,-0.0157,0.8028,0.1982,0.83
62.904831,-0.0207,0.5961,0.0424,0.60
62.955228,0.3687,0.8780,0.1724,0.97
63.005029,0.1449,1.2320,0.0388,1.24
63.063618,0.1012,0.9129,0.1466,0.93
63.113208,0.0769,0.7744,0.1729,0.80
63.163122,0.0970,0.8777,0.2244,0.91
63.213236,0.1132,1.0718,0.1757,1.09
63.264035,0.0678,0.9372,0.1840,0.96
63.312634,0.0703,0.9158,0.2483,0.95
63.362642,0.0758,0.9627,0.2490,1.00
63.412798,0.0669,0.9775,0.2105,1.00
63.459357,0.0585,0.9756,0.2675,1.01
63.513399,0.0632,1.0088,0.2633,1.04
63.563137,0.1396,1.0550,0.2403,1.09
63.612840,-0.0458,1.6077,0.1958,1.62
63.662817,-0.0819,1.1414,-0.3883,1.21
63.712714,0.1408,0.5053,0.2481,0.58
63.763097,-0.2033,0.8283,0.0851,0.86
63.813278,-0.1210,1.2512,0.0251,1.26
63.863073,-0.0363,0.9374,0.1758,0.95
63.913078,-0.1786,0.7589,0.2035,0.81
63.962726,-0.2494,0.9446,0.2019,1.00
64.013393,-0.1682,1.0102,0.1254,1.03
64.062890,-0.1481,0.9104,0.2572,0.96
64.112969,-0.2140,0.8880,0.3228,0.97
64.163280,-0.2071,0.9043,0.2293,0.96
64.213582,-0.1183,0.9217,0.2190,0.95
64.263799,-0.1064,0.9642,0.2173,0.99
64.313001,-0.1407,0.9728,0.2122,1.01
64.363297,-0.1975,0.9028,0.3128,0.98
64.412422,-0.2866,0.9177,0.3761,1.03
64.465126,-0.2874,1.4733,0.0771,1.50
64.513046,0.0779,1.4828,-0.1994,1.50
64.562974,0.0648,0.7638,0.1464,0.78
64.613896,0.0703,0.7352,0.1912,0.76
64.663274,-0.0732,1.0643,0.0400,1.07
64.712941,-0.0532,1.0066,0.0117,1.01
64.763094,0.2780,0.8408,0.1998,0.91
64.821877,0.0769,0.8984,0.1668,0.92
64.871927,0.0356,0.9996,0.1582,1.01
64.921267,0.0270,0.9596,0.2028,0.98
64.964435,0.0342,0.8965,0.2483,0.93
65.021627,0.0815,0.9299,0.1977,0.95
65.072079,0.0975,0.9601,0.1487,0.98
65.122322,0.1102,1.0098,0.1759,1.03
65.172369,0.0695,1.0215,0.2625,1.06
65.221650,0.0960,0.9903,0.2996,1.04
65.272561,0.1519,1.0314,0.2719,1.08
65.321292,-0.0390,1.5656,0.0859,1.57
65.371226,-0.0058,0.9436,-0.2615,0.98
65.421049,0.1165,0.5769,0.1575,0.61
65.471924,-0.2102,0.9105,0.0323,0.94
65.521707,-0.1477,1.2910,0.0363,1.30
65.571102,-0.0258,0.9167,0.1343,0.93
65.622613,-0.1516,0.8689,0.1915,0.90
65.671829,-0.1772,0.9698,0.1680,1.00
65.721465,-0.0700,0.9399,0.1857,0.96
65.771951,-0.0885,0.9259,0.2031,0.95
65.821495,-0.1756,0.9308,0.2459,0.98
65.871585,-0.1639,0.9533,0.1797,0.98
65.922585,-0.2594,0.9734,0.1898,1.03
65.970678,-0.2110,0.9615,0.2725,1.02
66.020990,-0.0555,1.2781,-0.1094,1.28
66.071445,0.2935,1.6082,-0.0175,1.63
66.120842,-0.0890,0.8218,0.1055,0.83
66.172227,0.0333,0.6759,0.0594,0.68
66.221743,0.2406,0.9488,0.2113,1.00
66.270959,0.0943,1.0674,0.0741,1.07
66.329900,0.1912,0.9115,0.1116,0.94
66.371442,0.0707,0.8704,0.1846,0.89
66.429824,-0.0358,0.9397,0.1890,0.96
66.474157,0.0011,0.9683,0.1836,0.99
66.530203,0.0726,0.9312,0.2127,0.96
66.579465,0.0879,0.9233,0.1811,0.94
66.630543,0.0839,0.9449,0.1500,0.96
66.675313,0.0582,0.9753,0.1714,0.99
66.723430,0.0356,1.0235,0.2900,1.06
66.774054,0.0620,1.1009,0.2667,1.13
66.829513,0.0681,1.4524,0.2369,1.47
66.880257,-0.1055,1.1753,-0.3845,1.24
66.929171,0.2098,0.5884,0.1004,0.63
66.979325,-0.0319,0.7304,0.0016,0.73
67.029491,-0.1751,1.2231,0.0786,1.24
67.079048,0.0013,1.0898,0.1101,1.10
67.130288,-0.0736,0.7948,0.0845,0.80
67.179330,-0.2014,0.9270,0.1944,0.97
67.229567,-0.1714,0.9857,0.1374,1.01
67.275145,-0.1026,0.9956,0.1278,1.01
67.329868,-0.0798,0.9307,0.2310,0.96
67.380218,-0.1672,0.9262,0.2118,0.96
67.430508,-0.1893,0.9515,0.1883,0.99
67.479100,-0.1719,0.9698,0.1847,1.00
67.530556,-0.1727,0.9479,0.2450,0.99
67.580493,-0.1740,0.9040,0.3120,0.97
67.629580,-0.1099,1.2476,0.1500,1.26
67.679966,0.1859,1.6083,-0.2291,1.64
67.728917,-0.0313,0.9219,0.1538,0.94
67.778959,-0.0782,0.6375,0.0417,0.64
67.829794,0.2706,0.6848,0.1160,0.75
67.880319,0.2342,1.1122,0.0609,1.14
67.929788,0.1522,1.1835,0.0045,1.19
67.979096,0.1753,0.8780,0.1367,0.91
68.030641,0.1255,0.9239,0.2088,0.96
68.079129,0.1277,0.9491,0.2235,0.98
68.129581,0.0865,0.9087,0.2293,0.94
68.182911,0.0540,0.9554,0.1493,0.97
68.229137,0.1271,0.9800,0.1354,1.00
68.287973,0.1165,0.9581,0.1830,0.98
68.329802,0.0450,0.9699,0.2157,0.99
68.387241,0.0386,0.9001,0.2884,0.95
68.430376,0.1231,0.8998,0.3100,0.96
68.480630,0.0271,1.4087,0.4252,1.47
68.537815,-0.0577,1.2132,-0.5220,1.32
68.587297,0.3435,0.4129,0.4590,0.71
68.637586,-0.1122,0.8086,0.0169,0.82
68.687405,-0.2630,1.3792,-0.0983,1.41
68.738010,0.0946,1.0729,0.2053,1.10
68.787216,0.0066,0.7721,0.1406,0.78
68.838161,-0.2678,0.8864,0.1365,0.94
68.887414,-0.1658,0.9366,0.1957,0.97
68.937919,-0.1330,1.0084,0.1491,1.03
68.988729,-0.1314,0.9768,0.2084,1.01
69.038189,-0.1008,0.9489,0.1812,0.97
69.084244,-0.1080,0.9369,0.1513,0.96
69.137181,-0.1577,0.9782,0.1750,1.01
69.187845,-0.1730,0.9806,0.2393,1.02
69.238602,-0.2081,0.9460,0.3266,1.02
69.288161,-0.0708,1.6078,-0.0599,1.61
69.337766,0.1212,1.1613,-0.0623,1.17
69.388398,-0.0682,0.7045,0.1621,0.73
69.437681,0.1720,0.7570,0.0682,0.78
69.487158,0.2448,1.1233,0.0776,1.15
69.537128,0.1062,0.9892,0.0397,1.00
69.589286,0.1760,0.8327,0.2033,0.88
69.637720,0.0172,0.9264,0.1376,0.94
69.691547,-0.0139,1.0215,0.1608,1.03
69.738215,0.0964,0.9587,0.2219,0.99
69.791048,0.0397,0.9627,0.1917,0.98
69.838490,-0.0117,0.9719,0.2122,0.99
69.896765,-0.0077,0.9053,0.1910,0.93
69.946456,0.1019,0.9497,0.1887,0.97
69.996797,0.0952,0.9950,0.1776,1.02
70.046109,0.1098,0.9869,0.2396,1.02
70.095470,0.1051,0.9598,0.2805,1.01
70.145958,0.1129,1.0144,0.2847,1.06
70.196533,0.0184,1.5685,0.2347,1.59
70.246015,0.0381,1.0497,-0.3816,1.12
70.295626,0.1947,0.5042,0.1895,0.57
70.347211,-0.0950,0.8228,0.1625,0.84
70.394785,-0.1363,1.4074,-0.0006,1.41
70.447794,0.1032,0.9767,0.1640,1.00
70.497745,-0.0938,0.7949,0.1692,0.82
70.546611,-0.2364,0.9152,0.1643,0.96
70.595295,-0.1331,0.9498,0.1580,0.97
70.645621,-0.0963,0.9922,0.1990,1.02
70.697800,-0.1394,0.9199,0.2398,0.96
70.746404,-0.1167,0.9062,0.2116,0.94
70.797294,-0.1789,0.9362,0.1619,0.97
70.846793,-0.1887,1.0079,0.1569,1.04
70.895878,-0.1303,1.0146,0.2452,1.05
70.945524,-0.1974,0.9557,0.3512,1.04
70.996680,-0.1391,1.5702,0.0007,1.58
71.047596,0.1598,1.1709,-0.1306,1.19
71.096018,-0.0548,0.5485,0.1673,0.58
71.155898,0.2677,0.8102,0.1127,0.86
71.203457,0.1566,1.2667,-0.0931,1.28
71.247003,0.1356,0.9693,0.0656,0.98
71.303870,0.2238,0.8662,0.1385,0.91
71.354490,0.1169,0.9820,0.1226,1.00
71.404277,0.0052,1.0076,0.1467,1.02
71.453655,0.0024,0.9359,0.1429,0.95
71.505979,0.0682,0.9578,0.0992,0.97
71.555245,0.0508,0.9850,0.1680,1.00
71.604021,0.0355,1.0018,0.1894,1.02
71.653972,0.0404,1.0078,0.1636,1.02
71.703931,0.0601,1.0152,0.3077,1.06
71.754110,0.0336,1.1210,0.2271,1.14
71.804658,-0.1111,1.6912,-0.3037,1.72
71.855010,0.1870,0.6100,-0.0993,0.65
71.903589,0.2000,0.4855,0.2958,0.60
71.954365,-0.3249,1.0411,-0.0841,1.09
72.003975,-0.0654,1.3696,0.1096,1.38
72.055283,0.0430,0.8459,0.2369,0.88
72.103963,-0.1265,0.7975,0.1812,0.83
72.154953,-0.2830,0.9379,0.2060,1.00
72.201450,-0.1323,0.9656,0.1971,0.99
72.254343,-0.1051,0.9853,0.2140,1.01
72.304330,-0.1444,0.9447,0.2496,0.99
72.354058,-0.1414,0.9421,0.2052,0.97
72.405198,-0.1836,0.9656,0.2045,1.00
72.454164,-0.2144,0.9585,0.2842,1.02
72.504882,-0.1741,0.9776,0.3202,1.04
72.554499,0.0975,1.7394,-0.2550,1.76
72.603615,0.1317,0.9941,0.0013,1.00
72.654481,-0.0438,0.6538,0.1225,0.67
72.705141,0.1764,0.7735,-0.0531,0.80
72.763572,0.2147,1.1796,0.0128,1.20
72.804347,0.1612,1.1450,0.0224,1.16
72.854690,0.1243,0.9316,0.0093,0.94
72.913101,0.1187,0.8831,0.0953,0.90
72.963798,0.1195,0.9669,0.1177,0.98
73.013135,0.1428,0.9704,0.1301,0.99
73.062656,0.1071,0.9130,0.1354,0.93
73.113266,0.0948,0.9309,0.1344,0.95
73.161929,0.0483,1.0013,0.1271,1.01
73.212163,-0.0266,1.0060,0.1962,1.03
73.262400,0.0569,0.9526,0.2108,0.98
73.312024,0.2059,0.9524,0.2003,0.99
73.362393,0.1018,1.5262,0.1868,1.54
73.411916,0.0819,1.1412,-0.4505,1.23
73.462398,0.3381,0.4789,0.4291,0.73
73.512560,0.0110,0.8023,-0.0480,0.80
73.563077,-0.3790,1.2859,-0.0866,1.34
73.611871,-0.1190,1.0787,0.2246,1.11
73.662914,0.0251,0.8691,0.0355,0.87
73.711870,-0.1084,0.9258,0.1283,0.94
73.761948,-0.1657,0.9272,0.2122,0.97
73.813563,-0.0669,0.9795,0.1787,1.00
73.863394,-0.0775,1.0128,0.2090,1.04
73.912237,-0.0490,0.9272,0.2181,0.95
73.961761,-0.0441,0.9362,0.1937,0.96
74.013058,-0.2136,0.9922,0.2049,1.04
74.063198,-0.2090,1.0387,0.1857,1.08
74.112939,0.0281,1.5859,-0.0778,1.59
74.161988,0.0595,1.0708,0.1802,1.09
74.212382,-0.1121,0.6714,0.0313,0.68
74.262443,0.1795,0.7451,-0.0410,0.77
74.311917,0.3280,1.0672,-0.0308,1.12
74.362283,0.2044,1.0569,0.0457,1.08
74.413826,0.1519,0.9851,-0.0698,1.00
74.462079,0.1574,0.8640,0.0975,0.88
74.512086,0.1796,0.9516,0.1405,0.98
74.562759,0.1534,1.0014,0.0952,1.02
74.614635,0.0787,0.9779,0.1691,1.00
74.670780,0.0222,0.9618,0.1735,0.98
74.715679,0.0394,0.9496,0.1838,0.97
74.770580,0.0311,0.9995,0.2235,1.02
74.820955,0.1701,1.0295,0.2228,1.07
74.870977,0.1179,1.0801,0.2475,1.11
74.920531,0.0217,1.2366,0.3471,1.28
74.970280,-0.2140,1.4200,-0.3680,1.48
75.021491,0.1775,0.6113,0.0499,0.64
75.070849,0.0499,0.6084,0.1016,0.62
75.120742,-0.2683,1.1461,0.0936,1.18
75.171924,-0.0258,1.0615,0.0751,1.06
75.220220,-0.1031,0.8040,0.1287,0.82
75.271249,-0.2566,0.8718,0.2083,0.93
75.320496,-0.2149,0.9842,0.1599,1.02
75.369997,-0.1604,1.0164,0.1523,1.04
75.420337,-0.1165,0.9413,0.2088,0.97
75.470023,-0.1242,0.9276,0.1941,0.96
75.521916,-0.1906,0.9222,0.2081,0.96
75.570473,-0.2512,0.9247,0.2501,0.99
75.620332,-0.2492,1.2277,0.2434,1.28
75.670475,0.2166,1.7906,-0.3966,1.85
75.729079,-0.1023,0.6960,0.1521,0.72
75.771480,0.0813,0.5458,0.0322,0.55
75.828112,0.3562,1.0169,0.0194,1.08
75.878813,0.0921,1.1237,-0.0222,1.13
75.929212,0.1591,0.9655,0.0853,0.98
75.979356,0.1281,0.9287,0.0815,0.94
76.029316,0.0244,0.9443,0.0919,0.95
76.079025,0.0955,0.9693,0.0971,0.98
76.128421,0.1329,0.9869,0.1413,1.01
76.179127,0.0587,0.9825,0.1768,1.00
76.228240,0.0504,0.9746,0.1874,0.99
76.278355,0.0554,0.9566,0.1888,0.98
76.328483,0.0926,0.9447,0.1905,0.97
76.378599,0.1284,0.9274,0.1990,0.96
76.429942,0.1138,0.9663,0.2533,1.01
76.478263,0.1313,0.9850,0.2662,1.03
76.529366,-0.0165,1.4376,0.3498,1.48
76.578392,-0.0761,1.2121,-0.3836,1.27
76.628972,0.2795,0.6112,0.1220,0.68
76.678290,-0.1087,0.7348,0.0346,0.74
76.729093,-0.2857,1.2554,0.0569,1.29
76.779595,0.1348,1.0741,0.0769,1.09
76.828738,-0.0598,0.8443,0.0688,0.85
76.879200,-0.3061,0.8966,0.1627,0.96
76.928526,-0.1549,0.9302,0.1455,0.95
76.979623,-0.0953,1.0114,0.1133,1.02
77.028414,-0.0977,0.9890,0.1790,1.01
77.079497,-0.0985,0.9623,0.1491,0.98
77.130635,-0.0961,0.9700,0.1731,0.99
77.179063,-0.2061,0.9668,0.2121,1.01
77.228995,-0.2412,1.0401,0.1566,1.08
77.279538,0.0607,1.5903,-0.3141,1.62
77.336692,-0.0523,0.9359,0.0805,0.94
77.379320,-0.0827,0.6435,0.0836,0.65
77.436332,0.2762,0.8473,0.1140,0.90
77.486578,0.1980,1.2802,-0.0893,1.30
77.537738,0.1966,1.0587,-0.0158,1.08
77.587652,0.1522,0.8418,0.1222,0.86
77.636252,0.0709,0.8663,0.0748,0.87
77.686783,0.2183,0.9669,0.0288,0.99
77.736669,0.2390,0.9506,0.0132,0.98
77.786531,0.2081,0.8957,0.0204,0.92
77.837156,0.1660,0.9627,0.0722,0.98
77.886528,0.0522,0.9971,0.1754,1.01
77.936759,0.0654,0.9964,0.1511,1.01
77.986663,0.1994,0.9849,0.1541,1.02
78.037488,0.1857,0.9714,0.1914,1.01
78.087311,0.0317,1.2656,0.3844,1.32
78.136653,-0.1776,1.5707,-0.5952,1.69
78.187077,0.2069,0.4889,-0.0471,0.53
78.237319,0.2313,0.5768,0.1673,0.64
78.286952,-0.3078,1.3158,-0.1615,1.36
78.336352,-0.0200,1.2033,0.0276,1.20
78.387615,0.0308,0.7316,0.1728,0.75
78.437379,-0.1876,0.8080,0.1431,0.84
78.487529,-0.1582,0.9874,0.1146,1.01
78.536378,-0.1135,1.0328,0.0937,1.04
78.586826,-0.0855,0.9887,0.1527,1.00
78.637032,-0.0817,0.9346,0.1613,0.95
78.686438,-0.1384,0.9395,0.1638,0.96
78.736760,-0.2447,0.9721,0.1748,1.02
78.787388,-0.2395,0.9881,0.1993,1.04
78.836329,-0.1463,1.0437,0.3130,1.10
78.886793,0.1784,1.6100,-0.1345,1.63
78.936730,0.1253,1.0705,-0.0480,1.08
78.987039,-0.0779,0.5836,0.1438,0.61
79.044841,0.3129,0.8412,0.1289,0.91
79.094659,0.1732,1.1359,-0.0532,1.15
79.144842,-0.0029,0.9568,0.0074,0.96
79.188640,0.2312,0.8643,0.0742,0.90
79.245916,0.1979,0.9521,0.0261,0.97
79.294632,0.1494,1.0051,0.1250,1.02
79.344979,0.1381,0.9453,0.1548,0.97
79.394799,0.1250,0.9380,0.1454,0.96
79.445498,0.1502,0.9612,0.1335,0.98
79.495581,0.1347,0.9339,0.1801,0.96
79.545125,0.1007,0.9750,0.1898,1.00
79.594747,0.1032,1.0374,0.1931,1.06
79.645067,0.0621,1.0234,0.2736,1.06
79.694669,0.0853,1.0442,0.3159,1.09
79.744700,0.1901,1.4367,0.1066,1.45
79.794727,-0.0452,1.2425,-0.2968,1.28
79.844763,0.1067,0.5208,0.1513,0.55
79.894923,-0.0467,0.5950,0.0841,0.60
79.945007,-0.2530,1.1595,-0.0575,1.19
79.994591,0.0428,1.2320,0.0492,1.23
80.044533,-0.1221,0.8132,0.1066,0.83
80.094884,-0.3149,0.8932,0.1402,0.96
80.144656,-0.2340,0.9825,0.1725,1.02
80.194981,-0.1543,0.9827,0.1668,1.01
80.244733,-0.0954,0.9342,0.2060,0.96
80.295540,-0.1755,0.9351,0.1839,0.97
80.345081,-0.1223,0.9520,0.1318,0.97
80.394505,-0.1903,0.9507,0.1658,0.98
80.445454,-0.2323,0.9317,0.2464,0.99
80.494507,-0.2103,0.9133,0.3313,0.99
80.546336,-0.2334,0.9804,0.3935,1.08
80.594814,0.0540,1.9050,-0.4091,1.95
80.645544,0.0983,0.9347,0.0876,0.94
80.694817,-0.0205,0.5077,0.0488,0.51
80.744900,0.3485,0.7619,-0.0620,0.84
80.794209,0.1685,1.1698,-0.0345,1.18
80.844472,0.0199,1.0737,-0.1396,1.08
80.894563,0.4584,0.8000,0.0601,0.92
80.945245,0.1074,0.9559,0.0678,0.96
80.995108,0.0634,1.0372,0.0308,1.04
81.044850,0.1084,0.9556,0.0483,0.96
81.094662,0.1142,0.9644,0.0503,0.97
81.144747,0.1258,0.9872,0.0174,1.00
81.194915,0.0808,1.1042,0.1020,1.11
81.245065,0.0665,1.0851,0.2398,1.11
81.295229,0.0913,1.1052,0.2587,1.14
81.353393,-0.0509,1.4745,-0.5595,1.58
81.402615,0.1658,0.5822,-0.1206,0.62
81.452886,0.0251,0.6334,0.1951,0.66
81.503315,-0.2853,1.1027,-0.0649,1.14
81.547363,0.0235,1.1902,0.0737,1.19
81.602611,0.0555,0.8291,0.1491,0.84
81.650206,-0.3177,0.8882,0.0864,0.95
81.702750,-0.2300,0.9215,0.1166,0.96
81.754072,-0.1346,0.9626,0.1395,0.98
81.802769,-0.1182,0.9941,0.1271,1.01
81.853019,-0.1256,0.9296,0.1921,0.96
81.902953,-0.1270,0.9309,0.1409,0.95
81.952860,-0.1649,0.9663,0.1207,0.99
82.002717,-0.1450,1.0248,0.2276,1.06
82.053964,-0.1658,1.1099,0.3078,1.16
82.102615,-0.1415,1.3950,-0.0504,1.40
82.153212,0.0221,1.1637,-0.1109,1.17
82.204319,-0.0018,0.7311,0.0701,0.73
82.252942,0.1049,0.7823,-0.0034,0.79
82.303677,0.2165,1.0204,-0.0247,1.04
82.353062,0.0621,1.0264,-0.0142,1.03
82.402677,0.0651,1.0121,-0.0059,1.01
82.452630,0.1926,0.9875,0.0526,1.01
82.503579,0.1383,0.9254,0.1493,0.95
82.553592,0.0994,0.9639,0.1682,0.98
82.602645,0.0256,0.9639,0.1530,0.98
82.652789,0.0093,0.9173,0.1712,0.93
82.702654,0.0634,0.9392,0.1712,0.96
82.761195,0.1112,0.9493,0.1795,0.97
82.803521,0.0884,0.9867,0.1727,1.01
82.861611,0.1144,1.0300,0.2224,1.06
82.903840,0.1315,1.0085,0.3131,1.06
82.961055,0.0981,1.1000,0.3065,1.15
83.011031,-0.0403,1.5487,-0.2108,1.56
83.061707,0.1684,0.7509,-0.1021,0.78
83.111011,0.0336,0.6106,0.1893,0.64
83.160945,-0.2663,0.9088,-0.0096,0.95
83.211553,-0.1000,1.1797,0.1063,1.19
83.263439,0.0495,0.9780,0.1113,0.99
83.310923,-0.1748,0.9177,0.0955,0.94
83.361167,-0.2628,0.9162,0.1944,0.97
83.410987,-0.1525,0.9259,0.2045,0.96
83.461246,-0.1193,0.9936,0.1886,1.02
83.510927,-0.0474,0.9681,0.2344,1.00
83.561420,-0.1134,0.9214,0.1970,0.95
83.610999,-0.1725,0.9283,0.1922,0.96
83.661452,-0.1863,1.0099,0.1491,1.04
83.710893,-0.2135,0.9761,0.2087,1.02
83.762114,-0.2688,0.9652,0.3009,1.05
83.812359,-0.0701,1.6716,-0.1713,1.68
83.860967,0.1539,1.0767,0.0093,1.09
83.911106,-0.1680,0.6041,0.1705,0.65
83.961293,0.1016,0.7230,-0.0330,0.73
84.010887,0.3123,1.0868,-0.0621,1.13
84.060739,0.1161,1.1147,-0.0274,1.12
84.112077,0.1334,1.0189,0.0176,1.03
84.161548,0.1349,0.9507,0.0183,0.96
84.212013,0.1361,0.9095,0.0512,0.92
84.261704,0.1493,0.9070,0.0796,0.92
84.310626,0.1447,0.9477,0.0422,0.96
84.360933,0.1565,0.9897,0.0386,1.00
84.411158,0.0792,0.9939,0.1024,1.00
84.462181,0.0318,0.9880,0.1308,1.00
84.511319,0.0245,1.0014,0.0839,1.01
84.570192,0.0542,1.0569,0.1450,1.07
84.619158,0.1117,1.1292,0.1912,1.15
84.669640,0.1611,1.1761,0.2440,1.21
84.719209,0.0852,1.4484,-0.2942,1.48
84.769805,0.1690,0.7298,-0.0890,0.75
84.819410,0.1945,0.5399,0.1146,0.59
84.869932,-0.1856,1.0058,-0.2392,1.05
84.918997,-0.1168,1.2808,-0.0070,1.29
84.968952,0.0648,0.9243,-0.0010,0.93
85.019326,-0.0963,0.8398,0.0289,0.85
85.069654,-0.1337,0.9974,0.0490,1.01
85.118957,-0.0458,1.0493,0.1212,1.06
85.170371,-0.0539,1.0403,0.0142,1.04
85.219312,-0.1068,0.9902,0.0584,1.00
85.269480,-0.1539,1.0100,0.1025,1.03
85.318652,-0.2074,1.0464,0.0628,1.07
85.370866,-0.2194,0.9434,0.1280,0.98
85.418903,-0.1755,0.9355,0.1961,0.97
85.470015,0.4633,1.3415,-0.0975,1.42
85.519377,0.3032,0.9090,0.0477,0.96
85.569250,0.0035,0.7468,0.0693,0.75
85.620000,0.0976,0.9522,0.0945,0.96
85.670697,0.1151,1.0394,0.0624,1.05
85.718940,0.1782,0.9945,0.2052,1.03
85.769921,0.2531,1.0019,0.0926,1.04
85.819367,0.1881,0.9385,0.0839,0.96
85.869182,0.0540,0.9628,0.1298,0.97
85.919236,0.0801,0.9886,0.1648,1.01
85.969638,0.2227,0.9933,0.1567,1.03
86.019744,0.2518,0.9704,0.1188,1.01
86.078587,0.2071,0.9310,0.1923,0.97
86.119899,0.1564,0.9636,0.2126,1.00
86.170488,0.1823,1.0303,0.1942,1.06
86.227946,0.1792,0.9157,0.2472,0.97
86.277660,0.1163,1.1934,0.0916,1.20
86.327419,0.0659,1.0292,-0.0009,1.03
86.378117,0.0191,0.7866,0.1764,0.81
86.427816,-0.0723,0.8732,0.0932,0.88
86.477929,-0.2829,1.0986,-0.0356,1.14
86.527725,-0.2663,1.0782,0.0503,1.11
86.577185,-0.0687,0.9722,0.1030,0.98
86.627200,-0.1126,0.8998,0.0911,0.91
86.677931,-0.1784,0.9364,0.1376,0.96
86.727649,-0.1541,1.0213,0.1563,1.04
86.777790,-0.1173,1.0008,0.1442,1.02
86.827039,-0.0971,0.9008,0.1693,0.92
86.877265,-0.1011,0.9327,0.1284,0.95
86.927321,-0.2446,1.0494,0.0796,1.08
86.977038,-0.2715,1.0895,0.2259,1.15
87.027342,-0.2443,1.0133,0.3453,1.10
87.078235,-0.2164,1.4278,0.1911,1.46
87.128330,0.2165,1.2532,-0.5312,1.38
87.177325,-0.1067,0.6304,0.1751,0.66
87.227284,0.0631,0.5038,0.0221,0.51
87.277677,0.4753,1.1573,0.0347,1.25
87.327194,0.0848,1.2603,-0.1025,1.27
87.378015,-0.0022,0.9169,0.0682,0.92
87.427129,0.2199,0.7804,0.1931,0.83
87.478423,0.0261,0.9101,0.1040,0.92
87.527090,0.0335,0.9621,0.1423,0.97
87.577171,-0.0049,0.9291,0.1453,0.94
87.627586,0.0741,0.9479,0.1333,0.96
87.677901,0.1560,0.9680,0.1414,0.99
87.728432,0.0924,0.9806,0.1409,1.00
87.786052,0.0247,1.0036,0.2630,1.04
87.829172,0.1229,0.9777,0.3168,1.04
87.886614,0.1709,1.1884,0.1724,1.21
87.936425,0.1237,1.4408,-0.2022,1.46
87.985616,-0.0473,0.9678,-0.0700,0.97
88.035918,-0.0978,0.6832,0.1710,0.71
88.085291,-0.1911,0.9133,-0.0622,0.94
88.135515,-0.1295,1.1623,-0.0228,1.17
88.185414,-0.0584,1.0196,0.1756,1.04
88.235581,-0.1045,0.8453,0.2118,0.88
88.285729,-0.0642,0.9424,0.1829,0.96
88.336038,-0.0736,0.9544,0.1922,0.98
88.386622,-0.0747,0.9784,0.1923,1.00
88.435820,-0.0546,0.8927,0.2632,0.93
88.486246,-0.0761,0.8907,0.2430,0.93
88.535408,-0.0895,0.9356,0.2129,0.96
88.585013,-0.2055,1.0155,0.2260,1.06
88.635312,-0.2185,1.0362,0.3129,1.10
88.685582,-0.1674,1.1977,0.3029,1.25
88.735152,0.1235,1.6780,-0.3053,1.71
88.785583,-0.1718,0.6719,0.0889,0.70
88.835106,-0.1742,0.4856,0.0264,0.52
88.885606,0.2049,0.9498,0.2251,1.00
88.935151,-0.0065,1.3709,-0.0636,1.37
88.985566,0.0098,0.9547,0.0431,0.96
89.035109,0.1941,0.7811,0.1988,0.83
89.085581,0.0912,0.8845,0.1488,0.90
89.135579,0.0514,1.0478,0.1176,1.06
89.185229,-0.0142,0.9892,0.1718,1.00
89.234956,-0.0156,0.9185,0.1803,0.94
89.285321,0.0386,0.9304,0.1447,0.94
89.335146,0.0685,0.9735,0.1456,0.99
89.385477,0.0963,0.9873,0.1630,1.01
89.436449,0.0895,0.9620,0.2194,0.99
89.494465,0.1063,0.9969,0.2797,1.04
89.536623,0.1419,1.0500,0.3286,1.11
89.593845,0.1171,1.4753,0.0770,1.48
89.643698,-0.0691,1.1990,-0.3841,1.26
89.694562,-0.0288,0.5224,0.2385,0.58
89.743456,-0.2192,0.6456,0.1747,0.70
89.794796,-0.2432,1.3206,-0.2136,1.36
89.843647,0.0349,1.1932,0.0026,1.19
89.893631,-0.0510,0.7520,0.2328,0.79
89.943305,-0.0347,0.7910,0.1745,0.81
89.993523,-0.0305,1.0298,0.0681,1.03
90.043966,-0.1425,1.0421,0.1262,1.06
90.094545,-0.1068,0.8926,0.2121,0.92
90.143482,-0.0567,0.9210,0.1897,0.94
90.193473,-0.1441,1.0007,0.1240,1.02
90.243599,-0.2302,1.0493,0.2490,1.10
90.293235,-0.1777,1.0563,0.3514,1.13
90.344251,-0.1400,1.4442,0.0264,1.45
90.393743,0.0200,1.1238,-0.1296,1.13
90.443738,-0.0581,0.5848,0.2040,0.62
90.493260,0.1522,0.7879,0.0234,0.80
90.543310,0.2641,1.2652,-0.0966,1.30
90.593224,0.0117,1.0184,0.0815,1.02
90.643324,-0.0916,0.8396,0.1348,0.86
90.694228,0.0613,0.9195,0.0594,0.92
90.744077,0.0366,0.9328,0.1388,0.94
90.794123,0.0285,0.9641,0.1901,0.98
90.843331,-0.0276,0.9582,0.1350,0.97
90.893804,0.0082,0.9468,0.1323,0.96
90.943591,0.0744,0.9756,0.1481,0.99
90.993242,0.0476,0.9750,0.1225,0.98
91.043229,0.0374,1.0209,0.1778,1.04
91.093640,0.0960,0.9972,0.2787,1.04
91.143239,0.0831,1.1532,0.2784,1.19
91.193108,0.0839,1.3694,-0.0185,1.37
91.243607,0.1098,1.1887,-0.0905,1.20
91.294836,0.0156,0.6817,0.1085,0.69
91.344728,-0.2088,0.7275,0.0538,0.76
91.394428,-0.2858,1.0462,-0.0827,1.09
91.444551,-0.0845,1.0842,0.0352,1.09
91.494717,-0.0425,0.9906,0.1487,1.00
91.543494,0.0532,0.8605,0.1844,0.88
91.593824,-0.0092,0.8558,0.1517,0.87
91.643818,-0.0817,1.0109,0.1329,1.02
91.702014,-0.1141,1.0257,0.1444,1.04
91.744555,-0.0944,0.9249,0.2060,0.95
91.801661,-0.0848,0.8979,0.1752,0.92
91.852303,-0.2012,1.0535,0.0955,1.08
91.901834,-0.2176,1.1335,0.2119,1.17
91.951473,-0.1288,1.1948,0.2793,1.23
92.001505,-0.0242,1.3534,-0.1624,1.36
92.051547,-0.0278,0.8943,-0.0034,0.89
92.101550,0.0317,0.6426,0.0084,0.64
92.152537,0.2816,0.9333,-0.0324,0.98
92.201567,0.2242,1.1714,-0.0540,1.19
92.251897,0.0577,1.0019,0.0501,1.00
92.301832,0.0501,0.9314,0.0223,0.93
92.351471,0.1185,0.8346,0.1394,0.85
92.402026,0.0631,0.9148,0.1696,0.93
92.452362,0.0671,0.9831,0.1022,0.99
92.502789,0.0878,0.9452,0.1134,0.96
92.552597,0.1411,0.9497,0.0958,0.96
92.602893,0.1227,1.0527,0.1299,1.07
92.651883,0.0106,1.1075,0.3083,1.15
92.702160,0.0544,1.0056,0.2930,1.05
92.760560,-0.0037,1.3433,0.1875,1.36
92.802338,-0.0579,1.3466,-0.4159,1.41
92.853086,0.1605,0.5278,0.0474,0.55
92.903043,-0.0707,0.7192,0.1549,0.74
92.960453,-0.3545,1.3734,-0.2182,1.44
93.003486,0.0512,1.0962,0.0178,1.10
93.059876,-0.0684,0.8155,0.1183,0.83
93.109898,-0.1823,0.8838,0.1177,0.91
93.160203,-0.1284,0.9826,0.1411,1.00
93.210685,-0.0894,0.9970,0.1591,1.01
93.259978,-0.1102,0.9604,0.2075,0.99
93.310177,-0.1790,0.9553,0.1513,0.98
93.360293,-0.1703,1.0229,0.1922,1.05
93.411089,-0.1251,1.0205,0.3136,1.07
93.459972,-0.1475,1.2376,0.1389,1.25
93.510636,-0.0131,1.3899,-0.2689,1.42
93.559982,0.0532,0.8317,0.0521,0.84
93.610819,0.1161,0.6528,0.0448,0.66
93.660612,0.2501,1.0281,-0.0292,1.06
93.709911,0.0798,1.1359,-0.0422,1.14
93.759957,-0.0120,0.9287,0.0462,0.93
93.810383,0.2077,0.8077,0.0483,0.84
93.860290,0.1320,0.9355,0.0211,0.94
93.909954,0.1032,1.0563,0.0765,1.06
93.959694,0.0861,0.9922,0.0756,1.00
94.011081,0.0594,0.9031,0.1008,0.91
94.059864,0.0693,0.9391,0.1333,0.95
94.110323,0.0120,1.0252,0.1532,1.04
94.161238,-0.0203,1.0258,0.1652,1.04
94.211155,-0.0170,1.0225,0.2223,1.05
94.260661,0.0645,1.0364,0.2303,1.06
94.310148,0.1590,1.1440,0.2190,1.18
94.359884,0.0009,1.5958,-0.2014,1.61
94.410355,0.0626,0.7288,-0.1528,0.75
94.460873,0.1220,0.4205,0.2119,0.49
94.510594,-0.2970,1.0188,-0.0098,1.06
94.560824,-0.1217,1.3762,-0.1196,1.39
94.610243,0.1241,0.9262,0.1527,0.95
94.659979,-0.1049,0.7857,0.1510,0.81
94.710107,-0.2285,0.9258,0.1205,0.96
94.760485,-0.1286,1.0046,0.1388,1.02
94.810261,-0.1171,0.9748,0.1671,1.00
94.860085,-0.1145,0.9484,0.1713,0.97
94.918763,-0.1374,0.9470,0.1375,0.97
94.968992,-0.1489,0.9771,0.1385,1.00
95.018543,-0.1774,1.0059,0.1677,1.04
95.061989,-0.1770,1.0012,0.2121,1.04
95.118151,-0.2014,0.9919,0.2542,1.04
95.168303,-0.2511,1.1459,0.2868,1.21
95.218022,-0.0490,1.5691,-0.3566,1.61
95.268391,-0.0298,0.7453,0.1626,0.76
95.317949,-0.0569,0.5931,0.0650,0.60
95.368589,0.3275,0.9436,-0.0563,1.00
95.418945,0.1759,1.2152,-0.0332,1.23
95.468843,0.0098,0.9287,0.1449,0.94
95.518223,0.0236,0.8711,0.0306,0.87
95.568108,0.0763,0.9252,0.1000,0.93
95.618104,0.1013,0.9500,0.2053,0.98
95.668022,-0.0107,0.9856,0.1358,0.99
95.718880,0.0067,0.9496,0.1499,0.96
95.768204,0.0541,0.9449,0.1790,0.96
95.818136,0.0612,0.9840,0.1085,0.99
95.868363,0.0498,1.0577,0.1503,1.07
95.918218,0.1098,1.1076,0.2788,1.15
95.968856,0.1429,1.0632,0.2613,1.10
96.018295,0.0206,1.6410,0.0478,1.64
96.068978,0.1464,0.7678,-0.1856,0.80
96.118148,0.1837,0.4118,0.2089,0.50
96.167990,-0.2033,0.9064,0.0001,0.93
96.218546,-0.4053,1.4170,-0.1778,1.48
96.267985,-0.0062,0.9520,0.2098,0.97
96.318309,-0.0342,0.8820,0.0633,0.88
96.368242,-0.2225,0.9261,0.0132,0.95
96.418771,-0.1778,0.9203,0.1463,0.95
96.468060,-0.1914,0.9687,0.1776,1.00
96.527246,-0.1989,0.9754,0.2410,1.02
96.568556,-0.1815,1.0088,0.2443,1.05
96.627644,-0.1129,0.9928,0.1652,1.01
96.669340,-0.0939,0.9393,0.1738,0.96
96.727432,-0.2263,0.9888,0.2516,1.05
96.776808,-0.2179,1.0682,0.4087,1.16
96.826724,0.1315,1.7376,-0.4435,1.80
96.876622,0.2074,0.7257,0.0576,0.76
96.927131,-0.0184,0.5237,0.1381,0.54
96.976902,0.0704,0.9229,0.1303,0.93
97.027022,-0.0144,1.2597,-0.0696,1.26
97.077133,0.0916,0.9726,0.1058,0.98
97.126156,0.1812,0.8004,0.2188,0.85
97.176429,0.0871,0.9088,0.1522,0.93
97.227828,0.0782,0.9928,0.1204,1.00
97.276112,0.0507,0.9380,0.1809,0.96
97.326397,0.0531,0.9500,0.1458,0.96
97.376861,0.0876,0.9778,0.1239,0.99
97.426336,0.0495,0.9779,0.1275,0.99
97.477327,0.0607,1.0269,0.1834,1.04
97.526491,0.0872,1.0567,0.2779,1.10
97.577191,0.1721,1.0017,0.2949,1.06
97.626880,0.1855,1.1036,0.3224,1.16
97.678169,-0.0219,1.5713,-0.2075,1.59
97.728984,0.1276,0.5902,-0.1271,0.62
97.777071,-0.0740,0.6622,0.0706,0.67
97.826440,-0.1467,1.1194,-0.0461,1.13
97.876890,0.0471,1.2403,0.0541,1.24
97.926774,-0.0345,0.7900,0.1170,0.80
97.976035,-0.3057,0.8526,0.1146,0.91
98.026923,-0.2361,1.0103,0.1648,1.05
98.076727,-0.1296,1.0144,0.1198,1.03
98.127265,-0.0554,0.9518,0.1752,0.97
98.176793,-0.0660,0.9212,0.2184,0.95
98.226323,-0.0856,0.9331,0.1671,0.95
98.276850,-0.1176,0.9725,0.1378,0.99
98.327154,-0.2135,1.0375,0.2042,1.08
98.376547,-0.2380,0.9723,0.3056,1.05
98.426503,-0.2953,1.2271,0.3352,1.31
98.477171,0.1134,1.5011,-0.4722,1.58
98.526580,0.0844,0.7709,0.0690,0.78
98.577336,0.0536,0.5163,0.1041,0.53
98.627219,0.2823,0.9597,0.0927,1.00
98.684684,0.0041,1.2709,-0.0553,1.27
98.734777,0.1312,0.9662,0.0890,0.98
98.785555,0.1468,0.8337,0.1587,0.86
98.828042,0.0785,0.8884,0.1370,0.90
98.884489,0.0715,0.9840,0.1145,0.99
98.935045,0.0370,0.9469,0.1496,0.96
98.984814,0.0653,0.8895,0.1720,0.91
99.034515,0.1188,0.9071,0.2227,0.94
99.086000,0.0342,0.9837,0.1864,1.00
99.134197,0.0144,1.0143,0.1917,1.03
99.185831,0.0870,1.0125,0.3196,1.07
99.235306,0.1391,1.0325,0.3099,1.09
99.285271,0.1843,1.4154,0.1586,1.44
99.334833,0.0580,1.3337,-0.4526,1.41
99.385498,-0.0784,0.5832,0.1321,0.60
99.434355,-0.1589,0.6157,0.2063,0.67
99.484478,-0.1341,1.1032,-0.2246,1.13
99.534702,-0.0403,1.1965,-0.0707,1.20
99.584498,-0.1860,0.8984,0.1856,0.94
99.634494,-0.1613,0.9493,0.1212,0.97
99.684362,-0.1033,1.0378,0.1016,1.05
99.735260,-0.0362,0.9255,0.1948,0.95
99.785314,-0.0237,0.8726,0.2356,0.90
99.834276,-0.0150,0.9713,0.1601,0.98
99.885022,-0.0682,0.9889,0.0910,1.00
99.934212,-0.1619,0.9593,0.1637,0.99
99.984049,-0.1293,0.9628,0.1820,0.99
100.034773,-0.1680,0.9778,0.2223,1.02
100.084563,-0.2803,1.0054,0.3318,1.10
100.134394,-0.3271,1.3729,0.3036,1.44
100.184523,0.0041,1.2434,-0.2286,1.26
100.234512,-0.1140,0.6793,0.2245,0.72
100.284669,0.0709,0.7080,-0.0162,0.71
100.335176,0.3019,1.0329,-0.0327,1.08
100.384545,0.1691,1.1912,0.0403,1.20
100.434635,0.0110,1.0188,0.1605,1.03
100.484554,0.0852,0.9145,0.1127,0.93
100.534845,0.0211,0.8476,0.1714,0.87
100.584838,-0.0344,0.8842,0.1756,0.90
100.642480,-0.0135,0.9740,0.1215,0.98
100.693678,0.1215,0.9410,0.1908,0.97
100.735834,0.0587,0.9032,0.2242,0.93
100.785976,0.0466,0.9585,0.1732,0.98
100.842759,0.0477,1.0129,0.1525,1.03
100.893109,0.0008,1.0572,0.2436,1.08
100.943221,0.0152,1.0737,0.3428,1.13
100.992618,0.0689,1.0259,0.2722,1.06
101.042653,0.1204,1.0843,0.2008,1.11
101.092843,0.0398,1.5251,-0.0825,1.53
101.142637,0.1179,0.7164,-0.1154,0.74
101.193578,0.0029,0.6943,0.1060,0.70
101.242556,-0.1198,1.0509,-0.0545,1.06
101.292777,0.0770,1.2114,0.1074,1.22
101.342583,0.0045,0.8583,0.1591,0.87
101.392539,-0.1970,0.8285,0.1373,0.86
101.442852,-0.1830,0.9590,0.1723,0.99
101.492719,-0.1422,0.9975,0.1665,1.02
101.542694,-0.0933,0.9762,0.1970,1.00
101.592527,-0.0714,0.9137,0.2378,0.95
101.643266,-0.0945,0.9505,0.1710,0.97
101.692902,-0.1391,0.9782,0.1366,1.00
101.742900,-0.2069,1.0174,0.1704,1.05
101.792408,-0.2119,0.9586,0.2706,1.02
101.842921,-0.2265,0.9873,0.3877,1.08
101.892539,-0.1992,1.5634,0.0651,1.58
101.943870,-0.0031,1.0641,-0.0618,1.07
101.992565,-0.1267,0.6142,0.2407,0.67
102.042730,0.1109,0.7218,-0.0612,0.73
102.092723,0.2883,1.0968,-0.0495,1.14
102.142343,0.0603,1.1734,0.0886,1.18
102.192756,-0.0007,0.9657,0.1372,0.98
102.243127,-0.0112,0.9464,0.0219,0.95
102.292990,0.0653,0.8928,0.1125,0.90
102.343933,0.0057,0.9508,0.1806,0.97
102.400885,0.0176,0.9920,0.1609,1.01
102.443532,0.0605,1.0051,0.1550,1.02
102.501199,0.0658,0.9421,0.1854,0.96
102.550956,0.0017,0.9576,0.1796,0.97
102.601118,-0.0451,1.0074,0.1873,1.03
102.647407,-0.0139,1.0240,0.1555,1.04
102.701274,0.0269,0.9734,0.2506,1.01
102.751932,0.1081,1.1488,0.2439,1.18
102.800973,0.0930,1.6214,0.0839,1.63
102.845951,0.1514,0.9424,-0.1812,0.97
102.901111,0.2675,0.4252,0.2136,0.55
102.952006,-0.1173,0.8327,0.0385,0.84
103.000584,-0.2703,1.3097,-0.0758,1.34
103.050802,-0.0491,1.0792,0.1687,1.09
103.101517,0.0563,0.8501,0.1419,0.86
103.151697,-0.1726,0.8900,0.1481,0.92
103.200867,-0.1459,0.9055,0.2011,0.94
103.251187,-0.1430,0.9740,0.1790,1.00
103.300870,-0.1201,1.0310,0.2122,1.06
103.350655,-0.0544,0.9411,0.2454,0.97
103.400650,-0.0473,0.9037,0.2312,0.93
103.450579,-0.1445,0.9645,0.2092,1.00
103.501660,-0.1473,1.0172,0.1963,1.05
103.551707,-0.1733,1.0220,0.2381,1.06
103.600651,-0.2456,0.9950,0.3100,1.07
103.650628,-0.2202,1.7006,0.0281,1.71
103.701490,0.0829,0.9996,-0.0659,1.01
103.750537,-0.1051,0.5569,0.1693,0.59
103.800808,0.0941,0.6763,0.0013,0.68
103.859560,0.2097,1.3313,0.0033,1.35
103.900866,-0.0045,1.1502,0.0469,1.15
103.950696,-0.0448,0.9198,0.1015,0.93
104.001234,0.0734,0.8511,0.1596,0.87
104.051519,0.0139,0.8914,0.1711,0.91
104.109678,0.0461,0.9724,0.1464,0.98
104.160381,0.0599,0.9992,0.2252,1.03
104.208482,0.0061,0.9522,0.1909,0.97
104.259513,-0.0288,0.9238,0.1724,0.94
104.309524,0.0080,0.9756,0.1364,0.99
104.359112,0.1163,1.0406,0.1688,1.06
104.410373,0.1815,1.0601,0.2572,1.11
104.460052,0.1191,1.3502,0.3212,1.39
104.508987,0.0299,1.2681,-0.3190,1.31
104.559580,0.1821,0.5395,0.2218,0.61
104.608938,-0.0528,0.6754,0.1626,0.70
104.659365,-0.3727,1.2403,-0.1834,1.31
104.708909,0.0209,1.1987,0.1103,1.20
104.760381,0.2380,0.8565,0.1444,0.90
104.809543,-0.1282,0.9153,0.0783,0.93
104.858707,-0.2328,0.8959,0.1438,0.94
104.908772,-0.1614,0.9586,0.1193,0.98
104.955796,-0.1755,1.0110,0.1346,1.03
105.009171,-0.1336,0.9437,0.1950,0.97
105.059458,-0.0554,0.9445,0.1727,0.96
105.108891,-0.1141,0.9721,0.1363,0.99
105.159659,-0.1182,1.0505,0.1464,1.07
105.208945,-0.1436,1.0372,0.2082,1.07
105.259675,-0.2448,1.0270,0.2843,1.09
105.308799,-0.2146,1.5301,0.0682,1.55
105.358770,0.0062,1.0442,0.0060,1.04
105.409443,-0.1242,0.6896,0.1250,0.71
105.459041,0.0678,0.7250,-0.0186,0.73
105.509924,0.3500,1.0604,0.0103,1.12
105.559247,0.2446,1.1727,-0.0060,1.20
105.617148,0.0421,0.9194,0.1856,0.94
105.659688,-0.0726,0.8994,0.1797,0.92
105.717295,-0.0851,0.9400,0.1452,0.95
105.761048,0.1203,0.9173,0.1652,0.94
105.818137,0.0841,0.9717,0.2272,1.00
105.861112,0.0423,0.9362,0.2247,0.96
105.917338,0.0151,0.9209,0.2098,0.94
105.967275,0.0613,0.9517,0.1952,0.97
106.018086,0.1179,1.0242,0.2258,1.06
106.067113,0.0952,1.0922,0.3026,1.14
106.117583,0.1473,1.1180,0.3007,1.17
106.167902,0.0911,1.5817,-0.0300,1.58
106.217480,0.1046,0.8819,-0.2292,0.92
106.266972,0.1231,0.3217,0.3187,0.47
106.317064,-0.1886,0.8242,0.0481,0.85
106.366851,-0.2166,1.5305,-0.1957,1.56
106.417278,0.0714,1.1260,0.1118,1.13
106.466613,0.0256,0.7647,0.1886,0.79
106.517697,-0.1765,0.8264,0.1033,0.85
106.567181,-0.1560,0.9492,0.1476,0.97
106.617042,-0.1218,1.0193,0.1428,1.04
106.666999,-0.0912,1.0251,0.1821,1.05
106.717192,-0.0289,0.9219,0.2255,0.95
106.767352,-0.0446,0.9410,0.1997,0.96
106.817159,-0.0755,0.9599,0.1795,0.98
106.866981,-0.1470,0.9881,0.1708,1.01
106.917260,-0.1699,1.0336,0.2011,1.07
106.966880,-0.1908,1.0622,0.2655,1.11
107.017144,-0.1838,1.5539,-0.0251,1.56
107.067014,-0.0298,1.1039,-0.0623,1.11
107.116919,-0.1273,0.6455,0.1604,0.68
107.166924,0.1011,0.7091,-0.0077,0.72
107.217391,0.2248,1.0867,-0.0023,1.11
107.268433,0.0765,1.0972,0.0488,1.10
107.317256,0.0645,0.9430,0.1196,0.95
107.375091,-0.0031,0.9659,0.0445,0.97
107.425194,0.0463,0.9536,0.1146,0.96
107.468722,0.1269,0.9484,0.1201,0.96
107.524834,0.0968,0.9884,0.1464,1.00
107.574849,0.0705,0.9665,0.1788,0.99
107.624730,0.0243,0.9457,0.1656,0.96
107.675446,-0.0154,0.9623,0.1956,0.98
107.725639,-0.0113,0.9854,0.2367,1.01
107.775092,-0.0035,0.9938,0.2261,1.02
107.826573,-0.0176,0.9860,0.2157,1.01
107.874881,0.0105,0.9507,0.2114,0.97
107.920210,0.1167,0.9905,0.2344,1.02
107.975137,0.1486,1.4795,0.2124,1.50
108.026584,0.0430,1.1985,-0.2475,1.22
108.075471,0.2972,0.5641,0.2589,0.69
108.126021,0.1071,0.6533,0.1774,0.69
108.175028,-0.1794,1.0062,-0.1499,1.03
108.225619,-0.1958,1.2238,0.1590,1.25
108.276403,-0.0259,0.9886,0.1737,1.00
108.326555,-0.0149,0.9194,0.0510,0.92
108.375832,-0.1790,0.8992,0.1515,0.93
108.425339,-0.1823,0.9355,0.1931,0.97
108.475476,-0.1478,1.0199,0.1534,1.04
108.525817,-0.1223,1.0048,0.1837,1.03
108.576196,-0.0684,0.9209,0.1818,0.94
108.626874,-0.0949,0.9432,0.1763,0.96
108.674848,-0.1588,1.0004,0.1430,1.02
108.725294,-0.1790,1.0178,0.1380,1.04
108.775922,-0.1611,0.9643,0.2120,1.00
108.825311,-0.1335,0.9898,0.2314,1.03
108.875266,-0.1680,1.0422,0.2226,1.08
108.925843,-0.0628,1.5957,-0.1278,1.60
108.975669,-0.0302,0.9212,0.1128,0.93
109.025812,-0.1448,0.5757,0.1496,0.61
109.083462,0.1320,0.8825,-0.0060,0.89
109.126278,0.1414,1.1838,0.0210,1.19
109.184680,0.0311,1.0088,0.1465,1.02
109.233298,-0.0398,0.9750,0.0960,0.98
109.283468,-0.0140,0.9182,0.0749,0.92
109.333836,-0.0275,0.8802,0.1385,0.89
109.383168,0.0491,0.9665,0.1483,0.98
109.433475,0.1417,1.0037,0.1117,1.02
109.483215,0.1315,0.9859,0.1291,1.00
109.533923,0.1135,0.9692,0.1333,0.98
109.583457,0.0680,0.9759,0.1524,0.99
109.633615,-0.0360,1.0305,0.1734,1.05
109.683365,0.0859,0.9935,0.1742,1.01
109.734041,0.1882,1.0242,0.2332,1.07
109.783311,0.1096,1.5429,-0.1027,1.55
109.832897,0.1210,1.0178,-0.1810,1.04
109.883289,0.1423,0.6265,0.2815,0.70
109.934190,-0.0175,0.7652,-0.0035,0.77
109.983412,-0.0849,1.1724,-0.1526,1.19
110.033995,0.0339,1.1175,0.0261,1.12
110.082956,0.0334,0.9364,0.0392,0.94
110.133379,-0.1290,0.9001,0.0231,0.91
110.183105,-0.0744,0.9615,0.0961,0.97
110.233365,-0.1141,1.0540,0.0690,1.06
110.283352,-0.0971,0.9778,0.1126,0.99
110.333413,-0.0406,0.9205,0.2059,0.94
110.382754,-0.0727,0.9710,0.2035,0.99
110.433367,-0.1373,1.0030,0.1490,1.02
110.482663,-0.1737,0.9588,0.2099,1.00
110.533640,-0.1378,1.0373,0.2555,1.08
110.583240,0.2256,1.4817,-0.2846,1.53
110.633308,0.1603,0.9195,0.1773,0.95
110.691517,0.0172,0.7647,-0.0388,0.77
110.734326,0.2798,0.8510,0.0169,0.90
110.784464,0.2742,1.0618,0.0663,1.10
110.841445,0.0973,1.0584,0.1121,1.07
110.891905,-0.0289,1.0220,0.0822,1.03
110.941666,0.1604,0.9153,0.1495,0.94
110.991105,0.1609,0.8955,0.1908,0.93
111.035812,0.1878,0.9692,0.1495,1.00
111.091382,0.1851,0.9343,0.1205,0.96
111.142154,0.1392,0.9414,0.1514,0.96
111.191393,0.1052,0.9580,0.1848,0.98
111.241444,0.0512,0.9983,0.2134,1.02
111.291316,0.0564,1.0104,0.2340,1.04
111.342419,0.0454,1.0391,0.2321,1.07
111.391517,0.1088,1.3123,-0.0566,1.32
111.443104,0.1697,0.8840,-0.0355,0.90
111.491783,0.1534,0.7492,0.1090,0.77
111.541897,-0.1293,1.1050,-0.1304,1.12
111.591071,-0.0471,1.1196,-0.0209,1.12
111.641607,0.1144,0.9986,0.1022,1.01
111.692278,-0.0558,0.9075,0.0281,0.91
111.741501,-0.1387,0.9450,0.0628,0.96
111.791557,-0.1409,0.9679,0.1385,0.99
111.842444,-0.1358,0.9930,0.1192,1.01
111.892448,-0.0902,0.9696,0.1736,0.99
111.942038,-0.0646,0.9322,0.1829,0.95
111.992420,-0.0881,0.9565,0.1648,0.97
112.041308,-0.1059,0.9693,0.1832,0.99
112.091973,-0.1542,0.9645,0.1876,0.99
112.141530,-0.1326,0.9453,0.2385,0.98
112.191748,-0.1154,0.9859,0.2500,1.02
112.242133,0.1400,1.7165,-0.1377,1.73
112.292305,0.2704,0.9916,0.0435,1.03
112.342378,0.0005,0.5724,0.0317,0.57
112.400776,0.3449,0.8422,0.2237,0.94
112.450673,0.1651,1.3025,-0.1129,1.32
112.500399,0.1287,1.0069,-0.0049,1.02
112.550400,0.1575,0.7598,0.2096,0.80
112.599554,0.1128,0.8835,0.1138,0.90
112.650401,0.0803,1.0397,0.1261,1.05
112.699917,0.1419,0.9673,0.1647,0.99
112.749651,0.1232,0.9248,0.1400,0.94
112.799563,0.1119,0.9967,0.0963,1.01
112.851000,0.0390,1.1027,0.2748,1.14
112.900460,0.0254,0.9639,0.2862,1.01
112.949844,0.1043,1.4290,0.3390,1.47
112.999753,0.0270,1.2499,-0.5026,1.35
113.049823,0.2306,0.4983,0.1069,0.56
113.100697,-0.0321,0.7234,0.1557,0.74
113.149797,-0.4654,1.3364,-0.0953,1.42
113.199897,-0.0029,1.0864,0.0291,1.09
113.250212,0.0456,0.7893,0.1127,0.80
113.299533,-0.2628,0.9270,0.1203,0.97
113.349944,-0.1602,0.9783,0.1652,1.01
113.400061,-0.0708,0.9869,0.1602,1.00
113.450230,-0.0195,0.9190,0.1695,0.93
113.500055,-0.1495,0.9167,0.1953,0.95
113.549647,-0.1740,0.9491,0.1416,0.98
113.600192,-0.1329,0.9947,0.1607,1.02
113.649801,-0.1597,0.9590,0.2740,1.01
113.699413,0.0579,1.8190,-0.2476,1.84
113.750215,0.2322,1.1052,-0.1358,1.14
113.807596,-0.0968,0.4355,0.0961,0.46
113.850307,0.1278,0.5952,0.0690,0.61
113.901151,0.2508,1.3333,-0.0247,1.36
113.957982,0.0956,1.1431,-0.1352,1.15
114.008721,0.2099,0.7630,0.1735,0.81
114.057391,0.1093,0.8195,0.1266,0.84
114.108189,0.1331,0.9699,0.1154,0.99
114.157739,0.1210,0.9612,0.0913,0.97
114.207693,0.0684,0.9388,0.0913,0.95
114.257687,0.0524,0.9888,0.1046,1.00
114.307335,0.0377,1.0483,0.1590,1.06
114.357785,0.0902,1.0090,0.2020,1.03
114.407549,0.0836,1.0167,0.2684,1.05
114.458793,0.0569,1.7782,-0.0683,1.78
114.507304,-0.0262,1.0312,-0.3934,1.10
114.558525,0.2000,0.3683,0.3171,0.53
114.607533,-0.0725,0.5843,0.1282,0.60
114.657353,-0.4051,1.4646,-0.2108,1.53
114.707991,0.0458,1.2323,0.0151,1.23
114.757861,0.0414,0.7442,0.2013,0.77
114.808344,-0.1455,0.7957,0.1361,0.82
114.857641,-0.1044,0.9786,0.1140,0.99
114.907805,-0.0970,1.0326,0.1417,1.05
114.957682,-0.0971,0.9526,0.2276,0.98
115.007119,-0.0596,0.9060,0.2374,0.94
115.057851,-0.1102,0.9790,0.1276,0.99
115.107616,-0.1765,1.0019,0.1921,1.04
115.157609,-0.1907,1.0353,0.3355,1.10
115.208684,0.0542,1.7360,-0.0222,1.74
115.258549,0.0956,0.9780,0.0303,0.98
115.307800,-0.0521,0.5493,0.0595,0.55
115.357420,0.1133,0.6319,0.1037,0.65
115.407639,0.2310,1.2257,0.0034,1.25
115.458781,0.0469,1.2192,-0.0040,1.22
115.515912,0.1325,0.8448,0.1664,0.87
115.558106,0.0559,0.8415,0.1795,0.86
115.608346,0.0341,0.9432,0.1301,0.95
115.658469,0.0679,0.9895,0.1627,1.01
115.715866,-0.0168,0.9594,0.1736,0.98
115.759658,-0.0206,0.9410,0.1671,0.96
115.815582,0.0310,0.9609,0.1638,0.98
115.866538,0.1022,0.9728,0.1605,0.99
115.915633,0.0821,1.0260,0.2694,1.06
115.966952,0.1075,1.1570,0.2605,1.19
116.016393,0.0030,1.7476,-0.1450,1.75
116.065956,0.0025,0.8896,-0.2729,0.93
116.117069,0.1078,0.3275,0.3879,0.52
116.166226,-0.0969,0.6465,0.0601,0.66
116.215905,-0.2687,1.5406,-0.3083,1.59
116.265950,0.0775,1.2475,-0.0289,1.25
116.315715,-0.0185,0.7773,0.2102,0.81
116.365663,-0.1259,0.7926,0.1148,0.81
116.416699,-0.1345,0.9580,0.1029,0.97
116.465981,-0.1477,1.0078,0.1460,1.03
116.516570,-0.0790,0.9653,0.2390,1.00
116.566237,-0.0583,0.9404,0.1961,0.96
116.616762,-0.1086,0.9526,0.1318,0.97
116.665796,-0.1972,0.9660,0.1981,1.01
116.716096,-0.2153,1.0801,0.2527,1.13
116.773723,-0.0049,1.5832,-0.2274,1.60
116.816629,0.0866,0.9254,0.0733,0.93
116.873968,0.0469,0.5947,-0.0346,0.60
116.917066,0.2473,0.8234,0.0126,0.86
116.974506,0.0517,1.3005,-0.0386,1.30
117.023719,0.0800,1.0436,-0.0183,1.05
117.074500,0.2553,0.8358,0.1362,0.88
117.124834,0.1159,0.9335,0.0775,0.94
117.174116,0.0897,0.9809,0.0229,0.99
117.224073,0.1356,0.9652,0.0920,0.98
117.274757,0.1212,0.9341,0.1365,0.95
117.323862,0.1328,0.9519,0.1207,0.97
117.373732,0.1290,0.9322,0.1317,0.95
117.423704,0.1033,0.9595,0.1726,0.98
117.474579,0.0559,1.0129,0.2238,1.04
117.524707,0.0430,1.0933,0.2841,1.13
117.574619,-0.0284,1.4633,0.0811,1.47
117.623998,0.1099,1.2882,-0.2968,1.33
117.673914,0.1502,0.5828,0.1296,0.62
117.724796,-0.0556,0.6566,0.2053,0.69
117.773714,-0.2794,1.0362,-0.0335,1.07
117.824929,-0.0057,1.1167,0.0931,1.12
117.875035,0.0777,0.8639,0.1417,0.88
117.924827,-0.1154,0.9535,0.0704,0.96
117.973807,-0.1577,0.9820,0.1277,1.00
118.023545,-0.1416,0.9748,0.2030,1.01
118.074856,-0.1386,0.9601,0.2068,0.99
118.123745,-0.1013,0.9295,0.2474,0.97
118.174118,-0.0684,0.9079,0.2281,0.94
118.223727,-0.1033,0.9503,0.1904,0.97
118.274147,-0.1550,1.0023,0.2210,1.04
118.323844,-0.1423,0.9904,0.2655,1.04
118.374386,-0.0986,1.3051,0.1665,1.32
118.423756,0.1426,1.5414,-0.2742,1.57
118.474155,-0.1019,0.7905,0.0935,0.80
118.524806,-0.0281,0.5485,-0.0018,0.55
118.574799,0.3196,0.8722,0.0969,0.93
118.624895,0.1936,1.2723,-0.0113,1.29
118.674718,0.0863,1.0368,0.0441,1.04
118.733231,0.0685,0.8420,0.1961,0.87
118.774728,0.0183,0.8879,0.1994,0.91
118.832337,0.0561,1.0002,0.1637,1.02
118.875691,0.0441,0.9693,0.1605,0.98
118.933065,0.0364,0.8831,0.2019,0.91
118.975683,0.0405,0.9431,0.1452,0.96
119.032709,0.1008,0.9815,0.1005,0.99
119.084055,0.0164,1.0161,0.2064,1.04
119.132481,0.0341,0.9801,0.2868,1.02
119.182213,0.1301,1.0162,0.2688,1.06
119.232098,0.1052,1.2814,0.1773,1.30
119.282238,0.0741,1.5776,-0.3731,1.62
119.332084,0.2305,0.5708,0.1234,0.63
119.382214,0.1187,0.4391,0.3344,0.56
119.432031,-0.2706,1.1276,-0.1934,1.18
119.482286,-0.1100,1.3093,-0.0985,1.32
119.532496,0.0584,0.8722,0.2616,0.91
119.582752,-0.1525,0.8322,0.0806,0.85
119.632422,-0.1177,0.9287,0.1229,0.94
119.683306,-0.0737,0.9735,0.1854,0.99
119.732001,-0.0877,1.0178,0.1821,1.04
119.784215,-0.0759,0.9283,0.2320,0.96
119.832066,-0.0446,0.8781,0.2013,0.90
119.882871,-0.1971,0.9596,0.1473,0.99
119.932022,-0.2310,1.0425,0.1723,1.08
119.982281,-0.1564,1.1038,0.2952,1.15
120.032229,0.0395,1.6304,-0.0770,1.63
120.081911,0.0985,1.0536,-0.0250,1.06
120.132698,0.0259,0.6346,0.0284,0.64
120.181900,0.2777,0.7101,0.1416,0.78
120.237176,0.1597,1.2318,-0.0581,1.24
120.282148,-0.0145,1.1508,-0.0478,1.15
120.332984,0.1472,0.7794,0.1784,0.81
120.411608,0.0643,0.9535,0.1586,0.97
133.775562,-0.0615,0.6226,0.9261,1.12
133.814181,-0.0728,0.6300,0.9763,1.16
133.873209,-0.0554,0.5201,0.9539,1.09
133.917648,-0.0149,0.4784,0.8945,1.01
133.971265,0.0266,0.4489,0.7776,0.90
134.022701,0.0568,0.4002,0.7230,0.83
134.073168,0.0945,0.3811,0.7929,0.88
134.123382,0.1193,0.3917,0.8380,0.93
134.171524,0.1088,0.4045,0.8809,0.98
134.219274,0.1355,0.4420,0.8526,0.97
134.269227,0.1023,0.5077,0.8195,0.97
134.322194,-0.0746,0.6239,0.8665,1.07
134.369746,-0.0261,0.6265,0.7674,0.99
134.420198,-0.0015,0.6013,0.7743,0.98
134.469013,0.0136,0.6030,0.8339,1.03
134.520111,-0.0325,0.6898,0.8433,1.09
134.569446,-0.0375,0.6992,0.8891,1.13
134.621166,-0.0856,0.7406,0.7739,1.07
134.668794,-0.1339,0.5910,1.1097,1.26
