0.035982,-0.0421,0.9918,0.1185,1.00
0.085650,-0.0479,0.9893,0.1179,1.00
0.135579,-0.0504,0.9928,0.1116,1.00
0.189888,-0.0445,0.9898,0.1204,1.00
0.241031,-0.0469,0.9913,0.1218,1.00
0.294549,-0.0494,0.9898,0.1160,1.00
0.344408,-0.0513,0.9917,0.1140,1.00
0.395587,-0.0518,0.9908,0.1116,1.00
0.442172,-0.0528,0.9942,0.1096,1.00
0.493729,-0.0547,0.9879,0.1037,0.99
0.544730,-0.0543,0.9942,0.1087,1.00
0.593465,-0.0524,1.0016,0.1029,1.01
0.644821,-0.0518,0.9853,0.1291,1.00
0.693909,-0.0630,0.9842,0.1261,0.99
0.743868,-0.0625,0.9853,0.1207,0.99
0.793510,-0.0635,0.9769,0.1328,0.99
0.845589,-0.0454,0.9726,0.1354,0.98
0.894945,-0.0303,0.9860,0.1210,0.99
0.945094,-0.0220,0.9847,0.1137,0.99
0.994942,-0.0136,0.9823,0.1162,0.99
1.043976,-0.0138,1.0028,0.1100,1.01
1.093455,0.0311,1.0060,0.1279,1.01
1.144754,0.0265,1.0196,0.1982,1.04
1.193465,-0.0067,1.0324,0.1409,1.04
1.243746,0.0416,0.9837,0.1220,0.99
1.294968,0.0488,0.9221,0.1569,0.94
1.347695,-0.0002,0.9565,0.1235,0.96
1.393533,0.0295,0.9602,0.1247,0.97
1.443744,0.0716,0.9419,0.1450,0.96
1.495280,0.0540,0.9554,0.1508,0.97
1.551570,0.0430,0.9840,0.1503,1.00
1.595569,0.0535,1.0079,0.1705,1.02
1.653036,0.0669,1.0361,0.1898,1.06
1.706155,0.1259,1.1234,0.1942,1.15
1.751959,0.1147,1.1856,0.1412,1.20
1.802317,0.1145,1.1786,0.0305,1.18
1.851423,0.0668,0.9184,-0.0557,0.92
1.901810,-0.0503,0.7159,-0.1196,0.73
1.951302,-0.0222,1.0425,0.0038,1.04
2.001878,0.1003,1.1316,-0.0382,1.14
2.053284,-0.0193,0.9151,0.0173,0.92
2.102715,-0.0414,0.7885,0.1125,0.80
2.152375,0.0162,0.9119,0.1107,0.92
2.201500,-0.0372,0.9971,0.1405,1.01
2.252367,-0.0507,0.9616,0.1734,0.98
2.302196,-0.0215,1.0552,0.1385,1.06
2.352947,-0.1435,1.2687,0.2205,1.30
2.402424,-0.1220,1.2534,0.2680,1.29
2.452844,-0.0697,1.1660,-0.2072,1.19
2.502515,0.1602,0.9040,-0.3189,0.97
2.552116,0.2179,0.8647,0.0643,0.89
2.603110,-0.0433,0.9938,-0.0215,0.99
2.651450,-0.0901,0.9274,-0.0803,0.94
2.701423,-0.0093,0.7830,0.1605,0.80
2.751321,0.0156,0.8617,0.0958,0.87
2.801757,-0.0396,0.9250,0.1123,0.93
2.851918,-0.0758,0.9852,0.1855,1.01
2.902104,-0.0372,1.1236,0.1104,1.13
2.959809,0.1815,1.2306,0.2747,1.27
3.003203,0.1157,1.1712,0.1861,1.19
3.060200,0.0368,1.0674,-0.3385,1.12
3.110077,-0.0966,0.9884,-0.2274,1.02
3.160899,-0.0470,1.0849,0.0394,1.09
3.204040,0.1267,0.9855,0.0452,0.99
3.261088,0.0443,0.7137,0.0353,0.72
3.311908,-0.0558,0.7977,0.1622,0.82
3.360138,-0.0870,0.9822,0.1868,1.00
3.409446,-0.0754,0.9444,0.1633,0.96
3.459814,0.0483,0.9164,0.1998,0.94
3.509350,0.0314,0.9496,0.1705,0.97
3.559925,-0.2340,1.2119,0.2147,1.25
3.609556,0.0131,1.4165,0.2665,1.44
3.660648,0.0844,1.1170,-0.1271,1.13
3.710503,0.0946,0.8354,-0.2110,0.87
3.760768,-0.0253,1.0259,0.1388,1.04
3.810666,-0.1395,1.1708,-0.0018,1.18
3.859292,-0.0533,0.7728,-0.0389,0.78
3.909823,0.0396,0.6565,0.1817,0.68
3.961002,0.1218,0.8866,0.1612,0.91
4.012194,0.0289,0.9778,0.1112,0.98
4.059514,0.0178,0.9574,0.1671,0.97
4.110427,0.1218,0.9963,0.2423,1.03
4.159636,-0.0124,1.1781,0.2265,1.20
4.219130,0.0946,1.1834,0.2226,1.21
4.259996,0.1513,1.2335,-0.3138,1.28
4.310241,0.0700,0.9958,-0.3108,1.05
4.360316,0.1795,1.0959,0.0745,1.11
4.418795,0.2093,0.9402,-0.0705,0.97
4.461606,0.0363,0.7566,-0.0460,0.76
4.519605,-0.0634,0.9264,0.0253,0.93
4.570229,0.0096,0.9755,-0.0017,0.98
4.620237,-0.0012,0.9559,0.0713,0.96
4.668548,-0.0183,0.9483,0.0980,0.95
4.717850,-0.0591,1.0110,0.0052,1.01
4.768392,-0.0960,1.0389,0.0042,1.04
4.817716,-0.0059,0.9410,0.0434,0.94
4.869020,0.4071,1.3982,-0.1172,1.46
4.917742,0.1678,1.0035,-0.1090,1.02
4.967841,0.0485,0.9195,0.0403,0.92
5.019233,0.2197,1.0228,0.0500,1.05
5.068896,0.0709,0.9422,0.0303,0.95
5.119010,-0.0987,0.8712,0.0662,0.88
5.169624,-0.0856,0.9318,0.1359,0.95
5.218770,-0.0219,0.9767,0.1386,0.99
5.268731,0.0298,0.9685,0.1814,0.99
5.317630,0.0172,0.9585,0.2085,0.98
5.367990,0.0496,1.0698,0.1704,1.08
5.417836,0.1295,1.2856,0.1629,1.30
5.469323,0.1899,1.2652,0.0813,1.28
5.518167,0.0978,1.1204,-0.2480,1.15
5.569277,0.0923,0.7336,-0.1735,0.76
5.618018,0.2076,0.8817,0.0526,0.91
5.668596,0.2203,1.1048,-0.0983,1.13
5.718495,-0.0694,0.9800,-0.1155,0.99
5.768926,-0.2397,0.8269,0.1662,0.88
5.819121,-0.0794,0.8773,0.1961,0.90
5.869000,-0.0379,0.8781,0.2057,0.90
5.927292,-0.0242,0.9911,0.2401,1.02
5.969044,-0.1218,1.1093,0.2287,1.14
6.025876,-0.1499,1.1385,0.2691,1.18
6.077005,0.0493,1.4721,-0.0402,1.47
6.127212,0.0950,0.9789,-0.3039,1.03
6.177067,0.0750,0.8899,0.1155,0.90
6.226945,-0.1150,1.0347,0.0347,1.04
6.276953,-0.1245,0.8756,-0.0389,0.89
6.327333,-0.0457,0.6375,0.1536,0.66
6.377112,0.0996,0.7867,0.1888,0.82
6.427159,0.0507,0.9264,0.1740,0.94
6.476677,-0.0027,1.0044,0.1725,1.02
6.526419,0.1039,1.1183,0.1945,1.14
6.575742,0.0960,1.3824,0.2251,1.40
6.626602,0.0140,1.2397,-0.0397,1.24
6.676863,-0.0241,0.9823,-0.3775,1.05
6.726628,0.0042,0.9889,-0.0334,0.99
6.776632,0.1182,1.0763,0.0187,1.08
6.826672,0.0796,0.8288,0.0054,0.83
6.876639,-0.0304,0.7053,0.0253,0.71
6.926887,-0.0913,0.8387,0.1870,0.86
6.976514,-0.0636,0.8429,0.2522,0.88
7.025724,0.0242,0.9239,0.2196,0.95
7.076771,-0.0756,1.0243,0.1779,1.04
7.126023,-0.1425,1.2603,0.2386,1.29
7.175912,0.0150,1.3371,0.0534,1.34
7.225984,0.1438,1.2015,-0.3545,1.26
7.276083,0.1089,1.0605,0.1044,1.07
7.327153,-0.1908,0.9778,0.0494,1.00
7.376218,-0.0580,0.7434,-0.0118,0.75
7.436030,0.0167,0.6338,0.1917,0.66
7.477455,0.0659,0.8499,0.1806,0.87
7.537354,0.0639,0.9227,0.1580,0.94
7.583746,0.0261,1.0164,0.1709,1.03
7.634473,0.1315,1.2236,0.1699,1.24
7.684466,0.0016,1.2468,0.3202,1.29
7.734364,-0.0975,1.2129,-0.1823,1.23
7.784751,-0.0179,1.0856,-0.4228,1.17
7.835453,0.0847,0.9134,0.0439,0.92
7.885441,0.1621,1.0107,0.0392,1.02
7.934469,0.0456,0.8808,-0.0712,0.88
7.984658,-0.0528,0.7568,0.0250,0.76
8.034124,-0.0582,0.8530,0.2118,0.88
8.084145,-0.0950,0.8737,0.1950,0.90
8.136569,-0.0046,0.9176,0.2472,0.95
8.185089,0.0571,1.0375,0.1942,1.06
8.235419,-0.1707,1.1851,0.2116,1.22
8.284006,-0.0780,1.4239,0.0761,1.43
8.335029,-0.0104,1.1539,-0.2760,1.19
8.384173,0.0946,0.9143,0.0045,0.92
8.435792,-0.0669,0.9829,0.0963,0.99
8.485183,-0.1422,0.9575,-0.0513,0.97
8.534991,-0.1782,0.7335,0.0643,0.76
8.585450,0.0630,0.7065,0.2451,0.75
8.635015,0.0397,0.8169,0.1992,0.84
8.685063,-0.0169,0.9546,0.1604,0.97
8.736089,0.0769,1.0842,0.1692,1.10
8.784983,0.2445,1.2588,0.1612,1.29
8.834662,-0.0368,1.3078,0.1977,1.32
8.884127,-0.1194,1.1798,-0.3587,1.24
8.934013,0.0216,0.9861,-0.2347,1.01
8.984259,0.0797,0.9819,0.0784,0.99
9.035209,0.0956,0.9740,-0.0332,0.98
9.084723,-0.0571,0.7525,0.0132,0.75
9.144028,-0.1403,0.7940,0.1737,0.82
9.192028,-0.0728,0.9070,0.2202,0.94
9.243035,-0.0322,0.9015,0.2122,0.93
9.292819,0.0645,0.9674,0.1851,0.99
9.343221,-0.2602,1.1168,0.2412,1.17
9.392522,-0.1002,1.2824,0.2591,1.31
9.444250,-0.0244,1.3411,-0.3581,1.39
9.492917,0.1977,1.0162,-0.2150,1.06
9.545123,-0.0850,1.0436,0.1271,1.05
9.592495,-0.2212,1.0510,0.0081,1.07
9.643169,-0.1345,0.7120,-0.0150,0.72
9.692620,0.0579,0.6131,0.2056,0.65
9.744830,0.0542,0.8452,0.2038,0.87
9.791821,0.0054,0.9065,0.1770,0.92
9.842818,-0.0153,0.9847,0.1831,1.00
9.892121,0.1874,1.2024,0.1322,1.22
9.943454,-0.0611,1.3980,0.3024,1.43
9.992182,-0.0646,1.1965,-0.1699,1.21
10.045067,-0.0165,1.0757,-0.3389,1.13
10.092615,0.0563,1.0027,0.0013,1.00
10.143871,0.1289,0.9510,0.0319,0.96
10.192047,0.0698,0.7630,-0.0092,0.77
10.242254,-0.0709,0.7417,0.0769,0.75
10.293380,-0.0609,0.8762,0.2318,0.91
10.342523,-0.0447,0.8662,0.2227,0.90
10.394159,0.0762,0.9590,0.2144,0.99
10.443184,-0.1818,1.0418,0.1893,1.07
10.492216,-0.1814,1.3521,0.2407,1.39
10.542875,-0.0065,1.5815,-0.1981,1.59
10.592465,0.1046,0.9345,-0.2255,0.97
10.642880,0.0527,0.8769,0.0620,0.88
10.693121,-0.0958,1.0765,0.0131,1.08
10.743213,-0.2102,0.8565,-0.0597,0.88
10.792701,-0.1012,0.6017,0.1652,0.63
10.852894,0.0651,0.8334,0.1663,0.85
10.892952,0.0367,0.8967,0.2103,0.92
10.942968,-0.0206,0.9846,0.1947,1.00
10.993090,0.0518,1.0981,0.1613,1.11
11.051346,0.1229,1.3648,0.2632,1.40
11.100522,-0.1064,1.2471,0.0095,1.25
11.151089,-0.0407,1.0461,-0.3890,1.12
11.201467,0.0653,0.9412,-0.1175,0.95
11.251467,0.1174,1.0493,0.0381,1.06
11.300883,0.1282,0.8646,-0.0340,0.87
11.351460,0.0099,0.6775,0.0046,0.68
11.400963,-0.0969,0.8799,0.1584,0.90
11.450744,-0.0895,0.9330,0.1627,0.95
11.500877,-0.0559,0.9212,0.2170,0.95
11.553117,0.0423,0.9924,0.2060,1.01
11.601394,-0.1785,1.1324,0.1449,1.16
11.651812,-0.1059,1.4110,0.1450,1.42
11.700462,0.0136,1.2859,-0.3000,1.32
11.751846,0.1680,0.9770,-0.0892,1.00
11.801752,-0.1152,1.0453,0.0518,1.05
11.850832,-0.1725,0.9510,0.0050,0.97
11.900915,-0.0224,0.6764,0.0477,0.68
11.951845,0.1115,0.6389,0.2086,0.68
12.001527,0.0037,0.8614,0.2045,0.89
12.051122,-0.0001,0.9207,0.1521,0.93
12.100412,0.0137,0.9743,0.1847,0.99
12.150804,0.2022,1.1009,0.2244,1.14
12.200743,-0.0226,1.3510,0.3059,1.39
12.251489,-0.0269,1.1857,0.0918,1.19
12.300606,0.0483,1.0306,-0.3664,1.09
12.351571,0.0250,0.9679,-0.1416,0.98
12.400393,0.1419,1.1020,0.0620,1.11
12.450766,0.1762,0.9618,0.0049,0.98
12.500461,-0.0306,0.7197,0.0547,0.72
12.550609,-0.1996,0.8209,0.1651,0.86
12.609375,-0.1595,0.8712,0.1925,0.91
12.660877,-0.0158,0.8606,0.2180,0.89
12.709672,0.0440,0.9707,0.1781,0.99
12.762136,-0.1880,1.2159,0.1863,1.24
12.809710,-0.1368,1.4032,0.2467,1.43
12.861041,-0.0498,1.2538,-0.2495,1.28
12.908427,0.1671,0.9751,-0.1663,1.00
12.959713,-0.1248,1.0188,0.1336,1.04
13.008545,-0.2348,1.0385,0.0372,1.07
13.059388,-0.0558,0.6992,0.0339,0.70
13.108663,0.0314,0.6288,0.2298,0.67
13.158988,0.0502,0.7905,0.2118,0.82
13.208383,0.0660,0.9081,0.1648,0.93
13.259714,0.0492,1.0571,0.1747,1.07
13.308813,0.1673,1.2094,0.1540,1.23
13.359820,0.0325,1.2888,0.3474,1.34
13.408611,-0.1072,1.2616,-0.1177,1.27
13.458459,-0.0163,1.0622,-0.4361,1.15
13.509093,0.0413,0.9683,0.0234,0.97
13.559320,0.0952,1.0718,0.0698,1.08
13.608505,0.0423,0.8623,-0.0811,0.87
13.659027,-0.0258,0.6629,0.0905,0.67
13.708662,-0.1195,0.8593,0.2781,0.91
13.758750,-0.1076,0.8430,0.2518,0.89
13.808189,-0.0369,0.9270,0.2562,0.96
13.860165,-0.0350,1.0048,0.2176,1.03
13.908386,-0.2603,1.1312,0.2789,1.19
13.959326,-0.0961,1.2042,0.2250,1.23
14.008654,0.0708,1.3487,-0.3583,1.40
14.059131,0.1429,1.0304,0.0504,1.04
14.108708,-0.1656,0.9863,0.1204,1.01
14.159829,-0.0843,0.9161,0.0070,0.92
14.208990,-0.0206,0.6838,0.1038,0.69
14.260016,0.0596,0.7663,0.2093,0.80
14.310533,0.0211,0.8463,0.1397,0.86
14.367126,0.0563,0.8917,0.1904,0.91
14.417026,0.0816,1.0477,0.1622,1.06
14.467496,0.1237,1.2708,0.1749,1.29
14.517101,-0.0665,1.3584,0.1797,1.37
14.566994,-0.0011,1.2466,-0.4150,1.31
14.616843,0.1098,0.9520,-0.2054,0.98
14.667553,0.0830,1.0944,-0.0263,1.10
14.716947,0.0777,0.9540,-0.0481,0.96
14.767447,0.0014,0.7752,-0.0360,0.78
14.816543,-0.1044,0.8429,0.0718,0.85
14.867493,-0.0673,0.8922,0.1753,0.91
14.916789,-0.0187,0.8427,0.2603,0.88
14.966446,0.0286,0.9178,0.2498,0.95
15.017996,-0.1672,1.0503,0.1787,1.08
15.067451,-0.0887,1.1052,0.3114,1.15
15.117784,0.0161,1.1964,0.0142,1.20
15.167202,0.1886,1.2773,-0.3240,1.33
15.216428,0.1168,1.1257,0.0610,1.13
15.267231,-0.0592,1.0080,0.0853,1.01
15.316381,-0.0579,0.7910,0.0070,0.79
15.367716,0.0167,0.6563,0.1128,0.67
15.418245,0.1340,0.9016,0.1126,0.92
15.475239,0.0992,0.9209,0.1080,0.93
15.525604,0.0728,1.0290,0.1776,1.05
15.575687,0.0255,1.1567,0.1877,1.17
15.624944,0.0366,1.2338,0.1945,1.25
15.677381,0.0786,1.2800,-0.0117,1.28
15.725480,0.0659,1.1994,-0.5601,1.33
15.776811,-0.0564,0.9735,-0.2813,1.01
15.824841,0.1247,0.9744,0.0880,0.99
15.876750,0.2022,0.9176,-0.1361,0.95
15.925256,0.0754,0.7661,-0.1647,0.79
15.976416,-0.0939,0.8800,0.0653,0.89
16.024645,-0.1493,0.9059,0.0669,0.92
16.077118,-0.0889,0.9782,0.1160,0.99
16.125688,-0.0590,1.0392,0.0893,1.04
16.177620,0.0051,0.9522,0.1187,0.96
16.225569,-0.0534,0.8805,0.1110,0.89
16.278174,-0.0974,0.9515,0.0924,0.96
16.324633,0.2368,1.1789,-0.1387,1.21
16.378448,0.4432,1.2691,-0.3600,1.39
16.424965,0.2866,1.1387,-0.1825,1.19
16.477937,0.2461,0.9278,-0.1410,0.97
16.524681,0.1923,0.8938,-0.2168,0.94
16.577745,0.0827,0.9054,-0.1351,0.92
16.624645,0.0391,0.9884,-0.1960,1.01
16.676256,0.1098,1.0618,-0.1477,1.08
16.724701,0.1332,0.9799,-0.0548,0.99
16.776869,0.0795,0.9813,-0.1167,0.99
16.824751,0.0511,0.9292,-0.0855,0.93
16.877382,0.1018,0.9405,-0.0450,0.95
16.925522,-0.0297,1.0133,-0.0837,1.02
16.975036,-0.1407,0.9113,-0.1413,0.93
17.025724,-0.1411,1.0845,0.1977,1.11
17.074709,-0.1818,1.1983,0.0560,1.21
17.124706,-0.1743,0.9834,0.0374,1.00
17.175040,-0.1676,0.9054,0.1911,0.94
17.224444,-0.0970,0.9463,0.1456,0.96
17.276115,-0.0176,0.9786,0.1547,0.99
17.325389,-0.1239,0.9340,0.1902,0.96
17.376294,-0.0626,0.9041,0.2110,0.93
17.434692,0.0175,1.0418,0.2246,1.07
17.485676,-0.0682,1.1841,0.2710,1.22
17.533608,-0.1712,1.1579,0.3319,1.22
17.584579,-0.2249,1.3414,0.0476,1.36
17.632658,0.0057,1.1242,-0.1312,1.13
17.685666,0.0499,0.7171,-0.1666,0.74
17.733011,0.0408,0.8498,0.0189,0.85
17.784632,-0.0990,1.0606,-0.0280,1.07
17.833107,-0.0980,0.9191,-0.0141,0.92
17.883610,-0.0427,0.8255,0.1229,0.84
17.932838,-0.0248,0.8951,0.1542,0.91
17.983762,-0.0209,0.9025,0.1523,0.92
18.032921,-0.0394,0.9410,0.2016,0.96
18.083829,0.0198,0.9963,0.1760,1.01
18.134026,0.2210,1.1472,0.1219,1.17
18.185403,0.0277,1.2977,0.2533,1.32
18.233631,-0.0872,1.2410,-0.0113,1.24
18.285179,-0.0332,0.9667,-0.3835,1.04
18.333820,-0.0541,0.8951,-0.0851,0.90
18.384986,0.0305,1.1127,0.0129,1.11
18.434083,0.0969,0.9440,-0.0607,0.95
18.484786,0.0109,0.6651,0.0367,0.67
18.532727,-0.0603,0.8079,0.1662,0.83
18.583722,-0.0395,0.9667,0.1486,0.98
18.632739,-0.1009,0.9999,0.2049,1.03
18.683131,-0.0497,1.0119,0.2307,1.04
18.732885,-0.1679,1.0306,0.1376,1.05
18.783223,-0.0270,1.3538,0.2508,1.38
18.832856,0.0319,1.3187,-0.0280,1.32
18.883903,0.0565,0.9172,-0.3211,0.97
18.933453,0.0425,0.8762,0.0083,0.88
18.982729,-0.1890,1.0667,0.0342,1.08
19.032751,-0.1638,0.9283,-0.0902,0.95
19.083295,0.0013,0.6965,0.0680,0.70
19.133662,0.0194,0.8167,0.1317,0.83
19.184230,-0.0131,0.9066,0.1270,0.92
19.242176,-0.0497,0.9706,0.1364,0.98
19.294079,0.0139,1.0075,0.1732,1.02
19.342042,0.1414,1.2634,0.2024,1.29
19.392296,-0.0491,1.4329,0.2197,1.45
19.442258,-0.0490,1.0190,-0.2239,1.04
19.491649,0.0204,0.9062,-0.3176,0.96
19.540723,0.0228,1.0369,-0.0452,1.04
19.591857,0.1287,1.0452,0.0162,1.05
19.640767,0.0725,0.7900,0.0369,0.79
19.692601,-0.0990,0.7685,0.1173,0.78
19.741601,-0.0535,0.8726,0.1978,0.90
19.795455,-0.0016,0.8549,0.2201,0.88
19.840801,-0.0065,0.9906,0.1973,1.01
19.893073,-0.1416,1.0832,0.1781,1.11
19.941696,-0.1534,1.2681,0.2834,1.31
19.991383,-0.0602,1.4604,0.0311,1.46
20.041991,0.0748,1.0015,-0.2869,1.04
20.092540,0.1370,0.8608,-0.0339,0.87
20.141034,-0.0639,0.9911,0.0427,0.99
20.191255,-0.0960,0.9282,-0.0545,0.93
20.240689,-0.0192,0.6980,0.1000,0.71
20.292440,-0.0265,0.8578,0.1876,0.88
20.341333,-0.0351,0.9063,0.1532,0.92
20.391805,-0.0156,0.9623,0.1795,0.98
20.441037,0.0089,1.0372,0.1001,1.04
20.491839,0.1975,1.2076,0.1737,1.24
20.541076,0.0176,1.3198,0.2885,1.35
20.592394,-0.0628,1.1304,-0.1341,1.14
20.642088,-0.0158,0.9256,-0.3626,0.99
20.693287,-0.0805,1.0021,-0.0667,1.01
20.742144,0.0688,1.0268,-0.0024,1.03
20.802605,0.1091,0.7924,0.0055,0.80
20.849402,-0.1212,0.7297,0.1106,0.75
20.893468,-0.1502,0.9264,0.2075,0.96
20.948928,-0.0664,0.9643,0.1806,0.98
20.994435,-0.0156,0.9543,0.2049,0.98
21.049056,-0.0143,0.9930,0.1860,1.01
21.101598,-0.2382,1.2073,0.1580,1.24
21.149411,-0.0903,1.4673,0.2060,1.48
21.202637,0.0467,1.1666,-0.2852,1.20
21.250290,0.1047,0.7677,-0.1557,0.79
21.302811,-0.1714,0.9142,0.1141,0.94
21.349613,-0.2334,1.0659,-0.0441,1.09
21.401296,0.0295,0.7473,-0.0505,0.75
21.450879,0.0628,0.6761,0.1962,0.71
21.501489,-0.0045,0.9303,0.1072,0.94
21.549980,0.0207,0.9576,0.1339,0.97
21.600917,0.0187,1.0187,0.1874,1.04
21.649220,0.0521,1.0672,0.1182,1.08
21.702300,0.0480,1.2600,0.2323,1.28
21.749288,-0.0957,1.3722,0.0537,1.38
21.799677,-0.0271,1.0473,-0.3313,1.10
21.849159,-0.0157,0.8629,-0.1801,0.88
21.900883,0.0388,1.0441,-0.0060,1.04
21.950402,0.1882,1.0046,-0.0269,1.02
22.000816,0.0302,0.6954,0.0438,0.70
22.048944,-0.1207,0.7998,0.1358,0.82
22.101664,-0.1084,0.8900,0.2208,0.92
22.149581,-0.0999,0.9289,0.1854,0.95
22.201763,0.0328,1.0179,0.1778,1.03
22.248908,-0.1004,1.0731,0.1306,1.09
22.301587,-0.0959,1.3515,0.2926,1.39
22.349027,-0.0222,1.3016,-0.0792,1.30
22.400825,0.1339,0.9403,-0.3131,1.00
22.449531,-0.0437,1.0152,0.1142,1.02
22.499087,-0.3103,1.0817,0.0441,1.13
22.549064,-0.0475,0.7818,-0.0490,0.78
22.599279,0.0617,0.6433,0.1477,0.66
22.649459,0.0076,0.8070,0.1735,0.83
22.699604,-0.0143,0.8698,0.1556,0.88
22.749455,0.0349,1.0076,0.1860,1.03
22.800053,0.2588,1.1906,0.1068,1.22
22.849801,-0.0114,1.3461,0.2669,1.37
22.900167,-0.1375,1.2127,0.0764,1.22
22.948892,-0.0317,1.0343,-0.4349,1.12
23.000235,0.0225,0.9790,-0.1274,0.99
23.049862,0.1616,1.0312,-0.0314,1.04
23.110950,0.0819,0.7876,-0.0319,0.79
23.157695,-0.0522,0.6803,0.0138,0.68
23.208689,-0.1354,0.9209,0.1656,0.95
23.257432,-0.1205,0.9443,0.1825,0.97
23.310772,-0.0544,0.9828,0.2052,1.01
23.357210,0.0174,1.0613,0.1627,1.07
23.410919,-0.1053,1.1841,0.2170,1.21
23.457038,0.0332,1.2492,0.3624,1.30
23.508345,-0.1748,1.1375,-0.3760,1.21
23.557556,0.0425,1.1601,-0.4087,1.23
23.607621,-0.1310,1.0508,0.1498,1.07
23.658039,-0.1689,0.8732,-0.0291,0.89
23.709457,-0.0132,0.7232,-0.1417,0.74
23.757753,0.0208,0.6887,0.1666,0.71
23.809023,0.0811,0.9716,0.1545,0.99
23.857773,0.0250,0.9796,0.0609,0.98
23.909509,-0.0649,1.0274,0.1507,1.04
23.957813,0.1213,1.1420,0.1894,1.16
24.009309,-0.0632,1.3530,0.2612,1.38
24.056906,-0.1812,1.1885,-0.0026,1.20
24.107930,0.0399,0.9579,-0.5015,1.08
24.156941,0.0870,0.9783,-0.1630,1.00
24.207806,0.1537,1.0257,0.0510,1.04
24.257211,0.1547,0.9088,-0.0413,0.92
24.308688,-0.0377,0.6884,0.0613,0.69
24.356924,-0.1492,0.8739,0.1848,0.91
24.408165,-0.1046,0.9207,0.1630,0.94
24.457963,-0.0288,0.9572,0.2023,0.98
24.508235,0.0264,1.0220,0.2109,1.04
24.558412,-0.1447,1.1098,0.2002,1.14
24.607428,-0.1190,1.4617,0.1257,1.47
24.658318,-0.0186,1.3150,-0.1831,1.33
24.707906,0.1621,0.7574,-0.2104,0.80
24.757328,0.0979,0.8562,0.0189,0.86
24.806943,-0.0988,1.0980,-0.0673,1.10
24.858510,-0.1278,0.7892,0.0382,0.80
24.907144,-0.0177,0.7376,0.1637,0.76
24.957311,-0.0145,0.8998,0.1221,0.91
25.008287,0.0438,0.9453,0.1043,0.95
25.057656,0.0121,0.9236,0.1668,0.94
25.107824,-0.1126,0.9982,0.1628,1.02
25.158109,0.0998,1.1995,0.2241,1.22
25.208349,-0.0081,1.3747,0.2315,1.39
25.258373,0.0099,1.2274,-0.2316,1.25
25.309011,0.0195,0.8981,-0.3557,0.97
25.357709,0.0148,0.8644,-0.0090,0.86
25.408008,0.1396,1.0315,-0.0369,1.04
25.458831,0.1054,0.8440,-0.0377,0.85
25.519206,-0.1056,0.8065,0.1058,0.82
25.566766,-0.0460,0.9190,0.2053,0.94
25.608783,-0.0790,0.9021,0.1416,0.92
25.658363,-0.0638,0.9526,0.1908,0.97
25.717852,0.0156,1.0457,0.1495,1.06
25.765419,-0.1726,1.1689,0.2213,1.20
25.816532,0.0107,1.4087,0.2664,1.43
25.865260,0.0023,1.2009,-0.2215,1.22
25.915560,0.0609,0.7843,-0.3481,0.86
25.967280,-0.0188,0.8871,0.1284,0.90
26.015030,-0.2221,1.1113,0.0303,1.13
26.066448,-0.0814,0.8780,-0.1112,0.89
26.115299,-0.0102,0.7072,0.1977,0.73
26.165831,0.0243,0.8637,0.1745,0.88
26.215873,0.0407,0.9057,0.1177,0.91
26.265654,0.0180,0.9931,0.1341,1.00
26.315746,0.0394,1.0620,0.1497,1.07
26.365276,0.1684,1.1778,0.2133,1.21
26.416109,-0.0570,1.3081,0.2766,1.34
26.465276,-0.0090,1.1502,-0.2409,1.18
26.516682,0.0582,0.9617,-0.4067,1.05
26.566188,0.0123,0.9950,-0.0021,1.00
26.615817,0.1557,1.0284,0.0105,1.04
26.665283,0.0747,0.7795,-0.0666,0.79
26.716030,-0.1107,0.7685,0.0943,0.78
26.765858,-0.1563,0.9656,0.1657,0.99
26.815443,-0.1115,0.9222,0.1478,0.94
26.865160,-0.0237,0.9430,0.2081,0.97
26.915424,-0.0332,1.0280,0.1826,1.04
26.965583,-0.1630,1.0809,0.1921,1.11
27.015257,-0.0279,1.3402,0.2565,1.36
27.065434,-0.0040,1.3345,-0.2267,1.35
27.115476,0.1201,0.8048,-0.2017,0.84
27.166138,0.0322,0.8883,0.0209,0.89
27.216085,-0.1601,1.1238,-0.0096,1.14
27.273543,-0.1137,0.7970,-0.0016,0.81
27.316023,-0.0215,0.7186,0.1611,0.74
27.367104,0.0596,0.8522,0.1171,0.86
27.425282,0.0722,0.9436,0.1109,0.95
27.474259,0.0199,0.9884,0.1824,1.01
27.526918,-0.0243,1.0213,0.1715,1.04
27.574073,0.0237,1.1856,0.1683,1.20
27.626433,-0.0374,1.3070,0.2348,1.33
27.674436,0.0164,1.1418,-0.2052,1.16
27.725252,0.0805,0.9041,-0.2942,0.95
27.773441,0.0532,0.9680,-0.0526,0.97
27.826924,0.1781,1.1058,-0.0060,1.12
27.873783,0.1146,0.8423,-0.0030,0.85
27.925197,-0.0861,0.7587,0.0549,0.77
27.975816,-0.0788,0.9323,0.1408,0.95
28.025227,-0.0778,0.9338,0.1413,0.95
28.073453,-0.0482,0.9364,0.2142,0.96
28.126096,0.0128,0.9602,0.1729,0.98
28.173017,-0.0644,1.0219,0.1784,1.04
28.226322,-0.1264,1.2618,0.2485,1.29
28.273318,-0.0140,1.3355,0.1790,1.35
28.324108,0.0512,1.0165,-0.2212,1.04
28.373225,0.0889,0.8521,-0.1105,0.86
28.423679,0.0811,1.0557,0.0540,1.06
28.473021,-0.0452,0.9635,0.0392,0.97
28.524255,-0.1090,0.7451,0.0942,0.76
28.573256,0.0264,0.8397,0.1846,0.86
28.626709,0.1605,0.9447,0.1194,0.97
28.673457,0.1358,0.9867,0.0955,1.00
28.724080,0.0969,0.9622,0.1287,0.98
28.773249,-0.0211,0.9803,0.1767,1.00
28.824046,-0.1431,1.0693,0.2859,1.12
28.873440,0.0071,1.1737,0.2467,1.20
28.923365,0.1175,1.1804,-0.0734,1.19
28.974542,0.1040,1.1233,-0.4509,1.21
29.025305,0.1152,0.9206,-0.1084,0.93
29.074147,0.3551,1.1174,0.0882,1.18
29.124552,0.1443,0.9498,-0.1354,0.97
29.173893,-0.0454,0.7578,-0.0316,0.76
29.233903,-0.1253,1.0116,0.1155,1.03
29.274365,-0.0953,1.0029,0.0669,1.01
29.324482,-0.0881,0.9339,0.1724,0.95
29.382783,-0.0460,0.9211,0.1761,0.94
29.433641,0.0532,0.9212,0.1550,0.94
29.474959,-0.0080,0.9399,0.1278,0.95
29.533936,-0.0486,1.1103,0.2439,1.14
29.582127,0.0060,1.2263,0.0508,1.23
29.633331,0.1834,1.2150,-0.2132,1.25
29.681524,0.1953,0.7298,-0.1366,0.77
29.732008,0.0903,0.8095,0.0606,0.82
29.781751,-0.0830,1.2901,-0.1218,1.30
29.834716,-0.0048,0.9525,-0.0746,0.96
29.882189,0.0921,0.8833,0.1780,0.91
29.934539,0.0291,0.9137,0.0089,0.91
29.981838,-0.0513,0.9370,0.0542,0.94
30.034566,-0.0087,0.9642,0.1274,0.97
30.081918,0.0650,1.0434,0.1245,1.05
30.133326,0.0295,1.0911,0.1035,1.10
30.181599,0.0912,1.1355,0.1008,1.14
30.234242,0.2246,1.4924,-0.3470,1.55
30.281124,-0.0439,0.9560,-0.3398,1.02
30.334191,0.0315,0.6434,0.1016,0.65
30.382246,0.2809,1.0462,-0.1567,1.09
30.434008,0.1760,1.1045,-0.1870,1.13
30.481801,-0.2476,0.8699,-0.0004,0.90
30.533312,-0.2200,0.8733,0.1140,0.91
30.581726,-0.0459,0.9791,0.1110,0.99
30.634873,-0.0709,0.8538,0.1516,0.87
30.681364,0.0161,0.8446,0.1733,0.86
30.733025,0.0966,1.0014,0.1011,1.01
30.782028,-0.1129,1.1699,0.1647,1.19
30.833342,-0.1394,1.3692,0.2163,1.39
30.881847,0.0310,1.3380,-0.1918,1.35
30.935154,0.1470,0.7927,-0.1269,0.82
30.982539,-0.0115,0.8397,0.0789,0.84
31.032584,-0.1713,1.1773,0.0033,1.19
31.082485,-0.0759,0.8362,0.0047,0.84
31.131357,0.0494,0.6998,0.2099,0.73
31.181423,0.0958,0.8381,0.1602,0.86
31.231959,0.0095,0.9580,0.1285,0.97
31.281342,-0.0370,1.0112,0.2060,1.03
31.331800,0.0183,1.0624,0.2096,1.08
31.390129,0.1704,1.2390,0.1746,1.26
31.441258,0.1298,1.3869,-0.1580,1.40
31.489671,-0.0058,1.0170,-0.3680,1.08
31.542147,-0.0855,0.8697,0.0267,0.87
31.590060,-0.0079,1.0216,0.0043,1.02
31.642433,0.1242,0.9399,-0.0566,0.95
31.690183,-0.0920,0.8305,0.0367,0.84
31.740790,-0.1161,0.8839,0.1773,0.91
31.789890,-0.0753,0.8570,0.1712,0.88
31.839933,-0.0305,0.8719,0.1921,0.89
31.890128,0.0096,0.9378,0.1679,0.95
31.942003,-0.0721,1.0781,0.1538,1.09
31.989484,-0.0518,1.2712,0.2476,1.30
32.042136,-0.0323,1.2838,-0.0507,1.29
32.089566,0.0725,1.0811,-0.4411,1.17
32.141042,0.0045,0.9702,0.1221,0.98
32.189952,-0.2591,1.0802,0.0401,1.11
32.240359,-0.0676,0.8554,-0.0766,0.86
32.289463,-0.0235,0.6604,0.1764,0.68
32.340815,0.1096,0.8225,0.1695,0.85
32.389308,0.1103,0.9546,0.0468,0.96
32.441087,0.0597,0.9647,0.1445,0.98
32.489789,-0.0208,1.0044,0.2153,1.03
32.541751,0.0856,1.2120,0.1763,1.23
32.598587,-0.0869,1.2818,0.1601,1.29
32.641057,-0.0481,1.1895,-0.3908,1.25
32.698655,0.0132,0.9134,-0.1820,0.93
32.742400,0.1532,1.0244,0.0929,1.04
32.798543,0.1269,1.0307,-0.0107,1.04
32.841719,-0.0629,0.7410,-0.0396,0.74
32.898222,-0.1156,0.7464,0.1781,0.78
32.951403,-0.0710,0.9283,0.1716,0.95
32.998401,-0.0913,0.8988,0.1771,0.92
33.050706,0.0123,0.9510,0.2275,0.98
33.097872,-0.0531,1.0167,0.1639,1.03
33.151035,-0.0884,1.2615,0.2722,1.29
33.197612,-0.0181,1.3096,0.0940,1.31
33.250404,-0.0017,1.0591,-0.3799,1.13
33.299055,0.0248,0.9515,0.0330,0.95
33.349644,-0.2108,1.0848,0.0761,1.11
33.397846,-0.0443,0.9356,-0.0736,0.94
33.450319,-0.0379,0.6421,0.1245,0.66
33.498903,0.0199,0.7907,0.2213,0.82
33.551053,0.0494,0.9185,0.1135,0.93
33.599431,0.0057,0.9376,0.1176,0.94
33.648958,0.0096,0.9926,0.2067,1.01
33.698623,0.1652,1.2106,0.1935,1.24
33.750764,-0.0403,1.3771,0.2581,1.40
33.797958,-0.0581,1.2403,-0.2155,1.26
33.850300,0.0497,0.9062,-0.3529,0.97
33.898175,0.0320,0.8982,0.0693,0.90
33.948512,0.0683,1.0838,0.0042,1.09
33.998067,0.0421,0.8735,-0.0171,0.87
34.050376,-0.0502,0.7156,0.1248,0.73
34.097901,-0.0452,0.8518,0.2577,0.89
34.151115,-0.0651,0.8589,0.1873,0.88
34.199040,-0.0093,0.9735,0.1889,0.99
34.249556,-0.0848,0.9964,0.2362,1.03
34.297756,-0.1847,1.2099,0.2775,1.25
34.350480,-0.0935,1.3546,-0.0039,1.36
34.399083,0.0803,1.1280,-0.3759,1.19
34.449701,0.1351,0.8974,0.0872,0.91
34.498968,-0.1571,1.0919,0.0922,1.11
34.559703,-0.1128,0.8926,-0.0802,0.90
34.606967,-0.0589,0.6299,0.1730,0.66
34.658465,0.0991,0.7931,0.1756,0.82
34.706574,0.0641,0.9044,0.1228,0.91
34.759270,0.0113,0.9640,0.1909,0.98
34.806428,0.0446,1.0817,0.1962,1.10
34.859325,0.1104,1.2841,0.2183,1.31
34.906476,-0.0125,1.1379,0.1756,1.15
34.960427,-0.0681,1.1505,-0.4965,1.25
35.006954,-0.0393,1.0893,-0.2195,1.11
35.058945,0.1742,1.0746,0.1246,1.10
35.106973,0.1375,0.9156,0.0044,0.93
35.157504,-0.0038,0.6753,0.0200,0.68
35.206427,-0.1200,0.7622,0.1405,0.78
35.260554,-0.1803,0.9175,0.1745,0.95
35.305925,-0.1256,0.8996,0.2256,0.94
35.359234,-0.0112,0.9559,0.2610,0.99
35.405606,-0.1158,1.1061,0.1326,1.12
35.458914,-0.0407,1.4315,0.2159,1.45
35.505960,0.0095,1.3738,-0.3269,1.41
35.557337,0.2013,0.9869,-0.1972,1.03
35.606321,-0.1344,0.9296,0.1130,0.95
35.658422,-0.2213,1.0153,-0.0448,1.04
35.706851,0.0042,0.8173,-0.1162,0.83
35.757936,0.0966,0.6578,0.2061,0.70
35.815080,0.0364,0.8781,0.1492,0.89
35.857883,0.0043,0.9318,0.1102,0.94
35.914825,-0.0225,1.0378,0.1862,1.05
35.958952,0.0848,1.1796,0.1947,1.20
36.014228,0.0226,1.2556,0.2725,1.29
36.067590,-0.1000,1.2720,-0.4156,1.34
36.115278,-0.0334,0.9790,-0.3435,1.04
36.171325,0.1163,0.9206,0.0960,0.93
36.214439,0.1053,1.0519,-0.0683,1.06
36.267082,0.0363,0.8172,-0.0716,0.82
36.314721,-0.1083,0.7119,0.1082,0.73
36.367948,-0.0653,0.9438,0.1814,0.96
36.414927,0.0075,0.8791,0.1865,0.90
36.467550,0.1174,0.9377,0.2351,0.97
36.514197,-0.0497,1.0213,0.2054,1.04
36.566176,-0.1791,1.1767,0.2867,1.22
36.615471,-0.0244,1.4276,0.0970,1.43
36.667527,0.0503,1.1605,-0.3940,1.23
36.713649,0.1496,0.8216,-0.0726,0.84
36.770683,-0.0639,0.9822,0.0685,0.99
36.814266,-0.1775,1.0464,-0.0491,1.06
36.869933,-0.1136,0.7142,0.0482,0.72
36.914775,0.0630,0.7680,0.2318,0.80
36.966563,0.0300,0.8918,0.1492,0.90
37.014158,0.0145,0.9292,0.1478,0.94
37.065606,-0.0113,0.9735,0.1967,0.99
37.114333,0.1342,1.1210,0.1401,1.14
37.166667,0.0825,1.3356,0.2671,1.36
37.215349,-0.0297,1.2599,-0.0581,1.26
37.265825,-0.0034,0.9644,-0.3799,1.04
37.314817,0.0068,0.9756,-0.0827,0.98
37.375355,0.1439,1.1045,-0.0106,1.11
37.415166,0.1295,0.8894,-0.0231,0.90
37.466347,-0.0111,0.6617,0.0648,0.67
37.523268,-0.1539,0.9070,0.1805,0.94
37.575198,-0.0796,0.9013,0.1762,0.92
37.623334,0.0272,0.9137,0.2161,0.94
37.674748,0.0351,0.9808,0.1908,1.00
37.722955,-0.1704,1.1399,0.1919,1.17
37.779202,-0.0144,1.3781,0.2173,1.40
37.823189,0.0266,1.2238,-0.1963,1.24
37.873785,0.1187,0.8922,-0.2885,0.95
37.923016,-0.0262,1.0272,0.0939,1.03
37.977765,-0.2637,1.0631,-0.0293,1.10
38.022668,-0.0843,0.7385,-0.0496,0.74
38.076129,0.0756,0.6813,0.1588,0.70
38.122645,0.0750,0.8922,0.1394,0.91
38.176332,0.0476,0.9526,0.1151,0.96
38.222082,0.0194,0.9953,0.1790,1.01
38.276251,0.1127,1.1236,0.1502,1.14
38.322348,0.0449,1.2191,0.2160,1.24
38.376724,-0.1291,1.2760,0.0280,1.28
38.423216,-0.0214,1.1003,-0.4540,1.19
38.472935,0.0236,0.9429,-0.0627,0.95
38.523870,0.0687,1.0987,0.0253,1.10
38.572568,0.0884,0.9680,-0.0825,0.98
38.622327,0.1497,0.7136,0.0347,0.73
38.673916,-0.0367,0.7929,0.1731,0.81
38.722364,-0.1525,0.8657,0.1588,0.89
38.772624,-0.0723,0.8957,0.2270,0.93
38.822873,0.0575,0.9856,0.2119,1.01
38.873731,-0.1673,1.0577,0.1627,1.08
38.922549,-0.0697,1.3103,0.2838,1.34
38.974584,0.0394,1.3772,-0.1515,1.39
39.022664,0.1301,0.9915,-0.3230,1.05
39.073680,-0.0099,1.0102,0.0964,1.01
39.123672,-0.2295,1.1201,0.0225,1.14
39.182314,-0.1118,0.6838,-0.0032,0.69
39.231499,-0.0017,0.6161,0.1890,0.64
39.283376,0.0203,0.8770,0.1564,0.89
39.331480,0.0255,0.9693,0.1379,0.98
39.383481,0.0123,1.0147,0.1854,1.03
39.430752,0.0983,1.0893,0.1557,1.10
39.475262,0.1126,1.1951,0.1808,1.21
39.532027,-0.1173,1.3909,0.0038,1.40
39.584874,0.0294,1.0280,-0.4393,1.12
39.630977,0.0623,0.9237,-0.0576,0.93
39.682577,0.0581,1.0817,0.0149,1.08
39.731209,0.1154,0.9473,-0.0863,0.96
39.783443,0.0115,0.7097,0.0647,0.71
39.831106,-0.1290,0.8448,0.1721,0.87
39.882628,-0.0665,0.8358,0.2155,0.87
39.930750,0.0057,0.8573,0.2284,0.89
39.982948,-0.0255,0.9907,0.1581,1.00
40.031412,-0.2744,1.0793,0.1409,1.12
40.080702,-0.0808,1.3001,0.2642,1.33
40.130342,0.0714,1.4957,-0.2443,1.52
40.180523,0.2213,1.0171,-0.3139,1.09
40.230166,0.0012,0.8523,0.0430,0.85
40.283056,-0.1663,1.1067,-0.0702,1.12
40.330376,-0.1142,0.8278,-0.1025,0.84
40.381784,0.0848,0.6254,0.1444,0.65
40.431234,0.0774,0.8908,0.1287,0.90
40.483013,0.0237,1.0140,0.0986,1.02
40.531116,0.0466,1.0057,0.1871,1.02
40.582135,-0.0040,1.1062,0.1969,1.12
40.631114,0.0055,1.1974,0.2087,1.22
40.691053,0.0295,1.1760,0.0200,1.18
40.739662,0.0565,1.0798,-0.4939,1.19
40.782114,-0.0472,0.9871,-0.2626,1.02
40.840103,0.1115,1.0607,0.0079,1.07
40.881407,0.1971,0.9966,-0.0581,1.02
40.938727,-0.0302,0.7421,-0.0135,0.74
40.991096,-0.2082,0.8650,0.1311,0.90
41.039552,-0.1572,0.9518,0.1798,0.98
41.082443,-0.0844,0.8801,0.2058,0.91
41.140322,0.0270,0.9449,0.2090,0.97
41.192968,-0.2415,1.0572,0.1402,1.09
41.238950,-0.0644,1.2638,0.2441,1.29
41.292649,0.1043,1.3617,-0.0028,1.37
41.339314,-0.0092,1.0085,-0.3377,1.06
41.394707,0.0257,0.9033,0.0269,0.90
41.438501,-0.1749,1.1193,0.0561,1.13
41.491205,-0.2299,0.9290,-0.0599,0.96
41.538438,-0.1435,0.6425,0.1422,0.67
41.584782,0.0934,0.7672,0.1881,0.80
41.638950,0.0817,0.9055,0.1190,0.92
41.690164,-0.0035,0.9905,0.1470,1.00
41.739144,-0.0058,1.0228,0.1887,1.04
41.788911,0.1865,1.1694,0.1832,1.20
41.838999,-0.0184,1.2398,0.3156,1.28
41.888481,-0.0767,1.2373,-0.1644,1.25
41.938655,0.0695,0.9464,-0.3604,1.02
41.988029,0.0867,0.9123,-0.0048,0.92
42.038939,0.0613,1.1043,-0.0113,1.11
42.091348,0.0750,0.8630,-0.0803,0.87
42.140173,-0.0436,0.7547,0.0601,0.76
42.190109,-0.1262,0.9301,0.1843,0.96
42.239501,-0.1046,0.8440,0.1918,0.87
42.288180,-0.0262,0.8820,0.2058,0.91
42.339550,0.0502,0.9942,0.1588,1.01
42.388466,-0.1703,1.1236,0.2196,1.16
42.439419,-0.0922,1.3833,0.2182,1.40
42.490159,0.0894,1.3797,-0.2321,1.40
42.539170,0.1728,0.8888,-0.2281,0.93
42.599069,-0.0369,0.9055,0.0556,0.91
42.639891,-0.1712,1.1033,-0.0176,1.12
42.691706,-0.1124,0.8303,-0.0356,0.84
42.747037,0.0641,0.6970,0.2110,0.73
42.791203,0.0371,0.8512,0.1686,0.87
42.847256,0.0203,0.9325,0.1611,0.95
42.899596,0.0288,1.0309,0.1944,1.05
42.947351,0.1029,1.1274,0.1481,1.14
43.000079,0.0762,1.1996,0.2556,1.23
43.047587,-0.0917,1.1835,0.2537,1.21
43.106815,-0.0132,1.0157,-0.3290,1.07
43.146595,0.0017,0.9106,-0.2796,0.95
43.201048,0.0208,1.1092,-0.0604,1.11
43.247329,0.1642,1.1265,0.0179,1.14
43.299375,0.1229,0.7764,0.0157,0.79
43.347595,-0.0430,0.7475,0.0460,0.75
43.399738,-0.0946,0.9488,0.1412,0.96
43.446521,-0.0748,0.9127,0.1597,0.93
43.503377,0.0162,0.9556,0.2012,0.98
43.547919,0.0290,0.9535,0.1725,0.97
43.601661,-0.1611,1.0861,0.1492,1.11
43.646692,-0.0079,1.2808,0.2647,1.31
43.698761,0.0794,1.3511,0.0131,1.35
43.747335,0.0503,0.9432,-0.2727,0.98
43.798696,0.0395,0.7691,-0.0113,0.77
43.847336,-0.1202,1.1041,0.1384,1.12
43.896397,-0.1092,1.0644,-0.0949,1.07
43.947727,0.0665,0.7127,0.1325,0.73
43.998352,0.0965,0.8720,0.1868,0.90
44.046557,0.0571,0.9260,0.0941,0.93
44.097087,0.0568,0.9549,0.1434,0.97
44.147529,0.0317,0.9750,0.1736,0.99
44.198351,0.0544,1.0124,0.1462,1.02
44.247244,-0.1387,1.1579,0.1683,1.18
44.297296,-0.0045,1.1768,0.1392,1.19
44.347454,0.1657,1.1870,-0.2720,1.23
44.399343,0.1068,0.9972,-0.3988,1.08
44.448491,0.3346,1.0181,0.0261,1.07
44.509939,0.1668,1.0258,-0.2299,1.06
44.548854,-0.1094,0.8885,-0.3290,0.95
44.599804,-0.0785,0.8742,-0.0517,0.88
44.655845,-0.0347,0.9633,-0.0543,0.97
44.711955,-0.0443,0.9917,-0.0191,0.99
44.755520,-0.1127,0.9894,0.0306,1.00
44.809695,-0.0168,0.9844,-0.0399,0.99
44.855016,0.0482,1.0560,-0.0888,1.06
44.907273,0.1203,0.9128,-0.1665,0.94
44.955178,0.3380,1.0842,-0.2765,1.17
45.007986,0.1368,1.0743,-0.0128,1.08
45.054821,-0.0557,1.0729,-0.2612,1.11
45.108916,0.2778,0.8850,0.0854,0.93
45.154960,0.0950,0.8385,0.0383,0.84
45.207869,-0.0256,0.9815,-0.0707,0.98
45.255095,0.0833,1.0509,-0.0139,1.05
45.306759,0.1891,0.9893,0.0632,1.01
45.355782,0.1569,0.9856,0.0664,1.00
45.407708,0.0737,0.9968,0.0994,1.00
45.455926,0.0600,1.0544,0.1464,1.07
45.507507,0.0911,1.0761,0.1517,1.09
45.555315,0.1729,1.0596,0.1030,1.08
45.605394,0.1577,1.2968,-0.3520,1.35
45.655104,0.0149,0.8663,-0.3446,0.93
45.705809,0.1350,0.7186,0.0624,0.73
45.754519,0.2843,1.1068,-0.1671,1.15
45.815339,-0.1210,1.0240,-0.1240,1.04
45.855135,-0.2380,0.8168,0.0740,0.85
45.906182,-0.0983,0.9219,0.1416,0.94
45.955682,-0.0192,0.9304,0.1403,0.94
46.016444,-0.0251,0.9301,0.1749,0.95
46.056684,0.0100,1.0066,0.1482,1.02
46.107223,-0.0861,0.9891,0.1791,1.01
46.163280,-0.1342,1.2711,0.1729,1.29
46.217220,0.0390,1.4468,-0.1936,1.46
46.263027,0.1268,0.8043,-0.1324,0.82
46.317378,0.0253,0.8113,0.0707,0.81
46.363064,-0.1167,1.1978,-0.0625,1.21
46.419839,-0.0471,0.9090,-0.0410,0.91
46.463081,0.1144,0.6460,0.1740,0.68
46.516933,0.0491,0.8214,0.1178,0.83
46.562749,0.0325,0.9467,0.1062,0.95
46.617496,0.0356,0.9740,0.1698,0.99
46.663173,0.0060,0.9529,0.1528,0.97
46.717088,0.1155,1.1298,0.1839,1.15
46.763599,0.0170,1.2878,0.2678,1.32
46.816261,0.0989,1.2081,-0.1695,1.22
46.863124,0.0186,0.8687,-0.2056,0.89
46.919756,-0.0222,1.1376,0.0823,1.14
46.963659,0.0250,1.1307,0.0051,1.13
47.014891,0.0493,0.8032,0.0675,0.81
47.064289,-0.0714,0.7880,0.1450,0.80
47.115328,-0.0725,0.8569,0.1883,0.88
47.163231,-0.0152,0.8442,0.1950,0.87
47.216119,-0.0038,0.9468,0.2561,0.98
47.262738,-0.0626,1.0223,0.2677,1.06
47.313396,-0.2339,1.1260,0.2805,1.18
47.363552,-0.1318,1.3670,0.0519,1.37
47.423283,0.2873,1.0544,-0.1898,1.11
47.471081,0.0491,1.0065,0.1471,1.02
47.523116,-0.1344,1.0111,0.0320,1.02
47.571577,-0.0308,0.8802,-0.0108,0.88
47.614876,0.0620,0.6776,0.1293,0.69
47.664623,0.0418,0.7550,0.1242,0.77
47.726664,-0.0154,0.8975,0.1040,0.90
47.764979,-0.0044,0.9652,0.2060,0.99
47.815183,0.0071,1.0525,0.2187,1.07
47.871617,0.1573,1.2358,0.1375,1.25
47.924507,0.0388,1.3521,0.0293,1.35
47.971158,-0.1177,1.1692,-0.4397,1.25
48.022549,-0.0679,0.9165,-0.1611,0.93
48.070949,0.0511,1.0343,0.0190,1.04
48.124535,0.0352,1.0323,-0.1461,1.04
48.171749,-0.0586,0.7486,0.0117,0.75
48.225443,-0.1369,0.8028,0.1104,0.82
48.273831,-0.0626,0.9267,0.1238,0.94
48.323893,-0.0074,0.9220,0.1730,0.94
48.371153,0.0043,0.9785,0.1915,1.00
48.421600,-0.1729,1.0484,0.0884,1.07
48.473028,-0.0897,1.3202,0.2379,1.34
48.522636,-0.0204,1.3070,-0.2929,1.34
48.570727,0.0897,0.9977,-0.1477,1.01
48.622646,-0.3332,0.9889,0.0941,1.05
48.671462,-0.2082,0.9627,-0.0352,0.99
48.721825,0.0201,0.7545,-0.0544,0.76
48.773322,0.0252,0.7493,0.1367,0.76
48.823064,-0.0530,0.9667,0.0739,0.97
48.870670,-0.0264,0.9287,0.0914,0.93
48.923821,0.0133,0.9413,0.2270,0.97
48.970811,0.1326,1.0581,0.1939,1.08
49.023540,0.0344,1.1749,0.3161,1.22
49.071542,-0.1598,1.3400,0.2559,1.37
49.121031,-0.0734,1.1125,-0.4353,1.20
49.172709,0.0043,0.9197,-0.1171,0.93
49.231784,0.1096,1.0422,0.0643,1.05
49.272379,0.1639,1.0392,0.0077,1.05
49.323637,0.1145,0.6431,0.0925,0.66
49.373032,-0.1568,0.8395,0.2036,0.88
49.423870,-0.1261,0.9170,0.1803,0.94
49.479337,-0.0177,0.9771,0.2230,1.00
49.531395,0.0558,1.0698,0.2411,1.10
49.579299,-0.1497,1.1269,0.1856,1.15
49.629687,-0.1115,1.3611,0.2218,1.38
49.679410,0.0031,1.2379,-0.2769,1.27
49.729698,0.1483,0.8322,-0.1930,0.87
49.780084,-0.1109,0.9126,0.1336,0.93
49.831916,-0.2773,1.1106,-0.0101,1.14
49.878855,-0.0253,0.8886,-0.0985,0.89
49.929338,0.0784,0.6827,0.1822,0.71
49.979098,0.0370,0.8635,0.1526,0.88
50.032317,0.0314,0.8867,0.1678,0.90
50.079130,-0.0066,0.9339,0.2063,0.96
50.130336,0.1049,1.1309,0.0799,1.14
50.179175,0.0676,1.3124,0.2249,1.33
50.230745,-0.1345,1.3165,0.1609,1.33
50.279215,0.0055,1.0061,-0.3387,1.06
50.330952,0.0683,0.8668,-0.1467,0.88
50.379396,0.0286,1.0464,0.0018,1.05
50.431619,0.1087,0.9931,-0.0271,1.00
50.479275,0.0251,0.7261,0.0410,0.73
50.531275,-0.1167,0.8382,0.1619,0.86
50.579773,-0.0999,0.9358,0.1665,0.96
50.629986,-0.0667,0.9378,0.2082,0.96
50.682059,0.0277,1.0445,0.1988,1.06
50.732062,-0.1947,1.1281,0.1770,1.16
50.780644,-0.0215,1.4787,0.1865,1.49
50.829240,0.0380,1.3392,-0.2912,1.37
50.879253,0.1503,0.7448,-0.1774,0.78
50.939996,-0.0692,0.9743,0.0684,0.98
50.987889,-0.2060,1.1255,-0.0890,1.15
51.038308,-0.0618,0.7163,0.0110,0.72
51.087025,0.0823,0.6733,0.2090,0.71
51.138810,0.0005,0.8373,0.1536,0.85
51.187465,-0.0146,0.9670,0.1391,0.98
51.237288,0.0212,1.0800,0.1336,1.09
51.288351,0.2364,1.2463,0.1201,1.27
51.340405,0.0381,1.3258,0.3053,1.36
51.388290,-0.0783,1.1438,-0.2527,1.17
51.439319,-0.0598,0.8563,-0.3434,0.92
51.487213,-0.0301,0.9829,0.0059,0.98
51.537200,0.1287,1.1080,-0.0308,1.12
51.587371,0.1360,0.7772,0.0602,0.79
51.637223,-0.0121,0.6680,0.0745,0.67
51.688081,-0.0667,0.9394,0.1839,0.96
51.739947,-0.0972,0.9849,0.1248,1.00
51.787448,0.0152,0.9509,0.2426,0.98
51.839821,-0.0387,0.9750,0.2287,1.00
51.888426,-0.2077,1.2826,0.2401,1.32
51.939969,-0.0133,1.5469,-0.0671,1.55
51.987101,0.1336,1.0417,-0.3072,1.09
52.038957,0.0950,0.6696,-0.0143,0.68
52.087348,-0.1193,0.9404,0.1137,0.95
52.138239,-0.2470,1.1439,-0.1282,1.18
52.187985,-0.0719,0.7635,0.0156,0.77
52.237812,0.0573,0.6913,0.2470,0.74
52.287657,-0.0269,0.8523,0.1461,0.87
52.336990,-0.0214,0.9704,0.1390,0.98
52.387496,0.0582,1.0307,0.1780,1.05
52.440313,0.1764,1.2337,0.1040,1.25
52.487473,-0.0752,1.3264,0.2814,1.36
52.540229,-0.0803,1.1471,-0.2362,1.17
52.588102,0.0247,0.9305,-0.3813,1.01
52.639447,0.0527,0.9585,-0.0195,0.96
52.688115,0.1387,1.0845,-0.0137,1.09
52.739388,0.0657,0.8479,-0.0288,0.85
52.795536,-0.0236,0.7437,0.1154,0.75
52.839058,-0.1223,0.9254,0.1624,0.95
52.896711,-0.0858,0.8773,0.1887,0.90
52.948248,0.0465,0.9520,0.1975,0.97
52.996512,-0.0542,1.0332,0.1693,1.05
53.047889,-0.0986,1.3175,0.2651,1.35
53.095245,-0.0123,1.3145,0.1004,1.32
53.148381,0.0428,0.9887,-0.3784,1.06
53.195750,0.1090,0.9339,0.0057,0.94
53.248340,-0.2866,1.0993,0.0649,1.14
53.295722,-0.1702,0.9164,-0.0688,0.93
53.348191,-0.0514,0.6198,0.0969,0.63
53.398046,0.1129,0.7731,0.1991,0.81
53.447781,0.0662,0.9586,0.1182,0.97
53.495871,0.0318,0.9726,0.1550,0.99
53.548211,0.0553,1.0168,0.2096,1.04
53.595600,0.1499,1.2573,0.1234,1.27
53.647921,-0.1325,1.3720,0.1754,1.39
53.695490,-0.0756,1.0629,-0.3180,1.11
53.746204,0.0131,0.9314,-0.1800,0.95
53.796270,0.1019,1.0977,0.0070,1.10
53.846809,0.1441,0.9703,-0.0591,0.98
53.896835,0.0429,0.6891,0.0561,0.69
53.945397,-0.1760,0.7967,0.1597,0.83
53.996447,-0.1209,0.9429,0.1722,0.97
54.047773,-0.0401,0.9098,0.2019,0.93
54.095340,0.0543,1.0199,0.1838,1.04
54.148149,-0.1474,1.1267,0.2232,1.16
54.196312,-0.1088,1.3066,0.2845,1.34
54.248535,-0.0808,1.3347,-0.2132,1.35
54.296002,0.1907,0.9361,-0.3468,1.02
54.351445,0.0220,0.9779,0.1516,0.99
54.404390,-0.2487,1.0727,0.0123,1.10
54.447453,-0.1405,0.8134,-0.0837,0.83
54.503580,0.0426,0.6340,0.2002,0.67
54.547391,0.0921,0.8090,0.1942,0.84
54.603589,0.0808,0.9590,0.1496,0.97
54.647825,0.0138,1.0268,0.1376,1.04
54.703934,-0.0052,1.0765,0.1900,1.09
54.748639,0.0688,1.2795,0.2638,1.31
54.804512,-0.1044,1.4034,0.1099,1.41
54.856606,0.0264,1.0361,-0.4022,1.11
54.903580,0.0245,0.7774,-0.1685,0.80
54.958786,-0.0015,1.0183,0.0038,1.02
55.004283,0.0911,0.9878,-0.0605,0.99
55.055202,0.0653,0.7681,0.0162,0.77
55.104748,-0.1071,0.8586,0.1787,0.88
55.155572,-0.0944,0.9135,0.2225,0.94
55.204263,-0.0493,0.9009,0.2038,0.92
55.256379,0.0350,0.9786,0.2136,1.00
55.303449,-0.1290,1.0879,0.2163,1.12
55.355968,-0.1353,1.4569,0.2373,1.48
55.404623,-0.0273,1.4161,-0.1465,1.42
55.455186,0.1377,0.8168,-0.2317,0.86
55.503511,0.0345,0.6999,0.0424,0.70
55.553655,-0.1942,1.0926,0.0231,1.11
55.604249,-0.1037,1.0585,-0.1475,1.07
55.656443,-0.0010,0.6561,0.1970,0.69
55.704195,0.0361,0.7758,0.1980,0.80
55.757943,-0.0038,0.9107,0.1198,0.92
55.804414,0.0167,0.9721,0.1486,0.98
55.855723,0.0392,1.0309,0.1413,1.04
55.903970,0.1145,1.2653,0.1870,1.28
55.956419,-0.0469,1.3328,0.3056,1.37
56.004528,-0.0591,1.1074,-0.1815,1.12
56.055459,-0.0012,0.8631,-0.4014,0.95
56.112395,0.0125,0.9257,-0.0561,0.93
56.164685,0.2111,1.1919,-0.0092,1.21
56.211839,0.0832,0.8689,-0.0148,0.87
56.265821,-0.1050,0.7335,0.0776,0.75
56.312010,-0.1387,0.9643,0.1615,0.99
56.364701,-0.0751,0.9026,0.1353,0.92
56.412551,0.0198,0.8655,0.1861,0.89
56.464004,0.0389,0.9974,0.1806,1.01
56.512415,-0.1802,1.1547,0.1563,1.18
56.566299,-0.0031,1.4081,0.3283,1.45
56.613733,-0.0042,1.3016,-0.0015,1.30
56.665055,0.0383,0.8011,-0.3380,0.87
56.712395,0.0344,0.8454,0.0793,0.85
56.764149,-0.2127,1.0784,0.0770,1.10
56.812338,-0.1268,0.8809,-0.1004,0.90
56.862024,0.0248,0.7354,0.1820,0.76
56.911878,0.0980,0.8626,0.2126,0.89
56.964855,0.0140,0.8795,0.1246,0.89
57.012162,-0.0748,0.9229,0.1647,0.94
57.063506,0.0032,1.0774,0.1378,1.09
57.112344,0.2285,1.2888,0.2388,1.33
57.163210,0.0473,1.2616,0.3474,1.31
57.212658,0.0048,1.1240,-0.1770,1.14
57.263157,0.0044,0.8961,-0.3670,0.97
57.311791,-0.0682,0.9880,0.0041,0.99
57.361968,0.1039,1.0893,0.0201,1.09
57.412629,0.0996,0.8301,-0.0212,0.84
57.463685,-0.0555,0.7094,0.1008,0.72
57.512479,-0.1129,0.9786,0.1749,1.00
57.564442,-0.0775,0.9489,0.1404,0.96
57.621360,-0.0049,0.9076,0.2100,0.93
57.663926,-0.0114,0.9746,0.2474,1.01
57.720058,-0.2109,1.2097,0.1378,1.24
57.764679,-0.0600,1.4632,0.1935,1.48
57.819987,0.0601,1.1742,-0.1720,1.19
57.863725,0.1428,0.7321,-0.2487,0.79
57.920029,0.0189,0.9543,0.0471,0.96
57.963692,-0.1796,1.1801,0.0120,1.19
58.019838,-0.1176,0.8056,-0.0597,0.82
58.074501,-0.0049,0.7161,0.1895,0.74
58.120281,0.0363,0.8407,0.1349,0.85
58.173065,0.0221,0.9645,0.1345,0.97
58.220326,-0.0354,1.0066,0.1610,1.02
58.276374,0.0101,1.0154,0.0931,1.02
58.320415,0.0066,1.1901,0.1980,1.21
58.374361,-0.0230,1.3488,0.2157,1.37
58.421394,0.0377,1.1175,-0.2534,1.15
58.473711,-0.0203,0.7914,-0.2766,0.84
58.520392,-0.0416,0.8969,-0.0566,0.90
58.570582,0.1370,1.1833,-0.0610,1.19
58.619910,0.1271,0.8816,-0.0291,0.89
58.672048,-0.0805,0.7211,0.0767,0.73
58.720047,-0.0999,0.9549,0.0934,0.96
58.771117,-0.0145,0.9673,0.1044,0.97
58.820018,0.0038,0.9123,0.1809,0.93
58.870717,0.0201,0.9756,0.1364,0.99
58.920036,-0.0947,1.0922,0.1361,1.10
58.971922,-0.0932,1.2656,0.2254,1.29
59.020030,0.0134,1.5019,-0.0794,1.50
59.071663,0.1776,0.9807,-0.3266,1.05
59.119666,0.1336,0.6867,-0.1193,0.71
59.172216,-0.1492,0.9543,0.1135,0.97
59.219815,-0.2879,1.1752,-0.1143,1.22
59.270398,0.0562,0.8176,-0.0295,0.82
59.320892,0.1646,0.7880,0.1434,0.82
59.381316,0.0125,0.8961,0.0540,0.90
59.420792,0.0258,0.9473,0.0739,0.95
59.482038,0.0317,0.9751,0.1594,0.99
59.529403,-0.0164,1.0865,0.1314,1.09
59.580559,0.0193,1.2392,0.2451,1.26
59.621989,-0.0241,1.2225,0.2793,1.25
59.674076,0.1188,1.1799,-0.2846,1.22
59.723410,0.0803,0.8617,-0.3027,0.92
59.782600,0.1137,1.0406,-0.0429,1.05
59.829120,0.2517,1.0762,-0.0758,1.11
59.881216,0.1100,0.7622,-0.0630,0.77
59.928966,-0.0856,0.8936,0.0210,0.90
59.980631,-0.0883,1.0451,0.0428,1.05
60.028783,-0.0527,0.9147,0.1092,0.92
60.080338,0.0038,0.9265,0.1697,0.94
60.128196,0.0205,0.9810,0.1389,0.99
60.180660,-0.0940,0.9441,0.1110,0.96
60.228413,-0.0802,0.9902,0.1533,1.01
60.279153,-0.0177,1.2208,-0.0372,1.22
60.328247,0.4233,1.3441,-0.2320,1.43
60.378947,0.1747,0.7126,0.0031,0.73
60.428953,0.0495,0.9347,-0.0430,0.94
60.480861,0.0523,1.2296,-0.1497,1.24
60.529055,0.1410,0.9186,-0.0614,0.93
60.581656,0.0352,0.8769,0.0521,0.88
60.629079,0.0499,1.0058,-0.0344,1.01
60.680108,0.0909,1.0113,-0.0052,1.02
60.728691,0.0153,0.9129,0.0380,0.91
60.780697,-0.0203,0.9093,0.0143,0.91
60.828807,0.0107,1.0705,0.0232,1.07
60.878787,-0.0014,1.0419,0.1157,1.05
60.928825,0.0801,1.1470,-0.0349,1.15
60.981231,0.1022,1.1688,-0.1936,1.19
61.027687,0.0559,0.7968,-0.0525,0.80
61.079278,0.1786,0.8938,-0.2388,0.94
61.128258,0.1875,1.2570,-0.2173,1.29
61.178522,0.1535,1.0123,-0.0623,1.03
61.229046,-0.0688,0.8216,-0.0461,0.83
61.289335,-0.0554,0.9785,-0.0217,0.98
61.329912,-0.0450,1.0059,0.0517,1.01
61.380722,-0.2075,0.9621,0.1209,0.99
61.431850,-0.1456,0.9074,0.1972,0.94
61.490440,0.0096,0.9877,0.2018,1.01
61.536510,-0.0586,1.0267,0.1931,1.05
61.590392,0.0167,1.2216,0.1792,1.23
61.636747,0.0292,1.4806,-0.0974,1.48
61.689267,0.1259,0.8721,-0.1301,0.89
61.736445,0.0062,0.5964,-0.0457,0.60
61.788626,-0.0585,1.0368,0.0776,1.04
61.836265,-0.1601,1.2070,-0.1121,1.22
61.893709,0.0228,0.8033,0.1570,0.82
61.936456,0.1210,0.8000,0.1925,0.83
61.989416,-0.0525,0.8794,0.1324,0.89
62.036026,-0.0928,0.9894,0.1176,1.00
62.087823,0.0174,1.1241,0.1684,1.14
62.135963,0.1037,1.1363,0.1994,1.16
62.188763,0.1779,1.1301,0.2697,1.18
62.237321,0.1142,1.1899,-0.1968,1.21
62.288179,-0.1231,1.0972,-0.3968,1.17
62.336994,-0.1320,0.8756,0.0878,0.89
62.388793,0.1488,1.0820,0.0722,1.09
62.436745,0.1271,0.8744,-0.0374,0.88
62.488260,-0.0834,0.7164,0.1084,0.73
62.535826,-0.1305,0.8465,0.2053,0.88
62.586514,-0.0958,0.9264,0.1338,0.94
62.636682,-0.0493,0.9616,0.1670,0.98
62.688213,0.0135,0.9833,0.2169,1.01
62.736590,-0.1182,1.0843,0.1886,1.11
62.787157,-0.0256,1.3035,0.2583,1.33
62.836740,0.0411,1.2716,-0.1135,1.28
62.887738,0.0852,0.9380,-0.3325,1.00
62.937666,-0.0080,1.0171,0.0906,1.02
62.988553,-0.2501,1.1271,0.0433,1.16
63.038347,-0.0927,0.8112,-0.0585,0.82
63.097067,0.0040,0.7045,0.1803,0.73
63.145056,0.1294,0.8510,0.1611,0.88
63.201312,0.0836,0.9049,0.1376,0.92
63.244897,-0.0139,0.9274,0.2223,0.95
63.298938,-0.0178,1.1129,0.1925,1.13
63.345351,0.0908,1.2584,0.0966,1.27
63.398577,-0.0740,1.2733,0.1275,1.28
63.444240,-0.0383,1.1112,-0.3560,1.17
63.498527,0.0288,0.9167,-0.1467,0.93
63.544604,0.1082,1.0815,0.0943,1.09
63.598764,0.1392,1.0273,-0.0609,1.04
63.644964,0.0252,0.7122,0.0136,0.71
63.698959,-0.1130,0.7420,0.1844,0.77
63.744834,-0.0957,0.9121,0.1474,0.93
63.798805,-0.0604,0.9627,0.1323,0.97
63.844564,-0.0388,0.9822,0.2482,1.01
63.898710,-0.1673,0.9937,0.1804,1.02
63.944867,-0.0762,1.2204,0.2291,1.24
63.998225,0.0580,1.2847,-0.0021,1.29
64.044888,0.0676,1.0764,-0.4051,1.15
64.096467,0.0715,0.9716,0.0773,0.98
64.144934,-0.2911,1.1108,0.0917,1.15
64.196392,-0.1208,0.9139,-0.0645,0.92
64.245254,0.0368,0.6574,0.0602,0.66
64.297059,0.1234,0.8139,0.1643,0.84
64.345240,0.0392,0.9110,0.1148,0.92
64.396331,0.0247,0.9350,0.1621,0.95
64.445859,-0.0248,1.0064,0.2109,1.03
64.505694,0.1689,1.2494,0.1566,1.27
64.552800,0.0207,1.3013,0.2923,1.33
64.597820,0.0308,1.1755,-0.1795,1.19
64.653244,0.0016,0.8788,-0.3296,0.94
64.706763,0.0068,1.0060,0.0321,1.01
64.752752,0.1018,1.0953,0.0656,1.10
64.798146,0.0312,0.8133,0.0786,0.82
64.853538,-0.1122,0.8217,0.1565,0.84
64.906832,-0.0601,0.8922,0.2383,0.93
64.953847,-0.0517,0.8303,0.1868,0.85
65.004539,-0.0225,0.8856,0.2610,0.92
65.053242,-0.0141,1.0137,0.2247,1.04
65.105954,-0.2509,1.1248,0.2287,1.17
65.152599,-0.1227,1.3457,0.2582,1.38
65.207130,0.1165,1.2208,-0.2122,1.24
65.252285,0.1887,0.9045,-0.1455,0.94
65.306381,-0.0708,0.9688,0.1625,0.98
65.354293,-0.1504,1.1242,0.0237,1.13
65.406957,-0.0114,0.7645,0.0263,0.77
65.452872,0.0291,0.7400,0.2246,0.77
65.507298,0.0408,0.8864,0.1503,0.90
65.553877,0.0084,0.8943,0.1784,0.91
65.604386,-0.0069,0.9634,0.2430,0.99
65.653353,0.0288,1.0972,0.1933,1.11
65.705401,0.1807,1.2143,0.2342,1.25
65.752532,-0.0117,1.2126,0.2409,1.24
65.807276,-0.0615,1.0765,-0.3691,1.14
65.853543,-0.0506,0.9582,-0.1769,0.98
65.907406,0.0459,1.1222,0.0648,1.12
65.952576,0.1405,1.0949,0.0346,1.10
66.008769,0.0454,0.7403,0.0657,0.74
66.053633,-0.0765,0.7564,0.1887,0.78
66.105260,-0.1487,0.8656,0.1809,0.90
66.154635,-0.0745,0.8686,0.1936,0.89
66.204611,-0.0285,0.9184,0.2450,0.95
66.261742,-0.1283,1.0010,0.2281,1.03
66.306351,-0.1892,1.1697,0.2285,1.21
66.361301,-0.0148,1.3602,0.1997,1.37
66.415162,0.0996,1.1005,-0.3857,1.17
66.460615,0.1438,0.9280,-0.0165,0.94
66.513566,-0.1973,1.1050,0.1212,1.13
66.561219,-0.1569,1.0370,-0.0646,1.05
66.618078,-0.0414,0.6608,0.0899,0.67
66.660573,0.0520,0.7387,0.2296,0.78
66.715118,0.0397,0.8989,0.1099,0.91
66.760677,0.0176,0.9236,0.1191,0.93
66.814315,-0.0160,0.9375,0.2331,0.97
66.861093,0.0987,1.1017,0.1290,1.11
66.912823,0.0570,1.2869,0.3008,1.32
66.961332,-0.1514,1.3098,0.0417,1.32
67.014159,0.0375,1.0552,-0.4040,1.13
67.060324,0.0225,0.8915,-0.0377,0.89
67.116999,0.0439,1.1300,0.0574,1.13
67.160861,0.0316,0.9610,0.0004,0.96
67.212927,0.0406,0.7389,0.0476,0.74
67.260998,-0.0798,0.8646,0.1960,0.89
67.318404,-0.0948,0.8455,0.1792,0.87
67.360508,-0.0403,0.8579,0.2280,0.89
67.414579,0.0553,0.9505,0.2108,0.98
67.460559,-0.1360,1.0608,0.1673,1.08
67.514018,-0.1507,1.3685,0.2308,1.40
67.560898,-0.0039,1.4730,-0.0870,1.48
67.615770,0.1237,0.8579,-0.2063,0.89
67.661664,0.0372,0.8453,0.0983,0.85
67.714697,-0.1788,1.1898,0.0257,1.20
67.762307,-0.1450,0.8909,-0.0863,0.91
67.814349,0.0018,0.6712,0.2025,0.70
67.862274,0.0382,0.8347,0.1578,0.85
67.918167,0.0201,0.9049,0.1370,0.92
67.963636,0.0167,0.9581,0.1992,0.98
68.013808,0.0122,1.0347,0.1845,1.05
68.069944,0.1369,1.2771,0.1931,1.30
68.125725,-0.0407,1.3099,0.1724,1.32
68.169857,0.0416,1.0964,-0.1608,1.11
68.221651,0.0077,0.8245,-0.2303,0.86
68.269413,-0.0115,1.0519,-0.0673,1.05
68.324944,0.1080,1.0770,-0.0247,1.08
68.369353,0.0858,0.7879,-0.0001,0.79
68.422853,-0.0859,0.7326,0.0933,0.74
68.468615,-0.1690,0.9135,0.1400,0.94
68.521876,-0.1633,0.9350,0.1333,0.96
68.568843,-0.0693,0.9588,0.1903,0.98
68.624815,0.0167,1.0259,0.1996,1.05
68.670447,-0.1416,1.0992,0.1148,1.11
68.722345,-0.0228,1.3972,0.1895,1.41
68.769710,0.0368,1.2955,-0.2574,1.32
68.825770,0.1421,0.8053,-0.1767,0.84
68.868987,-0.0280,0.9384,0.0997,0.94
68.922547,-0.2563,1.1990,-0.0739,1.23
68.969283,-0.1197,0.8349,-0.0596,0.85
69.021919,0.0519,0.6378,0.1569,0.66
69.068482,0.1040,0.7950,0.1230,0.81
69.122674,0.0336,0.9336,0.0875,0.94
69.169046,0.0120,1.0087,0.1385,1.02
69.227672,0.0978,1.0879,0.1396,1.10
69.269033,0.1489,1.1769,0.1732,1.20
69.322505,-0.0876,1.2254,0.2666,1.26
69.369447,-0.0391,1.1066,-0.1141,1.11
69.425571,0.0192,0.9283,-0.2857,0.97
69.477557,-0.0055,1.1011,-0.0602,1.10
69.524392,0.1093,1.0947,0.0212,1.10
69.577266,0.0889,0.7453,0.0309,0.75
69.622576,-0.0714,0.7480,0.0726,0.75
69.677083,-0.1467,0.9445,0.1281,0.96
69.722419,-0.0693,0.9066,0.1286,0.92
69.777386,-0.0001,0.9052,0.2027,0.93
69.831114,0.0017,1.0041,0.1599,1.02
69.876786,-0.2434,1.1135,0.1726,1.15
69.933963,-0.0309,1.2833,0.2816,1.31
69.977325,0.0863,1.2241,-0.0241,1.23
70.030872,0.1005,1.0600,-0.4590,1.16
70.076690,0.0372,0.9776,0.0869,0.98
70.127914,-0.3059,1.1074,0.1452,1.16
70.176871,-0.0984,0.8611,-0.0914,0.87
70.231445,0.0141,0.6838,0.0739,0.69
70.276792,0.0758,0.8362,0.1986,0.86
70.329374,0.0760,0.8715,0.1617,0.89
70.376887,0.0622,0.9399,0.2122,0.97
70.430190,0.0031,0.9855,0.3003,1.03
70.476586,0.1027,1.1460,0.2127,1.17
70.529755,-0.0810,1.1702,0.3689,1.23
70.576567,-0.0863,0.9577,0.1297,0.97
70.628937,-0.0374,1.1474,-0.5051,1.25
70.676516,0.0729,1.2302,-0.2223,1.25
70.730090,0.1917,1.1014,0.0717,1.12
70.777445,0.0532,0.8169,0.0017,0.82
70.828427,0.0143,0.7242,0.0283,0.72
70.878186,-0.0722,0.9632,0.1254,0.97
70.930875,-0.1126,0.8757,0.1753,0.90
70.978937,-0.0486,0.8656,0.2275,0.90
71.031373,-0.0162,0.9201,0.1427,0.93
71.085417,-0.1145,1.1208,0.1376,1.13
71.130792,0.1113,1.2826,0.2846,1.32
71.186034,0.0067,1.1884,-0.1781,1.20
71.234938,0.0195,0.9637,-0.3173,1.01
71.285519,-0.0973,1.1437,0.0222,1.15
71.331195,-0.2133,1.1859,-0.0146,1.20
71.385261,-0.0672,0.7337,-0.0411,0.74
71.438421,0.0430,0.6721,0.1126,0.68
71.484730,0.0201,0.8599,0.0880,0.86
71.535304,0.0005,0.9193,0.0701,0.92
71.584772,0.0274,1.0426,0.1237,1.05
71.635967,0.2726,1.1816,0.0806,1.22
71.685666,0.0637,1.1785,0.2535,1.21
71.742823,-0.1776,1.1472,-0.1638,1.17
71.786467,-0.1269,1.1772,-0.5573,1.31
71.835284,-0.0742,1.0821,-0.0671,1.09
71.886650,0.1588,1.0619,0.0263,1.07
71.936286,0.0915,0.8766,-0.0465,0.88
71.985058,0.0240,0.6750,0.0325,0.68
72.038553,-0.0546,0.8245,0.1736,0.84
72.084685,-0.0626,0.8521,0.1991,0.88
72.143368,0.0093,0.8989,0.2165,0.92
72.185015,0.0485,0.9482,0.1922,0.97
72.239723,-0.2431,1.1363,0.2005,1.18
72.285007,-0.1046,1.2904,0.2307,1.32
72.339270,0.1455,1.4066,-0.3154,1.45
72.385824,0.1951,1.1807,-0.3094,1.24
72.439623,-0.0653,0.8415,0.0975,0.85
72.485951,-0.0898,0.9864,0.0571,0.99
72.541053,-0.1054,0.7981,-0.0221,0.81
72.593477,0.1333,0.7978,0.1789,0.83
72.637563,0.0978,0.9062,0.1255,0.92
72.694841,0.0114,0.8949,0.1638,0.91
72.749729,-0.0380,0.9972,0.2619,1.03
72.794172,0.0067,1.1235,0.1679,1.14
72.838234,0.0798,1.1945,0.2210,1.22
72.893237,0.0373,1.2999,0.0247,1.30
72.941804,-0.0214,1.0873,-0.4013,1.16
72.993234,-0.0574,0.9469,-0.1116,0.96
73.047561,0.1221,1.0827,-0.0534,1.09
73.092868,0.2014,0.9485,-0.0793,0.97
73.141473,0.0399,0.7168,-0.0023,0.72
73.192923,-0.1754,0.8631,0.0933,0.89
73.244184,-0.1193,1.0109,0.0809,1.02
73.293324,-0.0574,0.9372,0.1683,0.95
73.341301,-0.0162,0.8484,0.2145,0.88
73.394428,-0.0167,0.9847,0.1854,1.00
73.444390,-0.1762,1.1341,0.1732,1.16
73.494426,0.0342,1.2579,0.2971,1.29
73.543209,0.0375,1.3677,-0.1145,1.37
73.593371,0.0695,0.9406,-0.2999,0.99
73.643892,0.0598,0.9107,0.0579,0.91
73.693304,-0.1756,1.0823,0.0574,1.10
73.747201,-0.1523,0.8240,-0.0789,0.84
73.793438,-0.0117,0.7124,0.1450,0.73
73.849568,0.1333,0.8684,0.1158,0.89
73.894533,0.0462,0.9482,0.1107,0.96
73.946829,0.0195,1.0323,0.1943,1.05
73.994859,-0.0477,1.0674,0.2471,1.10
74.048776,0.0906,1.1284,0.2100,1.15
74.102570,0.0838,1.1608,0.3028,1.20
74.146790,0.0507,1.1812,-0.1461,1.19
74.201848,-0.0674,0.9322,-0.2494,0.97
74.249640,-0.0921,0.9688,0.0013,0.97
74.295756,0.0844,1.0859,-0.0015,1.09
74.347171,0.1635,0.8995,0.0387,0.92
74.402346,-0.0123,0.7519,0.0794,0.76
74.450924,-0.0793,0.9268,0.1646,0.94
74.502857,-0.0505,0.9394,0.1308,0.95
74.555726,-0.0028,0.8767,0.2294,0.91
74.601296,0.0330,0.9317,0.2168,0.96
74.655570,-0.0942,1.0326,0.1470,1.05
74.701633,-0.1727,1.2417,0.2729,1.28
74.754742,0.0679,1.4198,0.1514,1.43
74.802190,0.0582,1.1120,-0.2108,1.13
74.856358,0.0605,0.7374,-0.1376,0.75
74.901670,-0.0728,0.8624,0.1019,0.87
74.952574,-0.1704,1.1982,-0.0576,1.21
75.002005,-0.0414,0.8844,-0.0792,0.89
75.057776,0.1250,0.7825,0.1944,0.82
75.102553,0.0981,0.8651,0.1316,0.88
75.155386,0.0274,0.9139,0.1250,0.92
75.202076,0.0325,0.9402,0.1978,0.96
75.257576,0.0685,1.1055,0.1039,1.11
75.301078,0.1085,1.1593,0.1318,1.17
75.355472,0.0400,1.3101,0.1086,1.32
75.401948,0.1342,1.2841,-0.3200,1.33
75.456732,0.1306,0.8169,-0.1123,0.83
75.501399,0.1177,0.9698,-0.0999,0.98
75.554960,0.2182,1.0129,-0.2115,1.06
75.601727,0.1050,0.8533,-0.1235,0.87
75.655030,-0.2832,0.9475,-0.0549,0.99
75.701870,-0.1619,0.9745,0.0106,0.99
75.758136,-0.0341,0.9320,0.0226,0.93
75.802350,-0.0477,0.9892,-0.0104,0.99
75.853577,-0.1056,0.9886,-0.1372,1.00
75.910217,-0.0056,1.0004,-0.0953,1.00
75.957461,0.2008,0.9607,-0.0875,0.99
76.010763,0.2346,1.3382,-0.1150,1.36
76.053732,0.1944,1.1637,-0.1124,1.19
76.110557,0.1754,0.8125,0.0154,0.83
76.159801,0.2888,0.9958,0.0241,1.04
76.209928,0.0712,0.9072,-0.0557,0.91
76.255404,0.0040,0.9502,-0.0892,0.95
76.310223,0.0260,1.0544,0.0399,1.06
76.367204,0.0073,1.0094,0.0360,1.01
76.409836,-0.0002,0.9574,0.0742,0.96
76.461625,0.0891,0.9571,0.1535,0.97
76.511562,0.0847,0.9516,0.1695,0.97
76.560065,0.0291,0.9975,0.1591,1.01
76.609902,0.0706,1.1127,-0.0180,1.12
76.659757,0.2467,1.3706,-0.2094,1.41
76.710107,0.1344,1.0045,-0.0151,1.01
76.762789,0.0067,0.7260,-0.0245,0.73
76.809981,-0.0190,0.8652,-0.2264,0.89
76.859644,0.0399,1.1738,-0.0765,1.18
76.910548,-0.0364,1.1106,0.0109,1.11
76.963731,-0.1873,0.9008,0.0549,0.92
77.009923,-0.0911,0.8187,0.1147,0.83
77.067505,0.0423,0.8792,0.1410,0.89
77.109807,-0.0527,0.9101,0.1458,0.92
77.162448,-0.1472,0.9830,0.1995,1.01
77.210117,-0.1930,1.0283,0.2228,1.07
77.267040,-0.2144,1.1961,0.2577,1.24
77.310609,-0.0934,1.3695,0.1552,1.38
77.361738,0.1699,1.3034,-0.3733,1.37
77.418165,0.1332,0.7362,-0.0742,0.75
77.464683,-0.1025,0.8449,0.1299,0.86
77.519212,-0.1737,1.1217,-0.0712,1.14
77.563453,-0.0297,0.8777,-0.0689,0.88
77.618339,0.0256,0.7393,0.2460,0.78
77.667901,0.0070,0.9018,0.1384,0.91
77.718447,0.0049,0.9243,0.1219,0.93
77.765002,0.0082,0.9144,0.2302,0.94
77.817823,-0.0027,0.9954,0.2071,1.02
77.868145,0.1325,1.1571,0.1266,1.17
77.917993,-0.0205,1.3263,0.2863,1.36
77.975145,-0.0164,1.1348,-0.1396,1.14
78.017799,0.0103,0.8878,-0.2978,0.94
78.067746,-0.0173,0.9076,-0.0189,0.91
78.118293,0.1247,1.1172,0.0351,1.12
78.168370,0.1525,0.8631,0.0052,0.88
78.218017,-0.0997,0.7927,0.1306,0.81
78.268869,-0.1000,0.9493,0.1983,0.97
78.318125,-0.0422,0.8647,0.1666,0.88
78.368108,-0.0026,0.9179,0.2008,0.94
78.418539,-0.0327,0.9552,0.2003,0.98
78.468457,-0.2165,1.1078,0.1947,1.15
78.518123,0.0258,1.4202,0.2447,1.44
78.571500,0.0738,1.2263,-0.1379,1.24
78.618372,0.0810,0.8846,-0.2328,0.92
78.671262,-0.1712,0.8654,0.1704,0.90
78.718683,-0.3702,1.1153,0.0399,1.18
78.775258,-0.0179,0.8173,-0.0823,0.82
78.818776,0.0673,0.7329,0.1702,0.76
78.872309,0.0123,0.9047,0.1541,0.92
78.919322,-0.0181,0.9182,0.1392,0.93
78.977007,-0.0106,0.9436,0.2175,0.97
79.026646,0.1127,1.0664,0.1060,1.08
79.076845,0.1239,1.2480,0.2280,1.27
79.126604,-0.1439,1.2511,0.2205,1.28
79.173328,-0.1367,1.1293,-0.2694,1.17
79.226319,-0.0817,0.8825,-0.1985,0.91
79.275829,-0.0234,0.9312,0.0798,0.93
79.326767,0.1253,1.1677,0.0632,1.18
79.375986,0.0059,0.8803,0.0042,0.88
79.425830,-0.1184,0.7290,0.2311,0.77
79.479304,-0.0872,0.8648,0.2350,0.90
79.525936,-0.0189,0.8891,0.1869,0.91
79.582083,-0.0027,0.9229,0.2482,0.96
79.626466,-0.0300,1.0632,0.1775,1.08
79.676704,-0.1841,1.1551,0.1684,1.18
79.726493,-0.1322,1.4868,0.0052,1.49
79.777907,0.0971,1.1573,-0.2863,1.20
79.825955,0.1637,0.6962,-0.0336,0.72
79.875965,-0.1314,0.9976,0.0129,1.01
79.926477,-0.1362,1.2236,-0.1557,1.24
79.976166,0.0510,0.7898,0.0421,0.79
80.026956,0.0436,0.7796,0.0990,0.79
80.076633,0.0107,0.8607,0.1002,0.87
80.126893,0.0419,0.9239,0.1680,0.94
80.182227,0.0508,0.9726,0.1859,0.99
80.226416,0.0493,1.0434,0.1770,1.06
80.278380,-0.0519,1.1533,0.3031,1.19
80.326911,-0.0473,1.2740,-0.0679,1.28
80.384962,-0.0838,0.9550,-0.1743,0.97
80.426909,-0.0612,0.9550,0.0571,0.96
80.484925,0.1037,1.1183,-0.0007,1.12
80.527704,0.0334,0.9168,0.0601,0.92
80.583909,-0.0886,0.7562,0.1408,0.77
80.628125,-0.0836,0.9223,0.1748,0.94
80.685486,-0.0957,0.9137,0.1279,0.93
80.734706,-0.0620,0.8930,0.2002,0.92
80.783109,-0.0015,1.0520,0.1264,1.06
80.836902,-0.1902,1.2576,0.1372,1.28
80.879519,-0.1218,1.3378,0.3304,1.38
80.935647,-0.0614,1.1058,-0.2367,1.13
80.982273,0.1488,0.9143,-0.2765,0.97
81.033790,0.0988,0.9813,0.0483,0.99
81.080362,-0.1691,1.0821,0.0218,1.10
81.134899,-0.0305,0.8491,-0.0305,0.85
81.183850,0.0960,0.7028,0.1254,0.72
81.235710,0.0421,0.8413,0.1232,0.85
81.282695,0.0134,0.8888,0.1257,0.90
81.334492,-0.0186,0.9651,0.1956,0.98
81.387476,0.1409,1.1485,0.1101,1.16
81.434898,0.0208,1.2841,0.3078,1.32
81.483981,-0.1568,1.3107,0.0514,1.32
81.536001,-0.0584,1.0720,-0.4227,1.15
81.584407,0.0419,0.9309,-0.1295,0.94
81.635144,0.1564,1.0022,-0.0111,1.01
81.685351,0.1577,0.9038,-0.0219,0.92
81.735036,-0.0139,0.7224,-0.0247,0.72
81.783884,-0.1603,0.8675,0.1066,0.89
81.834578,-0.0345,1.0233,0.1519,1.04
81.888455,-0.0439,0.8971,0.1921,0.92
81.934748,0.0308,0.8905,0.2478,0.92
81.992767,-0.0991,1.0425,0.1149,1.05
82.035493,-0.1191,1.2554,0.2573,1.29
82.090005,0.0262,1.4146,-0.0026,1.41
82.136251,-0.0207,1.0531,-0.3864,1.12
82.192427,0.0110,0.8425,0.0571,0.84
82.242975,-0.2557,1.0829,0.0821,1.12
82.293387,-0.1342,0.9610,-0.1166,0.98
82.342504,-0.0074,0.6896,0.0620,0.69
82.387823,0.0731,0.7301,0.2370,0.77
82.443029,0.0119,0.9051,0.1063,0.91
82.491011,-0.0291,0.9602,0.1140,0.97
82.542754,0.0598,1.0724,0.1593,1.09
82.592647,0.1038,1.2728,0.1470,1.29
82.643585,-0.1132,1.4058,0.1713,1.42
82.691371,0.0120,1.0926,-0.2045,1.11
82.743518,0.0798,0.7354,-0.2985,0.80
82.793421,-0.0298,1.0408,-0.0997,1.05
82.842601,0.1262,1.1296,-0.0619,1.14
82.893084,0.1078,0.7727,0.0473,0.78
82.942901,-0.1573,0.7324,0.1000,0.76
82.992214,-0.2018,0.9095,0.1845,0.95
83.042708,-0.0907,0.8885,0.1892,0.91
83.092091,0.0316,0.9271,0.1821,0.95
83.142465,-0.0060,0.9913,0.1578,1.00
83.192131,-0.1824,1.2335,0.2454,1.27
83.243476,-0.0612,1.3062,0.1892,1.32
83.293115,0.0482,1.1218,-0.3718,1.18
83.343593,0.1420,0.9919,-0.0878,1.01
83.392182,-0.2210,1.0647,0.1389,1.10
83.442398,-0.1819,0.9685,-0.0043,0.99
83.500455,-0.0207,0.7052,0.0469,0.71
83.543119,0.0913,0.7196,0.2186,0.76
83.596635,0.0783,0.9134,0.1176,0.92
83.651052,0.0369,0.9580,0.0877,0.96
83.700679,-0.0030,0.9768,0.2089,1.00
83.751181,0.1902,1.1536,0.1402,1.18
83.800674,-0.0380,1.2993,0.3606,1.35
83.851486,-0.1092,1.1097,-0.0214,1.12
83.901559,0.0151,0.9741,-0.4158,1.06
83.951606,-0.0114,1.0312,-0.0323,1.03
84.001628,0.1386,1.1493,0.0584,1.16
84.052144,0.0519,0.8561,0.0366,0.86
84.096329,-0.0098,0.6917,0.0435,0.69
84.150674,-0.1057,0.8614,0.2119,0.89
84.201080,-0.0784,0.8867,0.1679,0.91
84.251306,-0.0176,0.9090,0.2099,0.93
84.301522,0.0139,1.0033,0.2058,1.02
84.350552,-0.2012,1.2087,0.2188,1.24
84.400536,-0.0338,1.4212,0.2349,1.44
84.450942,0.1135,1.1799,-0.2959,1.22
84.499527,0.1568,0.9302,-0.1715,0.96
84.550708,-0.1752,1.0262,0.1293,1.05
84.600529,-0.1962,1.0469,0.0063,1.07
84.650571,-0.0919,0.7139,-0.0317,0.72
84.701363,0.0253,0.6600,0.2207,0.70
84.750190,0.0537,0.8582,0.1615,0.87
84.800052,0.0352,0.9814,0.1049,0.99
84.850966,0.0074,1.0289,0.1723,1.04
84.903475,0.1645,1.1261,0.1375,1.15
84.950811,0.0203,1.2969,0.2981,1.33
85.007805,-0.1568,1.2741,-0.0814,1.29
85.050937,-0.0165,0.9615,-0.3941,1.04
85.101875,0.0405,0.8495,-0.0631,0.85
85.150485,0.0153,1.1231,-0.0369,1.12
85.200427,0.0637,1.0038,-0.0640,1.01
85.251116,0.0228,0.7069,0.0653,0.71
85.301203,-0.1098,0.8299,0.1795,0.86
85.359262,-0.0639,0.8991,0.1632,0.92
85.401567,-0.0543,0.9206,0.1746,0.94
85.459641,0.0188,1.0044,0.2058,1.03
85.508271,-0.2350,1.1727,0.1666,1.21
85.558917,-0.0734,1.4154,0.2531,1.44
85.608974,0.0902,1.3455,-0.2176,1.37
85.659172,0.1696,0.8661,-0.2619,0.92
85.708763,0.0195,0.8023,0.0867,0.81
85.759245,-0.1953,1.0553,-0.0112,1.07
85.804803,-0.1038,0.9491,-0.1271,0.96
85.858862,0.0198,0.6907,0.1564,0.71
85.902902,0.0349,0.8282,0.1734,0.85
85.958951,0.0344,0.9692,0.0941,0.97
86.007357,-0.0148,1.0011,0.1427,1.01
86.058287,-0.0643,1.0211,0.1531,1.03
86.109546,0.0811,1.2210,0.1973,1.24
86.158453,-0.0117,1.3175,0.3107,1.35
86.205551,0.0082,1.1020,-0.0986,1.11
86.259859,0.0788,0.7854,-0.2045,0.82
86.308661,0.0580,0.9068,-0.0173,0.91
86.358007,0.1065,1.1408,-0.0098,1.15
86.408370,0.0649,0.8900,0.0178,0.89
86.459541,-0.1498,0.7785,0.0887,0.80
86.517541,-0.0125,0.9419,0.1701,0.96
86.558408,0.0377,0.8990,0.1621,0.91
86.608751,-0.0188,0.9309,0.2076,0.95
86.658250,-0.0833,0.9918,0.2016,1.02
86.712349,-0.2385,1.0973,0.2701,1.15
86.758359,-0.0358,1.4215,0.2613,1.45
86.808272,0.0851,1.3916,-0.0555,1.40
86.859016,0.0687,0.7623,-0.2028,0.79
86.908897,-0.0286,0.7252,0.0430,0.73
86.958291,-0.1058,1.1703,0.0384,1.18
87.008683,-0.1541,1.0558,-0.0972,1.07
87.059318,-0.0180,0.7122,0.1713,0.73
87.110341,0.0322,0.7740,0.2462,0.81
87.159503,-0.0177,0.8636,0.1477,0.88
87.209236,-0.0317,0.9727,0.1423,0.98
87.267481,0.0591,1.0470,0.1571,1.06
87.310306,0.2072,1.1703,0.1473,1.20
87.367704,-0.0745,1.2770,0.3602,1.33
87.419677,-0.0230,1.1189,-0.1768,1.13
87.466835,0.0596,0.8806,-0.3125,0.94
87.511824,0.0388,0.9333,-0.0665,0.94
87.567036,0.0775,1.1854,-0.0786,1.19
87.612403,0.1162,0.9581,-0.0336,0.97
87.667534,-0.0524,0.6941,0.0598,0.70
87.712536,-0.2155,0.9093,0.1947,0.95
87.766736,-0.1021,0.9164,0.1615,0.94
87.816522,-0.0313,0.9029,0.2284,0.93
87.867392,0.0669,0.9752,0.1832,0.99
87.914844,-0.1025,1.0948,0.1732,1.11
87.967595,-0.0267,1.3756,0.2860,1.41
88.017335,0.0588,1.2276,0.0698,1.23
88.067157,0.0137,0.9631,-0.3797,1.04
88.116739,-0.0148,0.8365,0.0432,0.84
88.167114,-0.2059,1.0228,0.0856,1.05
88.219876,-0.1188,0.9710,-0.0671,0.98
88.267676,-0.0620,0.7279,0.1086,0.74
88.323419,0.0816,0.8407,0.1933,0.87
88.366932,0.0385,0.9310,0.1217,0.94
88.420278,0.0384,0.9560,0.0975,0.96
88.466826,0.0369,0.9974,0.1831,1.01
88.516549,0.1599,1.1549,0.1259,1.17
88.567055,-0.0635,1.3192,0.3390,1.36
88.617603,-0.1850,1.1821,-0.0070,1.20
88.667391,0.0007,0.9313,-0.3117,0.98
88.717221,0.0422,0.8943,-0.1375,0.91
88.766533,0.0831,1.1451,-0.0300,1.15
88.821728,0.1206,0.8959,0.0125,0.90
88.867376,0.0079,0.6817,0.0289,0.68
88.917600,-0.1784,0.8606,0.1572,0.89
88.974672,-0.0570,0.9500,0.1386,0.96
89.018832,-0.0168,0.9272,0.1905,0.95
89.075698,0.0275,0.9504,0.1930,0.97
89.126337,-0.1574,1.0580,0.1306,1.08
89.174436,-0.0841,1.2773,0.2480,1.30
89.226535,0.0800,1.4009,0.0733,1.41
89.274891,0.0347,1.0132,-0.3349,1.07
89.325642,0.0358,0.7384,-0.0149,0.74
89.375213,-0.1803,0.9876,0.1310,1.01
89.425667,-0.1547,1.1424,-0.1416,1.16
89.475219,-0.0106,0.7931,0.0465,0.79
89.521730,0.0471,0.7394,0.2622,0.79
89.575768,-0.0044,0.8579,0.1322,0.87
89.620267,-0.0256,0.9426,0.1306,0.95
89.676167,-0.0152,1.0544,0.1264,1.06
89.725459,0.1422,1.1782,0.1302,1.19
89.775490,-0.1204,1.2957,0.2936,1.33
89.823181,-0.1334,1.1346,0.0165,1.14
89.875578,0.0844,0.8893,-0.2625,0.93
89.929659,0.0634,0.9150,-0.0693,0.92
89.975802,0.1306,1.1797,0.0311,1.19
90.025047,0.1755,0.9340,0.0073,0.95
90.074866,-0.0346,0.7349,0.0465,0.74
90.124767,-0.1192,0.8919,0.2149,0.93
90.175637,-0.0140,0.9517,0.1668,0.97
90.224757,-0.0523,0.9709,0.1690,0.99
90.275843,-0.0001,0.9157,0.2326,0.94
90.324985,-0.0844,0.9395,0.2262,0.97
90.375659,-0.1127,1.1382,0.2221,1.17
90.425337,-0.0240,1.2476,0.1024,1.25
90.475833,0.2040,1.2455,-0.3597,1.31
90.528681,0.1536,0.7913,0.0117,0.81
90.574357,0.0081,0.9002,0.0945,0.91
90.625054,-0.0071,1.1406,-0.1156,1.15
90.674744,0.0078,0.8791,0.0559,0.88
90.724985,0.0284,0.8477,0.1002,0.85
90.774961,0.1010,0.9699,0.0073,0.98
90.826082,0.0677,0.9695,0.0226,0.97
90.875118,0.0423,0.9737,0.0156,0.97
90.933218,0.0604,0.9725,0.0002,0.97
90.975690,-0.0954,1.0748,0.1033,1.08
91.034163,-0.1630,1.0603,0.0081,1.07
91.083940,0.1040,0.9170,-0.0993,0.93
91.133344,0.0781,1.3272,-0.5441,1.44
91.184101,0.1174,1.1545,-0.1501,1.17
91.227922,0.2523,0.8344,0.1166,0.88
91.284300,-0.0769,0.8790,-0.1785,0.90
91.331236,-0.0478,0.9532,-0.0823,0.96
91.382769,0.1010,1.0406,-0.0616,1.05
91.429372,0.0356,0.9670,-0.0747,0.97
91.483879,-0.1203,0.9640,0.0157,0.97
91.533736,-0.1755,0.9436,0.0883,0.96
91.583488,-0.1146,0.9644,0.1138,0.98
91.637762,-0.0632,0.9347,0.1726,0.95
91.683288,-0.0389,0.9602,0.1720,0.98
91.731317,0.0083,0.9842,0.1466,1.00
91.783408,-0.0555,1.0093,0.1877,1.03
91.832791,-0.0892,1.2229,0.0695,1.23
91.883663,0.1355,1.4163,-0.1793,1.43
91.931135,0.2426,0.8935,-0.1827,0.94
91.983777,0.1044,0.6616,-0.0392,0.67
92.033036,-0.0778,1.1486,-0.2327,1.17
92.083329,-0.0340,1.0508,-0.0041,1.05
92.131110,0.1992,0.8330,0.0382,0.86
92.184182,-0.0317,0.8809,0.0209,0.88
92.237432,-0.0754,0.8921,0.1030,0.90
92.283620,-0.0151,1.0304,0.2062,1.05
92.336249,0.1110,1.1544,0.1352,1.17
92.383590,0.3011,1.1636,0.1090,1.21
92.437441,0.1357,1.2816,-0.2995,1.32
92.483834,-0.1941,1.1816,-0.4330,1.27
92.532533,-0.2132,0.9052,0.0161,0.93
92.583913,-0.0156,0.9544,-0.0747,0.96
92.632768,0.0559,0.9494,-0.1088,0.96
92.683200,-0.0665,0.7481,0.0643,0.75
92.734207,-0.0539,0.8267,0.0722,0.83
92.783748,-0.0453,0.9081,0.0927,0.91
92.834635,-0.0707,0.9535,0.1922,0.98
92.892539,-0.0678,0.9524,0.2073,0.98
92.942115,-0.1565,1.0591,0.1935,1.09
92.991073,-0.0304,1.3573,0.2444,1.38
93.042327,-0.0319,1.4071,-0.2583,1.43
93.090807,0.1770,0.8571,-0.2283,0.90
93.137328,0.0328,0.8669,0.0721,0.87
93.191686,-0.1412,1.0899,-0.0789,1.10
93.240751,-0.0579,0.8860,-0.1139,0.90
93.291894,0.0848,0.6816,0.1422,0.70
93.340841,0.0361,0.8080,0.0620,0.81
93.392186,-0.1019,0.8922,0.1345,0.91
93.440869,-0.1068,1.0100,0.1595,1.03
93.492419,0.1530,1.1646,0.1234,1.18
93.541447,0.0584,1.2351,0.2581,1.26
93.591078,-0.0242,1.4340,-0.3308,1.47
93.640705,-0.1373,1.0476,-0.4430,1.15
93.691019,-0.0120,0.9656,0.0722,0.97
93.741388,0.1034,0.9825,-0.0453,0.99
93.791479,0.1271,0.7584,-0.0585,0.77
93.840921,-0.0720,0.6796,0.1517,0.70
93.890909,-0.1514,0.8967,0.1893,0.93
93.942057,-0.0620,0.8880,0.2133,0.92
93.991270,0.0562,0.9012,0.2193,0.93
94.040761,0.0242,0.9527,0.1461,0.96
94.091308,-0.2723,1.2297,0.2647,1.29
94.141001,-0.1673,1.4716,0.0414,1.48
94.191565,0.2301,1.1750,-0.4261,1.27
94.241168,0.2105,0.9293,0.0953,0.96
94.291833,-0.1990,0.9935,0.1684,1.03
94.340863,-0.1549,0.9694,-0.0977,0.99
94.391336,-0.0546,0.6752,0.0479,0.68
94.441444,0.0911,0.6848,0.1760,0.71
94.499545,0.0525,0.9071,0.0720,0.91
94.547130,-0.0256,1.0113,0.1460,1.02
94.600076,0.0113,1.1012,0.1566,1.11
94.646412,0.1423,1.2266,0.1032,1.24
94.699665,-0.1911,1.2689,0.3426,1.33
94.745378,-0.0227,1.1006,-0.2740,1.13
94.800183,0.0507,0.9858,-0.3716,1.05
94.849644,0.0906,1.1117,0.0124,1.12
94.899904,0.2096,1.0129,-0.0018,1.03
94.950561,0.1264,0.7252,-0.0435,0.74
94.999717,-0.0269,0.6714,0.1325,0.68
95.050517,-0.1838,0.9258,0.1809,0.96
95.099062,-0.0895,0.9129,0.2498,0.95
95.149687,-0.0075,0.9113,0.2978,0.96
95.199994,-0.1455,0.9752,0.1287,0.99
95.249204,-0.0993,1.2991,0.1796,1.32
95.299274,0.0748,1.3305,0.2324,1.35
95.349773,0.0001,1.0274,-0.3849,1.10
95.399666,0.0811,1.0362,-0.0759,1.04
95.450599,-0.2316,1.2010,0.0278,1.22
95.499449,-0.2622,0.8753,-0.0205,0.91
95.549826,-0.1217,0.5521,0.0555,0.57
95.599982,0.0762,0.7325,0.1019,0.74
95.649547,0.0790,1.0189,0.0206,1.02
95.700222,0.0313,0.9944,0.0508,1.00
95.749653,0.0251,0.9392,0.1909,0.96
95.799876,0.1502,1.0707,0.1687,1.09
95.850463,-0.0588,1.2363,0.2752,1.27
95.899748,-0.1367,1.2783,-0.1032,1.29
95.949356,0.0524,1.0332,-0.4562,1.13
95.999943,0.0644,1.0395,-0.0804,1.04
96.049243,0.0608,1.0488,-0.0179,1.05
96.099553,0.1518,0.8463,-0.0412,0.86
96.149830,0.0308,0.7333,0.0728,0.74
96.200434,-0.2266,0.9040,0.1765,0.95
96.258620,-0.0761,0.8775,0.2405,0.91
96.300328,0.0488,0.9016,0.2270,0.93
96.357574,-0.1309,0.9707,0.1625,0.99
96.407380,-0.2064,1.2014,0.1358,1.23
96.451791,0.0528,1.2984,0.1228,1.31
96.501401,0.0808,1.2112,-0.4203,1.28
96.558514,0.1364,1.0528,0.0490,1.06
96.608535,-0.2048,1.0888,-0.0048,1.11
96.657834,-0.1740,0.9164,-0.0776,0.94
96.708158,-0.1062,0.6429,0.0664,0.65
96.758272,0.1335,0.7871,0.1003,0.80
96.808703,0.0745,0.9627,0.1002,0.97
96.857506,0.0106,0.9320,0.1532,0.94
96.907296,-0.0794,1.0091,0.1787,1.03
96.952717,0.1374,1.1570,0.1408,1.17
97.007925,-0.0776,1.2704,0.2675,1.30
97.058050,-0.0523,1.1533,-0.3237,1.20
97.108844,-0.0570,0.9937,-0.3045,1.04
97.157938,0.0847,1.0434,0.0115,1.05
97.207814,0.2248,1.0196,-0.0344,1.04
97.258337,0.1414,0.7357,0.0045,0.75
97.307653,-0.1350,0.7550,0.1155,0.78
97.359134,-0.1925,0.9111,0.1749,0.95
97.407879,-0.0743,0.9010,0.2265,0.93
97.458236,0.0474,0.9696,0.1912,0.99
97.507755,-0.0511,1.0168,0.1497,1.03
97.558561,-0.1030,1.2772,0.1756,1.29
97.608851,-0.0039,1.5555,-0.1734,1.57
97.657042,0.1664,1.0383,-0.2733,1.09
97.707961,0.0763,0.8092,0.0136,0.81
97.757402,-0.1057,1.0262,0.0010,1.03
97.807601,-0.1982,0.9469,-0.0767,0.97
97.857783,-0.0268,0.6554,0.1232,0.67
97.908034,0.1524,0.7991,0.1575,0.83
97.959740,0.0410,0.9295,0.1237,0.94
98.007758,-0.0284,0.9883,0.1430,1.00
98.058378,-0.0439,1.1097,0.1318,1.12
98.107884,0.1089,1.2970,0.1764,1.31
98.158206,-0.0251,1.3759,-0.1052,1.38
98.208439,-0.0748,1.0303,-0.3348,1.09
98.258621,-0.0299,0.8725,-0.1650,0.89
98.316909,0.0943,1.0784,-0.0224,1.08
98.362807,0.1625,0.9157,-0.0427,0.93
98.416905,-0.0729,0.7062,0.0479,0.71
98.466026,-0.1854,0.8175,0.1740,0.86
98.509328,-0.1137,0.8843,0.1983,0.91
98.566060,-0.0358,0.9309,0.1821,0.95
98.615528,0.0096,0.9993,0.1541,1.01
98.663125,-0.1161,1.0730,0.1920,1.10
98.715795,-0.0463,1.4704,0.1566,1.48
98.764239,0.0183,1.4648,-0.4264,1.53
98.815849,0.1431,0.7839,-0.1172,0.81
98.865842,-0.1448,0.8168,0.1192,0.84
98.915631,-0.2417,1.1450,-0.1355,1.18
98.966386,-0.0942,0.8318,-0.0784,0.84
99.015994,0.1209,0.6746,0.2147,0.72
99.065549,0.0596,0.8556,0.1249,0.87
99.116499,0.0279,0.9264,0.0772,0.93
99.163275,-0.0051,1.0076,0.1364,1.02
99.217068,-0.0154,1.0784,0.1733,1.09
99.266740,0.0530,1.2448,0.2518,1.27
99.316961,-0.0424,1.2596,-0.0255,1.26
99.366243,-0.0076,1.0748,-0.3998,1.15
99.415946,0.0123,0.9641,-0.1071,0.97
99.466029,0.1551,1.1099,-0.0042,1.12
99.516037,0.1961,0.9439,-0.0618,0.97
99.570081,0.0144,0.6522,0.0654,0.66
99.616174,-0.1723,0.8101,0.2106,0.85
99.665981,-0.1775,0.9402,0.1474,0.97
99.716184,-0.0808,0.9250,0.2046,0.95
99.765937,0.0991,0.9049,0.2294,0.94
99.816556,-0.0977,1.0548,0.1037,1.06
99.875164,-0.0138,1.3485,0.2635,1.37
99.923781,0.0497,1.3162,-0.1293,1.32
99.973965,0.0407,0.9452,-0.3592,1.01
100.023949,-0.0597,1.0021,0.0862,1.01
100.074416,-0.2780,1.0713,0.0365,1.11
100.123652,-0.2119,0.8096,-0.0439,0.84
100.174461,-0.0339,0.6359,0.1186,0.65
100.223750,0.0976,0.8675,0.1438,0.88
100.270473,0.0836,0.9794,0.0931,0.99
100.323780,-0.0142,0.9842,0.1270,0.99
100.376624,0.0559,1.0046,0.2242,1.03
100.423570,0.1112,1.2017,0.1452,1.22
100.470575,-0.1764,1.2924,0.2082,1.32
100.524637,-0.0407,1.0334,-0.3174,1.08
100.575249,0.0557,1.0655,-0.2628,1.10
100.624110,0.1745,1.1887,-0.0153,1.20
100.673993,0.2064,0.9286,-0.0277,0.95
100.723752,0.1167,0.6340,0.0120,0.64
100.775382,-0.1327,0.7559,0.1892,0.79
100.825520,-0.1814,0.9421,0.1425,0.97
100.874603,-0.1185,0.9324,0.2141,0.96
100.923817,-0.0205,0.9735,0.1829,0.99
100.973813,-0.1751,1.0621,0.1573,1.09
101.024731,-0.0732,1.3425,0.2064,1.36
101.074076,0.1089,1.4762,-0.3358,1.52
101.124151,0.2414,0.9564,-0.3302,1.04
101.174183,0.0586,0.7421,0.1038,0.75
101.223763,-0.2274,1.1101,-0.0068,1.13
101.274659,-0.1358,0.9836,-0.1507,1.00
101.323903,0.0631,0.6628,0.1415,0.68
101.374655,0.0560,0.8100,0.1539,0.83
101.424412,0.0296,0.8841,0.1180,0.89
101.474256,-0.0005,0.9820,0.1821,1.00
101.524603,0.0054,1.1661,0.1549,1.18
101.574290,0.0309,1.2722,0.2054,1.29
101.624821,-0.0289,1.3927,-0.2081,1.41
101.674812,0.0015,1.0989,-0.4328,1.18
101.731994,0.0410,0.8344,-0.0129,0.84
101.778110,0.1005,0.9622,-0.0030,0.97
101.832185,0.1067,0.8866,-0.1365,0.90
101.875939,-0.0599,0.8057,-0.0012,0.81
101.931989,-0.1780,0.9357,0.1610,0.97
101.983347,-0.0660,0.8546,0.1844,0.88
102.032736,0.0078,0.8349,0.2210,0.86
102.082412,-0.0560,1.0216,0.1634,1.04
102.132455,-0.2375,1.1793,0.1213,1.21
102.182459,-0.0627,1.2880,0.2784,1.32
102.232939,0.0870,1.4644,-0.3512,1.51
102.281774,0.3100,0.9845,-0.2792,1.07
102.332332,-0.0986,0.7758,0.1764,0.80
102.381916,-0.2187,1.1196,-0.0330,1.14
102.432658,-0.0388,0.8071,-0.1015,0.81
102.482478,0.0715,0.6232,0.2375,0.67
102.531727,0.0522,0.8582,0.1634,0.88
102.582847,0.0565,0.9513,0.1098,0.96
102.633288,0.0212,1.0640,0.1984,1.08
102.682482,0.0454,1.1677,0.1874,1.18
102.732972,0.0773,1.2614,0.2711,1.29
102.782480,0.0244,1.1852,0.0971,1.19
102.832129,0.0004,0.9813,-0.4154,1.07
102.882090,-0.0782,1.0778,-0.2945,1.12
102.931856,0.2211,1.0900,0.0718,1.11
102.982332,0.1966,0.8577,-0.0042,0.88
103.032716,-0.0614,0.6770,-0.0141,0.68
103.082069,-0.1571,0.8262,0.1562,0.86
103.132308,-0.1146,1.0108,0.1712,1.03
103.182981,-0.1123,0.9596,0.1709,0.98
103.240345,-0.0706,0.9909,0.2129,1.02
103.282763,-0.2057,1.0493,0.1282,1.08
103.341091,0.0516,1.2240,0.2912,1.26
103.383739,0.0349,1.2777,-0.1535,1.29
103.440181,0.1927,1.0334,-0.2321,1.08
103.484291,-0.0961,0.9814,0.0755,0.99
103.540185,-0.1796,1.0481,-0.0067,1.06
103.590952,-0.0094,0.7814,-0.0209,0.78
103.640170,0.0217,0.6894,0.2018,0.72
103.690970,0.0385,0.8694,0.1443,0.88
103.740107,0.0754,0.9001,0.1321,0.91
103.785630,0.0258,0.9866,0.1829,1.00
103.840506,0.0850,1.1166,0.1411,1.13
103.890463,0.0943,1.2705,0.2508,1.30
103.942902,-0.0784,1.3170,0.2204,1.34
103.990491,-0.0292,0.9691,-0.1703,0.98
104.040174,0.0032,0.9003,-0.2036,0.92
104.090451,0.0473,1.0951,-0.0315,1.10
104.140762,0.2180,0.9916,0.0527,1.02
104.190129,0.0901,0.7194,0.0469,0.73
104.240189,-0.1268,0.8258,0.1174,0.84
104.291113,-0.0541,0.9502,0.1952,0.97
104.340936,-0.0998,0.9237,0.2205,0.95
104.391416,0.0004,0.9193,0.2174,0.94
104.440635,0.0016,0.9373,0.2268,0.96
104.491133,-0.1915,1.2163,0.2560,1.26
104.540940,0.0233,1.5392,0.0399,1.54
104.590063,0.2045,1.1503,-0.2006,1.19
104.639878,0.2207,0.8080,-0.1257,0.85
104.691365,0.0106,0.8818,0.0783,0.89
104.740465,-0.1513,1.1327,-0.0895,1.15
104.791194,-0.0779,0.7919,-0.0029,0.80
104.848436,0.0819,0.7936,0.2277,0.83
104.891674,0.0756,0.8757,0.1271,0.89
104.948733,0.0367,1.0435,0.0731,1.05
104.992277,0.0187,1.0169,0.1591,1.03
105.048787,-0.1210,1.0758,0.2173,1.10
105.098212,-0.0968,1.1578,0.2257,1.18
105.148248,-0.0257,1.1588,0.1029,1.16
105.199114,0.1744,1.3242,-0.5576,1.45
105.248391,0.0907,0.7641,-0.2104,0.80
105.298427,0.3546,0.9367,0.1175,1.01
105.348672,0.3044,1.0759,-0.3153,1.16
105.399398,-0.0783,0.8819,-0.2443,0.92
105.449331,-0.1672,0.8874,0.0394,0.90
105.501598,-0.1260,1.0135,-0.0280,1.02
105.548800,-0.1022,1.0276,0.0133,1.03
105.598681,-0.0562,1.0124,0.0223,1.01
105.649894,-0.0084,0.9833,-0.0935,0.99
105.698307,0.0474,0.8936,-0.0350,0.90
105.748609,0.2564,0.9354,-0.1657,0.98
105.799910,0.3953,1.1562,-0.1245,1.23
105.848843,-0.1217,1.1240,-0.1903,1.15
105.898949,0.0390,1.0290,-0.0192,1.03
105.948296,0.3766,0.9246,0.1273,1.01
106.000311,0.0163,0.9409,-0.0613,0.94
106.048094,-0.0892,0.9773,0.0414,0.98
106.098166,0.0125,0.9586,0.1182,0.97
106.149178,0.0699,0.9175,0.1380,0.93
106.199480,0.1036,0.9701,0.1844,0.99
106.248537,0.1268,1.0572,0.1817,1.08
106.299040,0.0966,1.0336,0.2398,1.07
106.349300,0.2338,1.3090,-0.0596,1.33
106.399512,0.1137,1.1467,-0.2170,1.17
106.458072,0.0052,0.7191,-0.0226,0.72
106.499410,-0.0454,0.7802,-0.0963,0.79
106.556804,0.1427,1.1927,0.0010,1.20
106.600533,-0.0078,1.0818,-0.0217,1.08
106.656858,-0.2623,0.8569,0.0940,0.90
106.706736,-0.0837,0.8546,0.2310,0.89
106.756780,-0.0021,0.9077,0.2588,0.94
106.807288,-0.0244,0.9555,0.2306,0.98
106.856668,-0.0184,1.0099,0.2110,1.03
106.907619,-0.1605,1.0513,0.2569,1.09
106.956423,-0.1412,1.2081,0.3134,1.26
107.006872,-0.0593,1.3316,-0.1560,1.34
107.057062,0.1269,0.9691,-0.3271,1.03
107.107196,-0.0021,0.8149,0.1486,0.83
107.157937,-0.2118,1.0279,0.0485,1.05
107.206875,-0.0310,0.9400,-0.1246,0.95
107.257357,0.0565,0.7482,0.1336,0.76
107.306890,0.0764,0.8641,0.2505,0.90
107.357392,0.0407,0.8996,0.1503,0.91
107.407386,-0.0020,0.9162,0.1750,0.93
107.456532,-0.0298,0.9772,0.1985,1.00
107.507690,0.1821,1.2017,0.0887,1.22
107.556945,0.1345,1.2765,0.1443,1.29
107.607592,-0.0178,1.2363,-0.2917,1.27
107.656649,-0.1618,1.0674,-0.5182,1.20
107.707318,-0.0964,1.0060,0.1093,1.02
107.756323,0.0286,0.9685,0.0491,0.97
107.806579,-0.0971,0.8606,0.0490,0.87
107.857360,-0.0780,0.7629,0.1711,0.79
107.907750,0.0219,0.7839,0.2155,0.81
107.956880,-0.0066,0.8770,0.1898,0.90
108.006596,-0.0084,0.9721,0.2528,1.00
108.057048,-0.1086,1.0527,0.1929,1.08
108.107393,-0.1709,1.1953,0.2877,1.24
108.156927,-0.1020,1.3961,-0.0916,1.40
108.207200,0.2910,1.0273,-0.2933,1.11
108.265527,-0.0140,0.9382,0.2111,0.96
108.307744,-0.1953,1.1288,-0.0026,1.15
108.365965,-0.0087,0.8897,-0.1033,0.90
108.408441,0.1063,0.6167,0.1650,0.65
108.464687,0.0285,0.7753,0.1237,0.79
108.508998,-0.0519,0.8857,0.0749,0.89
108.565108,-0.0877,1.0041,0.1811,1.02
108.615531,0.0920,1.1688,0.0761,1.17
108.664707,0.1725,1.2708,0.2456,1.31
108.715107,-0.0519,1.2034,0.1078,1.21
108.765318,-0.1004,1.0953,-0.5244,1.22
108.815066,-0.0525,1.0297,-0.2273,1.06
108.865029,0.0775,1.0206,0.0508,1.02
108.914952,0.0150,0.9275,-0.1004,0.93
108.965252,-0.0327,0.7483,0.0075,0.75
109.015067,-0.0544,0.8110,0.1555,0.83
109.064938,-0.0611,0.9287,0.1190,0.94
109.111967,-0.0081,0.9490,0.1434,0.96
109.164979,0.0440,1.0930,0.1836,1.11
109.215728,-0.1952,1.1338,0.1906,1.17
109.265020,-0.1584,1.2893,0.2528,1.32
109.315865,-0.0124,1.2648,-0.4545,1.34
109.365352,0.2444,0.9686,-0.1891,1.02
109.415939,-0.1260,0.9823,0.1158,1.00
109.464920,-0.2592,0.9969,-0.0374,1.03
109.515004,0.0039,0.7766,-0.0852,0.78
109.565021,0.1186,0.6749,0.1605,0.70
109.615814,0.0328,0.9122,0.1577,0.93
109.665011,-0.0272,0.9684,0.0741,0.97
109.714692,-0.0214,0.9687,0.1712,0.98
109.765074,0.2545,1.1167,0.1245,1.15
109.815594,0.0280,1.3033,0.2899,1.34
109.865384,-0.1550,1.2858,-0.0024,1.30
109.916143,0.0119,0.9339,-0.3272,0.99
109.965829,0.0286,0.9233,-0.0423,0.92
110.015872,0.0668,1.1031,-0.0356,1.11
110.072893,0.1737,0.8416,0.0321,0.86
110.123174,0.0471,0.6455,0.0978,0.65
110.172945,-0.1622,0.9211,0.1142,0.94
110.223348,-0.1187,0.9707,0.1753,0.99
110.273535,-0.0470,0.9753,0.2389,1.01
110.324099,0.0501,1.0066,0.2003,1.03
110.373047,-0.0474,1.0961,0.1839,1.11
110.423047,0.0331,1.4475,0.1132,1.45
110.474199,-0.0054,1.1983,-0.2806,1.23
110.522821,0.0638,0.7912,-0.0754,0.80
110.572858,-0.1000,0.9739,0.0945,0.98
110.624098,-0.2226,1.1376,-0.0920,1.16
110.674100,-0.1057,0.7224,0.0043,0.73
110.723506,0.1320,0.6334,0.2448,0.69
110.773297,0.0024,0.8668,0.1231,0.88
110.823843,-0.0115,0.9559,0.1254,0.96
110.872498,0.0263,1.0481,0.1764,1.06
110.923093,0.1869,1.1973,0.1575,1.22
110.972707,-0.0272,1.3823,0.2329,1.40
111.023773,-0.0881,1.1888,-0.1463,1.20
111.072790,-0.0019,0.8830,-0.3076,0.94
111.123417,-0.0042,0.8754,-0.0706,0.88
111.173169,0.1308,1.0238,0.0132,1.03
111.223183,0.0949,0.9409,-0.0309,0.95
111.273602,-0.1478,0.7687,0.0911,0.79
111.322753,-0.1019,0.8844,0.1925,0.91
111.372994,-0.0418,0.9397,0.1684,0.96
111.423030,-0.0460,0.9806,0.1715,1.00
111.473096,-0.0311,1.0126,0.1630,1.03
111.524783,-0.2262,1.2064,0.2367,1.25
111.573995,-0.0834,1.5751,-0.0661,1.58
111.631929,0.2369,0.9422,-0.2488,1.00
111.674278,0.0967,0.6539,-0.0720,0.66
111.731765,-0.1691,1.0162,0.0332,1.03
111.780996,-0.1724,1.0904,-0.1192,1.11
111.831249,0.0061,0.7031,0.1022,0.71
111.880642,0.0646,0.7614,0.2016,0.79
111.930651,-0.0134,0.8839,0.0986,0.89
111.981487,0.0351,0.9873,0.1605,1.00
112.031751,0.1134,1.0952,0.1642,1.11
112.080896,0.1842,1.2344,0.1503,1.26
112.132203,-0.0881,1.3026,0.2475,1.33
112.181948,-0.0825,1.1506,-0.3825,1.22
112.231224,-0.0577,0.9618,-0.2760,1.00
112.281900,0.0597,0.9999,-0.0095,1.00
112.332266,0.0797,0.9576,-0.0612,0.96
112.380698,0.0861,0.7467,-0.0233,0.75
112.430957,-0.0485,0.7493,0.1245,0.76
112.480826,-0.1790,1.0149,0.1262,1.04
112.531381,-0.1533,0.9451,0.2417,0.99
112.581637,-0.0208,0.9981,0.2172,1.02
112.632021,0.0635,1.1022,0.1448,1.11
112.680770,-0.0729,1.2864,0.2788,1.32
112.731725,-0.1080,1.0625,0.1129,1.07
112.781588,0.0543,1.0253,-0.4274,1.11
112.830836,0.0753,1.0016,-0.0288,1.00
112.881938,-0.2946,1.1066,0.1273,1.15
112.932040,-0.0803,0.8576,-0.0504,0.86
112.981621,0.0154,0.7146,0.0721,0.72
113.031134,0.0046,0.8320,0.1527,0.85
113.081440,0.0076,0.8889,0.1140,0.90
113.139496,-0.0143,0.9333,0.1521,0.95
113.182160,0.0009,1.0588,0.1470,1.07
113.239370,0.2131,1.2755,0.1737,1.30
113.289443,-0.0844,1.2325,0.3672,1.29
113.338933,-0.1132,1.0506,-0.2793,1.09
113.389246,-0.0066,0.9744,-0.2818,1.01
113.439813,0.0529,1.1239,-0.0366,1.13
113.482924,0.1516,1.0580,-0.0362,1.07
113.539206,0.0894,0.7432,0.0421,0.75
113.590139,-0.0691,0.6855,0.1605,0.71
113.639183,-0.1171,0.9585,0.1884,0.98
113.690132,-0.0906,0.8748,0.1848,0.90
113.739657,0.0289,0.9486,0.2481,0.98
113.784575,-0.0203,0.9928,0.2738,1.03
113.839819,-0.2340,1.2926,0.1775,1.33
113.888925,-0.0477,1.3466,0.0822,1.35
113.940055,0.1748,1.1772,-0.3900,1.25
113.988796,0.1655,0.8879,0.0308,0.90
114.040237,-0.2086,0.9236,0.1202,0.95
114.088934,-0.1372,0.9518,-0.0630,0.96
114.139767,-0.0231,0.6989,0.0463,0.70
114.188895,0.0857,0.8062,0.2390,0.85
114.239383,0.0320,0.9423,0.1705,0.96
114.289163,-0.0200,0.9112,0.1660,0.93
114.340515,-0.0700,0.9996,0.1568,1.01
114.389254,0.1572,1.1818,0.1187,1.20
114.439020,0.0045,1.3682,0.3199,1.41
114.488982,-0.0632,1.1929,-0.1416,1.20
114.539137,-0.0385,0.9537,-0.3583,1.02
114.590371,-0.0759,0.9229,-0.0456,0.93
114.639190,0.0667,1.0420,-0.0189,1.04
114.688759,0.0864,0.8435,-0.0730,0.85
114.739625,-0.0142,0.6777,0.0873,0.68
114.788885,-0.1575,0.9399,0.1480,0.96
114.839758,-0.1036,0.9813,0.1516,1.00
114.889484,-0.0449,1.0253,0.2035,1.05
114.938862,-0.0023,1.0091,0.1979,1.03
114.988837,-0.0539,1.3010,0.2381,1.32
115.039786,0.0045,1.3666,0.0720,1.37
115.089244,0.0475,1.0144,-0.3539,1.08
115.139781,0.0569,0.8033,-0.0715,0.81
115.189968,-0.1374,1.0863,0.0182,1.10
115.240274,-0.1704,0.9631,-0.1145,0.98
115.297882,-0.0531,0.6453,0.1346,0.66
115.347268,-0.0133,0.7961,0.1718,0.81
115.400289,-0.0288,0.9203,0.1143,0.93
115.447454,0.0164,0.9532,0.1226,0.96
115.498286,0.0123,1.0398,0.1455,1.05
115.547780,0.1677,1.2847,0.1178,1.30
115.598453,0.0230,1.4981,0.1099,1.50
115.647862,-0.0755,1.0983,-0.2188,1.12
115.697826,-0.0081,0.7796,-0.2483,0.82
115.748858,-0.1244,0.9363,-0.0645,0.95
115.798294,0.1395,1.0398,-0.0315,1.05
115.847155,0.1309,0.8209,0.0087,0.83
115.898467,-0.1965,0.7457,0.1110,0.78
115.947440,-0.0635,0.8958,0.2110,0.92
115.998317,0.0548,0.8871,0.2133,0.91
116.047351,0.0147,1.0215,0.2015,1.04
116.097320,-0.1185,1.0080,0.2135,1.04
116.147040,-0.2555,1.4069,0.1975,1.44
116.198415,-0.1123,1.4791,-0.1190,1.49
116.247032,0.1790,0.9798,-0.2647,1.03
116.297072,0.0759,0.6807,-0.0222,0.69
116.348012,-0.1624,1.0210,0.0533,1.04
116.397430,-0.1435,1.0225,-0.1422,1.04
116.456115,-0.0447,0.6887,0.1554,0.71
116.498736,-0.0405,0.7694,0.1861,0.79
116.556260,0.0196,0.9173,0.1030,0.92
116.606678,0.0663,1.0000,0.1316,1.01
116.655671,-0.0202,1.0610,0.1546,1.07
116.706131,0.0591,1.2940,0.1248,1.30
116.755478,-0.0086,1.3030,0.2945,1.34
116.805925,-0.0229,1.0212,-0.0837,1.02
116.855727,0.0046,0.9242,-0.3410,0.99
116.905313,-0.0539,1.0487,-0.0842,1.05
116.955519,0.1334,1.0487,0.0817,1.06
117.005938,0.0939,0.8087,-0.0419,0.82
117.055749,-0.1345,0.6981,0.0845,0.72
117.106536,-0.2080,0.8925,0.1610,0.93
117.155740,-0.0709,0.9237,0.1320,0.94
117.205667,-0.0425,0.9539,0.2343,0.98
117.256146,-0.0353,1.0552,0.1925,1.07
117.305768,-0.1290,1.1738,0.1378,1.19
117.355994,-0.0273,1.4876,0.0973,1.49
117.405444,0.0052,1.1102,-0.3571,1.17
117.455426,0.1151,0.8352,0.0345,0.84
117.505296,-0.1913,1.0312,0.0867,1.05
117.555431,-0.1863,0.9875,-0.0676,1.01
117.605857,-0.0367,0.6918,0.0550,0.69
117.656028,0.1224,0.7938,0.2387,0.84
117.705659,0.0827,0.9030,0.1351,0.92
117.755294,0.0115,0.9424,0.1425,0.95
117.805768,-0.0598,1.0010,0.1842,1.02
117.855417,0.1136,1.1946,0.1735,1.21
117.906159,0.0405,1.3341,0.2995,1.37
117.955837,0.0585,1.2502,-0.1686,1.26
118.005315,0.0778,0.8584,-0.2583,0.90
118.055964,0.0269,0.8830,0.0082,0.88
118.105690,0.1105,1.0553,0.0054,1.06
118.156283,0.0862,0.8521,0.0217,0.86
118.206254,-0.2074,0.7763,0.0457,0.80
118.265121,-0.1040,0.9649,0.1964,0.99
118.306297,-0.0211,0.9163,0.2012,0.94
118.364876,0.0530,0.9341,0.1921,0.96
118.407096,0.0194,1.0447,0.2276,1.07
118.464183,-0.2534,1.1485,0.1873,1.19
118.514406,0.0190,1.2879,0.1927,1.30
118.563656,0.1013,1.2626,-0.3423,1.31
118.614617,0.0465,0.7749,-0.1303,0.79
118.663956,-0.1184,0.8908,0.0988,0.90
118.714411,-0.1702,1.0995,-0.0244,1.11
118.763745,-0.1282,0.8557,-0.0478,0.87
118.813859,0.0961,0.7870,0.2107,0.82
118.864115,0.1342,0.8698,0.1402,0.89
118.913500,0.0037,0.8722,0.1831,0.89
118.964298,-0.0996,0.9457,0.2192,0.98
119.014660,0.0272,1.1193,0.1699,1.13
119.064073,0.1410,1.3008,0.2304,1.33
119.114132,-0.0346,1.3874,-0.0218,1.39
119.164742,0.0102,1.0226,-0.3053,1.07
119.213748,0.0130,0.8689,-0.0964,0.87
119.263704,0.0324,0.9938,-0.0112,0.99
119.313886,0.0808,0.8845,-0.0748,0.89
119.364696,-0.0751,0.7207,0.0646,0.73
119.413332,-0.1330,0.9227,0.1881,0.95
119.464077,-0.0324,0.9864,0.2049,1.01
119.514572,-0.0253,0.9428,0.2462,0.97
119.564637,0.0032,0.9319,0.2390,0.96
119.614475,-0.1453,0.9986,0.1996,1.03
119.667637,-0.1279,1.2093,0.2199,1.24
119.713896,-0.0314,1.3370,0.0765,1.34
119.764145,0.2677,1.0654,-0.1947,1.12
119.814356,0.2273,0.8838,-0.0760,0.92
119.863497,0.0239,0.9565,0.0173,0.96
119.915124,-0.0796,1.0030,0.0056,1.01
119.964009,0.0144,0.7811,0.0505,0.78
120.014281,0.1908,0.8935,0.0989,0.92
120.072391,0.0877,0.9725,0.0497,0.98
120.115235,0.0364,0.9744,0.0522,0.98
120.172025,0.0435,0.9931,0.1079,1.00
120.222116,-0.0051,1.0251,0.0784,1.03
120.271644,-0.2476,1.1689,0.1304,1.20
120.321739,-0.1340,1.0719,0.1240,1.09
120.372158,0.2991,1.2488,-0.2896,1.32
120.438107,0.1428,0.8344,-0.1657,0.86
124.792575,-0.0421,0.5120,0.8720,1.01
124.840175,-0.0469,0.5056,0.8700,1.01
124.889826,-0.0303,0.5108,0.8453,0.99
124.941767,-0.0460,0.5182,0.8755,1.02
124.989880,-0.0498,0.5022,0.8534,0.99
125.044480,-0.0385,0.5040,0.8276,0.97
125.099846,-0.0477,0.4794,0.8572,0.98
125.141850,-0.0486,0.4698,0.8976,1.01
125.189016,-0.0286,0.4610,0.9196,1.03
125.257404,-0.0090,0.4544,0.9134,1.02
125.296622,-0.0148,0.4554,0.9037,1.01
125.348877,-0.0051,0.4679,0.8731,0.99
125.389054,-0.0150,0.4810,0.8701,0.99
125.447638,-0.0243,0.4847,0.8842,1.01
125.496922,-0.0325,0.4770,0.8646,0.99
125.546375,-0.0541,0.4825,0.8767,1.00
125.597121,-0.0440,0.5066,0.8637,1.00
125.646111,-0.0444,0.4973,0.8705,1.00
125.696020,-0.0479,0.5273,0.7637,0.93
125.748151,-0.0943,0.4931,0.9291,1.06
