2.774547,-0.3235,-0.2567,0.1447,0.44,normal
2.825727,-0.3033,-0.7003,0.2757,0.81,normal
2.874668,-0.5362,-1.277,0.5913,1.51,normal
2.924582,-0.2816,-1.0042,0.1728,1.06,normal
2.974802,-0.104,-0.9646,0.1028,0.98,normal
3.026736,-0.0905,-1.001,0.0963,1.01,normal
3.073822,-0.1817,-0.9688,0.1251,0.99,normal
3.123956,-0.2638,-1.0386,0.1674,1.08,normal
3.174587,-0.3269,-0.9041,-0.387,1.04,normal
3.225137,-0.4744,-1.2394,0.2378,1.35,normal
3.274555,-0.0208,-1.7618,-0.7222,1.9,normal
3.323802,0.1081,-1.6418,0.537,1.73,normal
3.374738,-0.9109,-1.7165,0.484,2,normal
3.430061,-0.6135,-0.8346,1.2359,1.61,normal
3.482907,-0.4584,-0.6745,0.0273,0.82,normal
3.524498,-0.3815,-0.8679,0.5118,1.08,normal
3.582082,-0.3545,-0.4656,0.3463,0.68,normal
3.626863,-0.5977,-0.2028,0.2559,0.68,normal
3.68222,-0.38,-0.2317,-0.078,0.45,normal
3.726512,-0.4323,-1.0495,-0.9862,1.5,normal
3.782473,0.2708,-2.0244,-0.9676,2.26,normal
3.83108,-0.3463,-0.6893,-0.0192,0.77,normal
3.882369,-1.439,-1.6119,1.1944,2.47,normal
3.93157,-0.5892,-0.6382,0.1093,0.88,normal
3.982783,-0.124,-0.3456,0.1308,0.39,normal
4.033087,-0.4053,-1.1042,0.3698,1.23,normal
4.082781,-0.2569,-1.1145,0.4958,1.25,normal
4.13281,-0.1973,-0.8557,0.1699,0.89,normal
4.183394,-0.1828,-0.969,0.2085,1.01,normal
4.229785,-0.2395,-1.0307,0.1838,1.07,normal
4.282303,-0.2679,-1.0741,0.1521,1.12,normal
4.331876,-0.339,-0.9236,-0.396,1.06,normal
4.382476,-0.2899,-1.0618,0.3749,1.16,normal
4.433165,-0.0394,-1.5185,-1.2181,1.95,normal
4.482025,-0.0859,-1.4709,-0.2071,1.49,normal
4.535156,-0.3272,-1.3501,0.3409,1.43,normal
4.583626,-1.4896,-2.0651,0.7999,2.67,normal
4.641211,-1.0325,-0.169,-1.3435,1.7,normal
4.682427,-0.4813,-0.5578,0.3277,0.81,normal
4.733657,-0.2248,-0.7203,0.2406,0.79,normal
4.783055,-0.3195,-0.4792,0.228,0.62,normal
4.832244,-0.4455,-0.163,0.2057,0.52,normal
4.882165,-0.3854,-0.5991,-0.1288,0.72,normal
4.933353,-0.0038,-2.0246,-1.7562,2.68,normal
4.982362,-0.6375,-1.2528,-0.344,1.45,normal
5.03552,-1.2611,-1.5296,0.4534,2.03,normal
5.09121,-0.4922,-0.2017,0.2324,0.58,normal
5.135345,-0.3055,-0.3254,0.1596,0.47,normal
5.182821,-0.7167,-1.0804,0.3582,1.35,normal
5.235937,-0.4106,-1.005,0.6928,1.29,normal
5.290862,-0.121,-1.0253,0.3228,1.08,normal
5.342536,0.0367,-1.1051,0.1446,1.12,normal
5.391785,0.0314,-1.1146,0.1641,1.13,normal
5.441159,-0.0883,-1.1722,0.093,1.18,normal
5.490553,-0.2991,-1.1573,-0.3974,1.26,normal
5.54324,-0.4541,-1.1557,-0.6186,1.39,normal
5.592383,-0.2149,-1.7617,-0.354,1.81,normal
5.640155,-0.0512,-0.9668,0.0602,0.97,normal
5.690546,-0.3458,-1.1091,0.1664,1.17,normal
5.739997,-1.2685,-1.8577,0.2799,2.27,normal
5.790097,-0.9804,-0.3708,-0.0353,1.05,normal
5.840121,-0.3201,-0.625,0.3726,0.79,normal
5.891528,-0.3103,-0.7116,0.2039,0.8,normal
5.940548,-0.4407,-0.3328,0.1478,0.57,normal
5.99107,-0.534,-0.2339,-0.0217,0.58,normal
6.040739,-0.5702,-1.2043,-0.7749,1.54,normal
6.090343,0.393,-1.8381,-1.2178,2.24,normal
6.141475,-0.5131,-1.232,-0.0331,1.33,normal
6.190541,-0.8175,-1.0037,0.6939,1.47,normal
6.243313,-0.384,-0.3372,0.1414,0.53,normal
6.290645,-0.4385,-0.6166,0.1336,0.77,normal
6.340756,-0.4404,-1.0713,0.439,1.24,normal
6.390666,-0.2924,-0.8968,0.2772,0.98,normal
6.448207,-0.2163,-0.9204,0.1275,0.95,normal
6.498806,-0.1902,-0.9954,0.0795,1.02,normal
6.549038,-0.2221,-1.0486,0.1077,1.08,normal
6.592633,-0.268,-1.1187,0.1065,1.16,normal
6.648463,-0.5022,-1.0712,-0.8322,1.45,normal
6.699076,-0.4009,-1.0452,-0.184,1.13,normal
6.747011,-0.1884,-1.6371,-0.6961,1.79,normal
6.798216,0.0121,-1.264,0.3743,1.32,normal
6.849061,-0.6228,-1.5358,0.3804,1.7,normal
6.898203,-0.6365,-1.5863,0.8957,1.93,normal
6.948835,-0.8004,-0.3893,-0.6472,1.1,normal
6.996979,-0.3442,-0.8176,0.4679,1,normal
7.051617,-0.3134,-0.5221,0.318,0.69,normal
7.098758,-0.535,-0.2317,0.2807,0.65,normal
7.145955,-0.5964,-0.1873,-0.0083,0.63,normal
7.19839,-0.6959,-1.3112,-1.0526,1.82,normal
7.248169,0.1796,-1.6507,-1.021,1.95,normal
7.298678,-0.4438,-0.8753,0.1605,0.99,normal
7.349289,-1.313,-1.8347,0.7772,2.39,normal
7.399103,-0.4593,-0.3761,0.1064,0.6,normal
7.449061,-0.2261,-0.4695,0.143,0.54,normal
7.499325,-0.4388,-1.1195,0.2866,1.24,normal
7.551093,-0.1344,-1.0286,0.428,1.12,normal
7.599515,-0.1865,-0.9139,0.1356,0.94,normal
7.648663,-0.2179,-0.9388,0.0356,0.96,normal
7.698663,-0.3097,-0.966,0.1177,1.02,normal
7.753416,-0.3855,-1.0854,0.1555,1.16,normal
7.799593,-0.383,-1.0262,0.1275,1.1,normal
7.849708,-0.4768,-0.9741,-1.0169,1.49,normal
7.898998,-0.3059,-1.6624,-0.4323,1.74,normal
7.95939,0.0565,-1.3853,0.4136,1.45,normal
7.999511,-0.2585,-1.4655,0.4067,1.54,normal
8.056646,-0.6884,-1.6143,0.7868,1.92,normal
8.106961,-0.5864,-0.4844,-0.8103,1.11,normal
8.149849,-0.4626,-0.7677,0.3672,0.97,normal
8.207148,-0.3861,-0.6143,0.3555,0.81,normal
8.253641,-0.5212,-0.323,0.3247,0.69,normal
8.306704,-0.6801,-0.1364,0.142,0.71,normal
8.357361,-0.7069,-0.9768,-0.9817,1.55,normal
8.406561,0,-1.7437,-1.2581,2.15,normal
8.457028,-0.4734,-1.0437,-0.1192,1.15,normal
8.507675,-0.9155,-1.3781,0.5486,1.74,normal
8.557023,-0.4864,-0.4813,0.1193,0.69,normal
8.606899,-0.2771,-0.5092,0.1174,0.59,normal
8.656841,-0.4253,-1.0137,0.2477,1.13,normal
8.706497,-0.2501,-1.0122,0.3086,1.09,normal
8.756333,-0.1978,-0.9158,0.1911,0.96,normal
8.806737,-0.2383,-0.9599,0.0388,0.99,normal
8.856962,-0.3021,-0.9265,0.0609,0.98,normal
8.908405,-0.3492,-0.9777,0.1387,1.05,normal
8.957034,-0.4307,-1.056,0.1485,1.15,normal
9.007083,-0.3698,-1.013,0.0809,1.08,normal
9.056757,-0.3363,-1.5338,-0.6626,1.7,normal
9.107218,0.0486,-1.427,-0.5297,1.52,normal
9.159324,-0.1417,-1.4615,0.3901,1.52,normal
9.206614,-0.9173,-1.6515,0.5336,1.96,normal
9.261049,-0.524,-0.7196,0.666,1.11,normal
9.307915,-0.3584,-0.7492,0.2311,0.86,normal
9.356763,-0.1663,-0.8854,0.489,1.03,normal
9.406914,-0.4172,-0.4577,0.3927,0.73,normal
9.465097,-0.5997,-0.067,0.2274,0.64,normal
9.507083,-0.7471,-0.3002,-0.2179,0.83,normal
9.55745,-0.7922,-2.0608,-1.3817,2.6,normal
9.607626,0.0913,-0.7787,-0.0825,0.79,normal
9.665325,-1.1719,-1.4657,0.629,1.98,normal
9.716224,-0.5281,-0.5677,0.0819,0.78,normal
9.759276,-0.2379,-0.3889,0.113,0.47,normal
9.81561,-0.3153,-0.9551,0.2323,1.03,normal
9.85906,-0.1442,-1.0284,0.4534,1.13,normal
9.915615,-0.1906,-0.9695,0.2084,1.01,normal
9.964721,-0.2143,-0.8893,0.0067,0.91,normal
10.015577,-0.3249,-0.8832,0.0463,0.94,normal
10.061451,-0.4228,-1.0682,0.1606,1.16,normal
10.11476,-0.4476,-1.0172,0.1578,1.12,normal
10.16595,-0.3217,-1.1283,-1.0218,1.56,normal
10.215466,-0.3404,-1.5919,0.0356,1.63,normal
10.265952,0.0357,-1.4585,0.0471,1.46,normal
10.314726,-0.5186,-1.7582,0.4421,1.89,normal
10.365335,-0.7493,-1.6159,1.0068,2.05,normal
10.415854,-0.5976,-0.4212,-1.4125,1.59,normal
10.4626,-0.4309,-0.7756,0.4289,0.99,normal
10.515184,-0.2683,-0.5753,0.4372,0.77,normal
10.564686,-0.5127,-0.2342,0.394,0.69,normal
10.615174,-0.5449,-0.061,0.1986,0.58,normal
10.664249,-0.7299,-0.8209,-1.6732,2,normal
10.715013,-0.0344,-2.091,-1.2948,2.46,normal
10.76534,-0.1195,-0.6408,0.0229,0.65,normal
10.814507,-1.093,-1.4202,0.567,1.88,normal
10.864663,-0.6552,-0.6392,0.0981,0.92,normal
10.914463,-0.2294,-0.4955,0.1696,0.57,normal
10.964759,-0.2395,-1.0657,0.3684,1.15,normal
11.014322,-0.1309,-0.9891,0.2244,1.02,normal
11.067305,-0.1328,-0.9046,0.1307,0.92,normal
11.117443,-0.2595,-0.9346,0.0822,0.97,normal
11.16568,-0.3203,-0.842,0.0934,0.91,normal
11.215822,-0.3753,-1.0244,0.1622,1.1,normal
11.273015,-0.3799,-0.9801,0.1044,1.06,normal
11.315493,-0.2751,-1.2087,-1.0443,1.62,normal
11.37316,-0.0046,-1.7172,-0.3897,1.76,normal
11.422757,0.0505,-1.4951,0.1344,1.5,normal
11.466448,-0.7089,-1.5453,0.449,1.76,normal
11.522941,-0.8739,-1.571,1.1246,2.12,normal
11.574587,-0.4303,-0.3422,-0.7249,0.91,normal
11.624756,-0.1991,-0.9375,0.4402,1.05,normal
11.673138,-0.2783,-0.6605,0.4015,0.82,normal
11.723055,-0.441,-0.2716,0.3276,0.61,normal
11.773463,-0.5797,-0.0913,0.0977,0.59,normal
11.823063,-0.6756,-0.8426,-1.0261,1.49,normal
11.874031,-0.1075,-1.5107,-1.4426,2.09,normal
11.923647,-0.448,-0.8055,0.0174,0.92,normal
11.973475,-1.4476,-2.1993,0.5776,2.7,normal
12.023571,-0.415,-0.3838,-0.0562,0.57,normal
12.07268,-0.1255,-0.3941,0.0993,0.43,normal
12.123008,-0.2718,-1.1205,0.3669,1.21,normal
12.173526,-0.0472,-1.1613,0.6061,1.31,normal
12.223739,-0.1713,-0.718,0.1084,0.75,normal
12.276804,-0.3532,-1.0619,-0.0324,1.12,normal
12.322985,-0.4086,-0.9739,-0.0515,1.06,normal
12.373795,-0.6605,-0.9448,-0.2758,1.19,normal
12.422981,-0.514,-0.9184,-0.0388,1.05,normal
12.473542,-0.336,-0.9708,0.0755,1.03,normal
12.52315,-0.0619,-1.4959,-0.4392,1.56,normal
12.573387,0.2631,-1.7852,-0.6493,1.92,normal
12.623008,-0.1005,-1.4383,0.4691,1.52,normal
12.673236,-0.9001,-1.4311,0.3392,1.72,normal
12.723607,-0.3854,-1.0923,0.9276,1.48,normal
12.772988,-0.0244,-0.8822,0.2809,0.93,normal
12.830988,-0.3983,-1.0488,0.617,1.28,normal
12.873578,-0.5434,-0.5227,0.5259,0.92,normal
12.925605,-0.676,-0.2045,0.3436,0.79,normal
12.975314,-1.1577,-0.1998,-0.3008,1.21,normal
13.031657,-0.8342,-1.1691,-1.111,1.82,normal
13.076301,0.2606,-0.9054,-0.2374,0.97,normal
13.131629,-0.6404,-1.0276,0.3552,1.26,normal
13.180191,-0.7082,-1.6265,0.4212,1.82,normal
13.231196,-0.4141,-0.5267,0.0748,0.67,normal
13.276321,-0.2053,-0.6128,0.0911,0.65,normal
13.331017,-0.3169,-1.1392,0.2504,1.21,normal
13.382099,-0.2272,-0.9258,0.2561,0.99,normal
13.431931,-0.4212,-0.8573,-0.006,0.96,normal
13.477411,-0.3305,-0.7653,-0.0082,0.83,normal
13.531215,-0.4609,-0.818,0.1734,0.95,normal
13.582415,-0.5079,-0.9469,0.2133,1.1,normal
13.632004,-0.4227,-0.8367,0.1779,0.95,normal
13.681487,-0.3528,-1.0154,0.1492,1.09,normal
13.732157,-0.1397,-2.1667,-2.5243,3.33,normal
13.782388,-0.0935,-1.5369,0.2164,1.55,normal
13.832134,-0.7714,-1.4068,0.7272,1.76,normal
13.88131,-0.7413,-1.3755,0.9588,1.83,normal
13.931692,-0.1297,-0.6791,-0.4339,0.82,normal
13.981375,-0.2494,-1.1217,0.4232,1.22,normal
14.031555,-0.5355,-0.6983,0.3987,0.97,normal
14.081382,-0.5664,-0.2171,0.3279,0.69,normal
14.131187,-0.7271,-0.0456,0.0792,0.73,normal
14.182291,-0.6468,-0.6814,-0.6113,1.12,normal
14.231418,-0.3934,-1.6368,-1.067,1.99,normal
14.282781,-0.2843,-0.8698,-0.344,0.98,normal
14.330895,-0.6087,-0.9793,0.1894,1.17,normal
14.381923,-1.2859,-1.1965,0.6315,1.87,normal
14.431573,-0.2348,-0.412,0.1388,0.49,normal
14.481731,-0.361,-0.7135,0.1376,0.81,normal
14.532101,-0.4722,-1.0248,0.3024,1.17,normal
14.584701,-0.2165,-1.0269,0.4322,1.13,normal
14.641066,-0.0928,-0.9547,0.1024,0.96,normal
14.688271,-0.0899,-0.9425,0.0269,0.95,normal
14.739351,-0.1792,-1.0992,0.0888,1.12,normal
14.78934,-0.2115,-1.088,0.111,1.11,normal
14.839686,-0.3273,-1.0872,-0.4899,1.24,normal
14.890204,-0.1406,-1.3687,-0.3884,1.43,normal
14.939796,0.1872,-1.4925,-0.143,1.51,normal
14.990519,-0.3073,-1.4412,0.2864,1.5,normal
15.03949,-1.5742,-2.0874,0.3947,2.64,normal
15.09109,-1.0826,-0.5156,-0.1638,1.21,normal
15.14041,-0.4714,-0.8128,0.2601,0.97,normal
15.184644,-0.4049,-0.5624,0.3127,0.76,normal
15.240728,-0.3764,-0.1531,0.3273,0.52,normal
15.289085,-0.3772,-0.0299,0.286,0.47,normal
15.340601,-0.3736,-0.4422,-0.3045,0.65,normal
15.389495,-0.5409,-2.781,-1.9903,3.46,normal
15.440917,-0.137,-1.0158,-0.0783,1.03,normal
15.494593,-0.6445,-1.5584,0.5855,1.79,normal
15.539333,-0.7448,-0.6768,0.1445,1.02,normal
15.590929,-0.2168,-0.3506,0.1724,0.45,normal
15.639954,-0.3917,-0.7815,0.4063,0.96,normal
15.690115,-0.4455,-1.1976,0.2993,1.31,normal
15.739847,-0.2353,-1.0078,0.1942,1.05,normal
15.790342,-0.172,-0.9334,0.0297,0.95,normal
15.839817,-0.1286,-0.9759,-0.0477,0.99,normal
15.8906,-0.2931,-0.9781,-0.0866,1.02,normal
15.940219,-0.4606,-0.9925,-0.1032,1.1,normal
15.990178,-0.3704,-1.1255,-0.2344,1.21,normal
16.040015,-0.0906,-1.6916,-0.4595,1.76,normal
16.090627,0.2354,-1.5547,0.2463,1.59,normal
16.140595,-0.3887,-1.7647,0.4894,1.87,normal
16.190898,-0.6894,-1.7983,0.8063,2.09,normal
16.240139,-0.3868,-0.5748,0.0084,0.69,normal
16.294486,-0.3517,-0.86,0.5301,1.07,normal
16.340538,-0.4136,-0.5698,0.5277,0.88,normal
16.392301,-0.5707,-0.1916,0.4343,0.74,normal
16.447768,-0.6589,-0.1023,0.1818,0.69,normal
16.497551,-1.1671,-0.8705,-1.2029,1.89,normal
16.541226,0.0074,-1.8725,-1.5865,2.45,normal
16.59812,-0.993,-1.2144,0.2801,1.59,normal
16.647672,-0.6896,-1.4271,0.3741,1.63,normal
16.697638,-0.2237,-0.3238,0.0998,0.41,normal
16.748439,-0.1347,-0.5792,0.0558,0.6,normal
16.792436,-0.2809,-1.209,0.383,1.3,normal
16.848413,-0.1906,-0.9217,0.2765,0.98,normal
16.897848,-0.3388,-0.7953,0.0891,0.87,normal
16.948472,-0.389,-0.9216,0.0236,1,normal
16.994602,-0.4424,-0.7924,0.0975,0.91,normal
17.047712,-0.4618,-1.012,0.1689,1.13,normal
17.09852,-0.4108,-0.9754,0.1607,1.07,normal
17.147787,-0.0758,-1.4036,-3.3232,3.61,normal
17.201028,-0.2105,-1.658,0.0929,1.67,normal
17.248068,0.0402,-1.5195,0.2625,1.54,normal
17.297961,-0.8596,-1.6176,0.699,1.96,normal
17.348029,-0.545,-1.2354,0.9592,1.66,normal
17.398213,-0.2568,-0.792,0.1273,0.84,normal
17.44811,-0.3679,-1.0254,0.4457,1.18,normal
17.498744,-0.3786,-0.4605,0.4886,0.77,normal
17.54783,-0.5349,-0.1474,0.4421,0.71,normal
17.603101,-0.5578,-0.1087,0.2509,0.62,normal
17.648605,-1.249,-1.4205,-1.6586,2.52,normal
17.69881,0.1453,-1.3629,-0.7832,1.58,normal
17.747582,-0.4949,-0.6656,0.2392,0.86,normal
17.798356,-1.102,-2.022,0.5545,2.37,normal
17.848287,-0.2993,-0.464,0.1156,0.56,normal
17.903551,-0.1327,-0.7334,0.1257,0.76,normal
17.948324,-0.2198,-1.1338,0.3141,1.2,normal
18.006949,-0.2331,-0.9647,0.168,1.01,normal
18.048677,-0.2719,-0.8332,0.006,0.88,normal
18.106463,-0.3553,-0.8075,0.0718,0.89,normal
18.149388,-0.4328,-0.8517,0.1549,0.97,normal
18.206442,-0.4664,-0.9977,0.1997,1.12,normal
18.257046,-0.3923,-0.9684,0.1482,1.06,normal
18.301936,-0.318,-1.2499,0.2532,1.31,normal
18.357002,-0.2805,-1.6236,0.051,1.65,normal
18.407282,0.0084,-1.3179,-0.0109,1.32,normal
18.455824,-0.6304,-1.7243,0.5452,1.92,normal
18.502101,-0.6874,-1.5912,1.0318,2.02,normal
18.555577,-0.5175,-0.6176,-0.5007,0.95,normal
18.605958,-0.4834,-0.8814,0.4963,1.12,normal
18.656647,-0.2259,-0.5476,0.3708,0.7,normal
18.703482,-0.3453,-0.121,0.316,0.48,normal
18.75547,-0.5806,-0.2407,0.1267,0.64,normal
18.807835,-0.5906,-1.2122,-1.34,1.9,normal
18.855652,-0.4481,-1.5913,-1.0019,1.93,normal
18.911195,-0.6937,-0.9083,-0.0939,1.15,normal
18.956355,-0.9173,-1.5111,0.4714,1.83,normal
19.005919,-0.3246,-0.5721,0.1879,0.68,normal
19.055807,-0.1733,-0.6711,0.1726,0.71,normal
19.106028,-0.1648,-1.0421,0.3043,1.1,normal
19.156674,-0.0994,-1.0198,0.2655,1.06,normal
19.20626,-0.272,-0.9117,0.1387,0.96,normal
19.256077,-0.3431,-0.9251,0.0245,0.99,normal
19.306573,-0.4623,-0.8115,0.089,0.94,normal
19.356884,-0.5703,-0.9466,0.1669,1.12,normal
19.408234,-0.576,-0.9663,0.1911,1.14,normal
19.46402,-0.3917,-1.116,0.4704,1.27,normal
19.511469,-0.1384,-1.8546,-1.8129,2.6,normal
19.564454,-0.0642,-1.4636,0.2326,1.48,normal
19.607977,-0.5988,-1.507,0.4769,1.69,normal
19.66403,-0.6925,-1.2681,1.0764,1.8,normal
19.714043,-0.0499,-0.7174,-1.2032,1.4,normal
19.763938,-0.305,-1.0709,0.4123,1.19,normal
19.815117,-0.4309,-0.7084,0.4483,0.94,normal
19.865224,-0.5075,-0.2672,0.3798,0.69,normal
19.914017,-0.703,-0.0388,-0.025,0.7,normal
19.964197,-0.8257,-0.9311,-0.82,1.49,normal
20.01476,-0.4289,-1.3845,-0.8523,1.68,normal
20.06394,-0.2008,-0.7985,-0.0562,0.83,normal
20.112661,-1.1038,-1.629,0.3561,2,normal
20.16393,-0.6371,-0.4641,0.1953,0.81,normal
20.215394,-0.2755,-0.2769,0.1699,0.43,normal
20.263956,-0.5966,-1.0398,0.2165,1.22,normal
20.313603,-0.3655,-0.9382,0.3344,1.06,normal
20.364177,-0.1819,-1.0021,0.4112,1.1,normal
20.415027,-0.1265,-1.0232,0.0916,1.04,normal
20.464357,-0.0816,-0.9165,-0.0451,0.92,normal
20.513782,-0.2448,-1.0126,0.0897,1.05,normal
20.564019,-0.3079,-1.1402,0.1387,1.19,normal
20.614209,-0.316,-1.095,0.0828,1.14,normal
20.664799,-0.5477,-1.5149,-0.491,1.68,normal
20.71453,-0.1701,-1.2978,-0.0293,1.31,normal
20.76469,-0.2169,-1.398,0.3572,1.46,normal
20.814633,-1.001,-1.7103,0.5959,2.07,normal
20.87303,-0.7001,-0.4367,-1.3475,1.58,normal
20.91554,-0.4413,-0.7739,0.2552,0.93,normal
20.972653,-0.2412,-0.7095,0.3557,0.83,normal
21.021563,-0.464,-0.3211,0.3238,0.65,normal
21.072457,-0.5432,-0.2049,0.1374,0.6,normal
21.122582,-0.4512,-0.8401,-0.8223,1.26,normal
21.172279,-0.4198,-1.6559,-1.2273,2.1,normal
21.220744,-0.1122,-0.8212,-0.3224,0.89,normal
21.27255,-0.8798,-1.2734,0.35,1.59,normal
21.322642,-0.6884,-0.8302,0.1061,1.08,normal
21.373001,-0.2238,-0.1927,0.121,0.32,normal
21.422437,-0.2439,-0.647,0.2024,0.72,normal
21.472783,-0.2776,-1.1417,0.4521,1.26,normal
21.522119,-0.2064,-0.8739,0.1907,0.92,normal
21.57182,-0.2152,-0.8665,0.1033,0.9,normal
21.622234,-0.3145,-0.961,0.0903,1.02,normal
21.671914,-0.3831,-0.9591,0.1654,1.05,normal
21.722238,-0.4194,-1.0721,0.165,1.16,normal
21.772466,-0.4173,-1.0721,0.1051,1.16,normal
21.823732,-0.2719,-1.2211,-0.8014,1.49,normal
21.871947,-0.2188,-1.6445,-0.2388,1.68,normal
21.92217,0.0973,-1.4367,0.2078,1.45,normal
21.97184,-0.2986,-1.3888,0.4122,1.48,normal
22.021874,-0.8407,-1.748,0.7439,2.08,normal
22.072109,-0.3875,-0.598,0.5444,0.9,normal
22.122179,-0.2163,-1.0299,0.3761,1.12,normal
22.172782,-0.2862,-0.9437,0.5824,1.15,normal
22.222163,-0.4731,-0.3686,0.4142,0.73,normal
22.280521,-0.8445,0.0118,-0.0449,0.85,normal
22.323197,-0.8682,-0.3741,-0.4764,1.06,normal
22.380212,-0.4419,-1.2529,-0.7088,1.51,normal
22.430172,-0.1593,-1.0051,-0.5164,1.14,normal
22.480156,-0.878,-1.2529,-0.4811,1.6,normal
22.530023,-0.8241,-1.3764,0.2143,1.62,normal
22.5802,-0.3239,-0.1376,0.4205,0.55,normal
22.631055,-0.139,-0.2469,0.2326,0.37,normal
22.679972,-0.5881,-1.0992,0.6957,1.43,normal
22.731293,-0.3329,-1.025,0.2333,1.1,normal
22.780711,-0.1654,-0.952,0.2482,1,normal
22.830117,-0.1635,-1.177,0.1397,1.2,normal
22.881144,-0.2436,-1.0414,0.111,1.08,normal
22.929852,-0.3302,-1.0745,0.0638,1.13,normal
22.980124,-0.8081,-0.8322,-1.5593,1.94,normal
23.030605,-0.2776,-1.0113,0.147,1.06,normal
23.079964,-0.1243,-1.5367,0.0064,1.54,normal
23.130343,0.1782,-1.663,0.235,1.69,normal
23.180003,-0.4589,-1.7291,0.5373,1.87,normal
23.231351,-1.015,-1.8861,0.4734,2.19,normal
23.280992,-1.1127,-0.1853,0.2558,1.16,normal
23.331391,-0.3415,-0.8185,0.3963,0.97,normal
23.380419,-0.3484,-0.7153,0.4928,0.94,normal
23.431028,-0.4374,-0.2847,0.3144,0.61,normal
23.480161,-0.5981,-0.0252,-0.0241,0.6,normal
23.530309,-0.4291,-0.8882,-0.9673,1.38,normal
23.581006,-0.6932,-1.222,-0.9717,1.71,normal
23.630803,-0.3059,-0.7972,-0.2946,0.9,normal
23.680461,-1.1782,-1.6181,0.1096,2,normal
23.730148,-0.645,-0.7893,0.3076,1.06,normal
23.780272,-0.2288,-0.4336,0.1714,0.52,normal
23.830507,-0.2795,-0.8441,0.2284,0.92,normal
23.888351,-0.1964,-1.1704,0.5463,1.31,normal
23.93071,-0.0823,-1.0174,0.2837,1.06,normal
23.988343,-0.1166,-0.8998,0.0313,0.91,normal
24.039463,-0.2509,-0.8401,0.0496,0.88,normal
24.088819,-0.3616,-1.0179,0.1526,1.09,normal
24.131698,-0.4016,-1.1039,0.1986,1.19,normal
24.188747,-0.393,-1.138,-1.2493,1.73,normal
24.238453,-0.3981,-1.2911,0.1265,1.36,normal
24.282512,0.0651,-1.5792,-0.9235,1.83,normal
24.338338,0.0386,-1.6137,0.4815,1.68,normal
24.389411,-0.9651,-1.6728,0.592,2.02,normal
24.439223,-0.6251,-0.8947,0.8384,1.38,normal
24.488644,-0.5383,-0.7793,0.1256,0.96,normal
24.53833,-0.1835,-0.9267,0.4491,1.05,normal
24.588733,-0.4056,-0.5049,0.4564,0.79,normal
24.638284,-0.5968,-0.1459,0.3529,0.71,normal
24.688319,-0.5591,-0.0825,0.0613,0.57,normal
24.738095,-1.1851,-1.424,-1.0065,2.11,normal
24.78794,0.1104,-1.3687,-0.6381,1.51,normal
24.839053,-0.619,-0.7205,0.2019,0.97,normal
24.888072,-1.128,-1.5929,0.6814,2.07,normal
24.93908,-0.4246,-0.562,0.0916,0.71,normal
24.988882,-0.1591,-0.5967,0.1525,0.64,normal
25.038823,-0.2226,-1.0871,0.3144,1.15,normal
25.088252,-0.1353,-1.0469,0.2572,1.09,normal
25.138258,-0.145,-0.9415,0.0328,0.95,normal
25.189339,-0.2097,-0.861,0.0117,0.89,normal
25.239173,-0.3581,-0.9046,0.1478,0.98,normal
25.289265,-0.3698,-1.0416,0.1919,1.12,normal
25.338566,-0.3526,-0.9677,0.1041,1.04,normal
25.388717,-0.2925,-1.1188,-1.2318,1.69,normal
25.439321,-0.2594,-1.706,-0.2809,1.75,normal
25.497519,-0.0653,-1.2488,0.2108,1.27,normal
25.539855,-0.3518,-1.3252,0.3852,1.42,normal
25.596636,-0.8789,-1.7396,0.8256,2.12,normal
25.646806,-0.711,-0.3837,-0.3669,0.89,normal
25.696475,-0.3386,-0.8777,0.355,1.01,normal
25.746587,-0.3906,-0.7191,0.3471,0.89,normal
25.796416,-0.4686,-0.3398,0.2694,0.64,normal
25.846763,-0.5118,-0.1373,0.0722,0.53,normal
25.897327,-0.4234,-0.7417,-0.364,0.93,normal
25.946408,-0.5375,-1.3315,-1.5866,2.14,normal
25.996229,-0.5242,-0.8629,-0.305,1.05,normal
26.046477,-0.7192,-1.5375,-0.1135,1.7,normal
26.096736,-1.1216,-0.8816,0.5754,1.54,normal
26.146633,-0.3008,-0.4109,0.1173,0.52,normal
26.196731,-0.4087,-0.6797,0.2067,0.82,normal
26.246579,-0.6616,-1.1526,0.4963,1.42,normal
26.29663,-0.2659,-0.9453,0.4284,1.07,normal
26.347539,-0.1392,-0.9729,0.2,1,normal
26.396599,-0.1295,-1.0376,0.1997,1.06,normal
26.446633,-0.1571,-1.0568,0.1848,1.08,normal
26.497282,-0.1374,-1.0765,0.1551,1.1,normal
26.54721,-0.1225,-1.1473,0.0548,1.16,normal
26.596819,-0.27,-1.1338,-0.5892,1.31,normal
26.647608,-0.4281,-1.1664,-1.4199,1.89,normal
26.696829,-0.2642,-1.0461,-0.0784,1.08,normal
26.746294,-0.4086,-1.4641,0.2367,1.54,normal
26.796734,-1.1981,-1.9703,0.5066,2.36,normal
26.846909,-0.9726,-0.4349,-0.5453,1.2,normal
26.905278,-0.4473,-0.7207,0.3618,0.92,normal
26.94826,-0.2837,-0.6669,0.1346,0.74,normal
27.005554,-0.298,-0.3724,0.0497,0.48,normal
27.054872,-0.3202,-0.3433,0.056,0.47,normal
27.104677,-0.2587,-0.7338,-0.4451,0.9,normal
27.155238,-0.3437,-1.4637,-1.2115,1.93,normal
27.20519,-0.3233,-1.5283,-0.519,1.65,normal
27.25615,-0.6455,-0.7621,-0.0913,1,normal
27.305029,-0.7067,-0.9474,0.5268,1.29,normal
27.355004,-0.5365,-0.7095,0.1904,0.91,normal
27.405941,-0.283,-0.6727,0.3375,0.8,normal
27.455056,-0.3044,-1.0931,0.4444,1.22,normal
27.505617,-0.1582,-1.0329,0.1146,1.05,normal
27.554749,-0.1614,-0.9068,-0.0081,0.92,normal
27.605632,-0.2187,-0.9738,0.0955,1,normal
27.654727,-0.2663,-0.8932,0.155,0.94,normal
27.705357,-0.3348,-0.9527,0.1497,1.02,normal
27.754615,-0.3801,-0.8849,0.0819,0.97,normal
27.805544,-0.3599,-1.0103,-0.023,1.07,normal
27.85474,-0.3905,-1.1942,-0.409,1.32,normal
27.90492,-0.1408,-1.5028,-0.7974,1.71,normal
27.9548,-0.2534,-1.5598,0.5013,1.66,normal
28.005225,-1.0893,-1.8928,0.5709,2.26,normal
28.054761,-0.7641,-0.6857,0.9013,1.37,normal
28.105104,-0.4313,-0.7839,0.1572,0.91,normal
28.163037,-0.3728,-0.5507,0.352,0.75,normal
28.213861,-0.4181,-0.2205,0.2246,0.52,normal
28.262689,-0.5731,-0.2511,0.0798,0.63,normal
28.312828,-0.2814,-0.8623,-0.0176,0.91,normal
28.362948,-0.3062,-1.2669,-0.5643,1.42,normal
28.41324,-0.0967,-1.1291,-0.5478,1.26,normal
28.462909,-0.4977,-1.3557,-0.1688,1.45,normal
28.513473,-0.7648,-1.1139,0.142,1.36,normal
28.562843,-0.6334,-0.4789,0.4284,0.9,normal
28.613634,-0.6226,-0.5218,0.0263,0.81,normal
28.663137,-0.7573,-0.9699,0.1984,1.25,normal
28.714396,-0.4306,-0.8776,0.4377,1.07,normal
28.76329,-0.2243,-1.105,0.5113,1.24,normal
28.813376,0.0016,-1.1054,0.1439,1.11,normal
28.864448,0.0674,-0.969,0.1861,0.99,normal
28.913314,-0.0349,-0.9681,0.2638,1,normal
28.963982,-0.1138,-1.0426,0.2345,1.07,normal
29.013312,-0.1878,-1.0122,0.1872,1.05,normal
29.062607,-0.2194,-1.0854,0.147,1.12,normal
29.114278,-0.3275,-1.087,-1.2167,1.66,normal
29.163752,-0.6362,-1.3324,-1.5766,2.16,normal
29.213576,-0.414,-1.23,0.0237,1.3,normal
29.263098,-1.0424,-1.1815,-0.0859,1.58,normal
29.314477,-0.9245,-1.4656,0.5057,1.81,normal
29.363122,-0.6924,-0.4689,-0.2925,0.89,normal
29.413851,-0.4864,-0.6088,0.1469,0.79,normal
29.463087,-0.3822,-0.6607,0.0289,0.76,normal
29.513896,-0.2748,-0.5132,0.0043,0.58,normal
29.562715,-0.2532,-0.4631,-0.0348,0.53,normal
29.613886,-0.0441,-0.69,-0.1738,0.71,normal
29.663962,-0.1554,-1.089,-0.7193,1.31,normal
29.712982,0.3064,-2.0971,-1.1125,2.39,normal
29.763364,-0.5963,-0.9435,-0.0406,1.12,normal
29.813441,-0.9056,-0.9526,0.3212,1.35,normal
29.863029,-0.7929,-0.5938,0.2162,1.01,normal
29.91304,-0.3724,-0.4031,0.3114,0.63,normal
29.963243,-0.5928,-1.0865,0.5416,1.35,normal
30.013309,-0.3268,-1.0853,0.3574,1.19,normal
30.062747,-0.101,-1.0489,0.1609,1.07,normal
30.113108,-0.0731,-1.0659,-0.0834,1.07,normal
30.163121,-0.1026,-1.0017,0.0411,1.01,normal
30.222273,-0.2443,-0.8903,0.121,0.93,normal
30.263804,-0.2648,-1.0174,0.1334,1.06,normal
30.314065,-0.6158,-1.0364,-1.0681,1.61,normal
30.371468,-0.5804,-1.0397,-0.3498,1.24,normal
30.421601,-0.0652,-1.4115,-0.5851,1.53,normal
30.471147,-0.0378,-1.5024,0.3683,1.55,normal
30.521948,-0.719,-1.7846,0.6267,2.02,normal
30.571103,-0.2907,-1.1563,0.7871,1.43,normal
30.622189,-0.3502,-0.9552,-0.2153,1.04,normal
30.670817,-0.4205,-1.0497,0.4466,1.22,normal
30.722214,-0.4035,-0.4671,0.4937,0.79,normal
30.771137,-0.5344,-0.1315,0.3896,0.67,normal
30.821206,-0.6399,-0.015,0.1264,0.65,normal
30.871382,-0.5388,-0.5399,-0.6921,1.03,normal
30.92155,-0.4788,-1.8677,-0.6465,2.03,normal
30.970973,0.3145,-0.9829,-0.2515,1.06,normal
31.023321,-0.8548,-1.1581,0.3547,1.48,normal
31.071402,-0.7641,-1.8169,0.5847,2.06,normal
31.121409,-0.4245,-0.6556,-0.125,0.79,normal
31.171335,-0.2235,-0.6798,0.1687,0.74,normal
31.221886,-0.1869,-0.9634,0.3182,1.03,normal
31.271542,-0.2198,-0.9356,0.2884,1,normal
31.322501,-0.3434,-0.8834,0.053,0.95,normal
31.370886,-0.2868,-0.8554,-0.0493,0.9,normal
31.421446,-0.415,-0.8012,0.1304,0.91,normal
31.471629,-0.497,-0.9685,0.2508,1.12,normal
31.522071,-0.5069,-0.9449,0.2143,1.09,normal
31.570851,-0.3146,-1.1524,0.1337,1.2,normal
31.621145,0.059,-2.0583,-1.4588,2.52,normal
31.671281,-0.1151,-1.5672,0.4819,1.64,normal
31.721312,-1.1029,-1.7785,0.5392,2.16,normal
31.771295,-0.6064,-0.9389,0.9667,1.48,normal
31.821639,-0.3824,-0.6243,-0.5738,0.93,normal
31.880161,-0.2852,-0.9156,0.4713,1.07,normal
31.929933,-0.3094,-0.4366,0.4356,0.69,normal
31.979347,-0.4791,-0.121,0.2876,0.57,normal
32.029451,-0.7025,-0.2887,-0.0634,0.76,normal
32.079302,-0.9964,-1.5365,-0.8723,2.03,normal
32.129602,-0.3105,-0.8802,-0.636,1.13,normal
32.179364,-0.9162,-0.9718,-0.0004,1.34,normal
32.229862,-0.8852,-1.2612,0.3398,1.58,normal
32.279322,-0.2237,-0.4803,0.2385,0.58,normal
32.329811,-0.1819,-0.7274,0.338,0.82,normal
32.37958,-0.2194,-1.2447,0.3286,1.31,normal
32.429979,-0.0327,-0.8574,0.2088,0.88,normal
32.480095,-0.1821,-0.8214,0.0307,0.84,normal
32.529732,-0.2177,-1.0086,-0.0184,1.03,normal
32.579226,-0.2893,-0.8894,0.1422,0.95,normal
32.62929,-0.3646,-1.0233,0.2277,1.11,normal
32.680223,-0.4379,-1.0804,0.2077,1.18,normal
32.73112,-0.258,-1.1335,0.0753,1.16,normal
32.779461,-0.1643,-1.5815,-1.0122,1.88,normal
32.829141,-0.109,-1.3315,0.1159,1.34,normal
32.879625,-0.5629,-1.5619,0.3637,1.7,normal
32.928919,-1.111,-1.8842,0.6415,2.28,normal
32.979147,-0.9862,-0.4198,0.4741,1.17,normal
33.029269,-0.3247,-0.7518,0.2329,0.85,normal
33.079463,-0.1958,-0.7774,0.4206,0.91,normal
33.130369,-0.3731,-0.3037,0.248,0.54,normal
33.179208,-0.3853,-0.1386,0.0571,0.41,normal
33.229795,-0.3969,-0.6135,-0.4543,0.86,normal
33.28014,-0.5954,-1.4735,-1.0834,1.92,normal
33.329363,-0.7789,-1.3001,-0.5274,1.6,normal
33.380118,-1.0174,-1.4784,0.0664,1.8,normal
33.430522,-0.5152,-0.3249,0.3185,0.69,normal
33.479642,-0.3274,-0.3301,0.2472,0.53,normal
33.529237,-0.5979,-0.9988,0.2771,1.2,normal
33.579019,-0.4609,-1.0584,0.4526,1.24,normal
33.629301,-0.1884,-0.8882,0.305,0.96,normal
33.679578,-0.089,-1.075,0.1457,1.09,normal
33.73014,-0.0042,-1.048,0.0934,1.05,normal
33.778985,-0.1047,-1.0412,0.0477,1.05,normal
33.829026,-0.2376,-1.1183,0.0985,1.15,normal
33.878937,-0.2727,-0.9908,0.0827,1.03,normal
33.928899,-0.3871,-0.9806,-0.5264,1.18,normal
33.979546,-0.6523,-1.9028,-1.2847,2.39,normal
34.030328,-0.4453,-0.9441,0.2333,1.07,normal
34.087273,-0.8768,-1.4444,0.2506,1.71,normal
34.130434,-0.9101,-1.4834,1.0359,2.03,normal
34.18782,-0.5709,-0.134,-0.8839,1.06,normal
34.237919,-0.412,-0.6473,0.2517,0.81,normal
34.289172,-0.2127,-0.5853,-0.0156,0.62,normal
34.337441,-0.2787,-0.5729,-0.0497,0.64,normal
34.387626,-0.249,-0.7006,-0.2297,0.78,normal
34.437622,-0.5145,-1.0813,-1.2831,1.76,normal
34.487148,-0.4057,-1.4372,-0.7578,1.67,normal
34.538893,-0.851,-1.0851,-0.1864,1.39,normal
34.587374,-0.6931,-0.5627,0.567,1.06,normal
34.638498,-0.3766,-0.3747,0.3568,0.64,normal
34.68731,-0.5178,-0.9452,0.3069,1.12,normal
34.73877,-0.4234,-1.1482,0.6495,1.39,normal
34.786902,-0.1008,-1.0663,0.4223,1.15,normal
34.83772,0.0529,-1.0299,0.0778,1.03,normal
34.887492,-0.0478,-1.0672,-0.2822,1.1,normal
34.937508,-0.2115,-0.9325,-0.015,0.96,normal
34.987946,-0.3797,-1.089,0.1848,1.17,normal
35.038495,-0.4516,-1.0043,0.1988,1.12,normal
35.087163,-0.5595,-0.977,-0.561,1.26,normal
35.137236,-0.4006,-1.5346,0.1403,1.59,normal
35.187838,-0.1814,-1.3301,-0.7213,1.52,normal
35.239014,-0.2079,-1.3048,0.4338,1.39,normal
35.287272,-0.9758,-1.6086,0.5898,1.97,normal
35.338218,-0.6239,-0.7744,1.0708,1.46,normal
35.387515,-0.5062,-0.6036,-0.3264,0.85,normal
35.445721,-0.2926,-0.8362,0.4156,0.98,normal
35.48787,-0.3691,-0.4578,0.3301,0.67,normal
35.546272,-0.5552,-0.1683,0.1277,0.59,normal
35.595416,-0.4195,-0.7851,-0.432,0.99,normal
35.645521,-0.5938,-1.6241,-1.0256,2.01,normal
35.689149,-0.0887,-1.0543,-0.4371,1.14,normal
35.746244,-0.7143,-1.0446,0.2579,1.29,normal
35.796012,-0.4712,-1.1488,-0.2997,1.28,normal
35.846326,-0.3901,-0.3468,0.1188,0.54,normal
35.895678,-0.3761,-0.7441,0.2476,0.87,normal
35.945625,-0.3684,-1.0913,0.4619,1.24,normal
35.995598,-0.2282,-0.9027,0.2455,0.96,normal
36.045799,-0.2061,-0.9506,0.0703,0.98,normal
36.095803,-0.1637,-0.9165,-0.0794,0.93,normal
36.147098,-0.2373,-0.9021,0.063,0.93,normal
36.195548,-0.3525,-1.1202,0.1477,1.18,normal
36.246107,-0.4196,-1.1594,0.1651,1.24,normal
36.295162,-0.3005,-1.0535,0.0251,1.1,normal
36.345864,-0.4053,-1.6749,-0.5083,1.8,normal
36.395818,-0.1527,-1.1518,0.0345,1.16,normal
36.447362,-0.5904,-1.4157,0.3428,1.57,normal
36.495374,-0.7663,-1.5968,0.8477,1.96,normal
36.546064,-0.5291,-0.4988,0.0676,0.73,normal
36.595811,-0.3168,-0.8486,0.3426,0.97,normal
36.645716,-0.3481,-0.7286,0.3659,0.89,normal
36.695398,-0.455,-0.3346,0.3116,0.65,normal
36.745662,-0.6446,-0.1555,0.0685,0.67,normal
36.795955,-0.6882,-0.9291,-0.9471,1.49,normal
36.854345,0.0273,-1.4165,-1.221,1.87,normal
36.904002,-0.7088,-1.1651,-0.1461,1.37,normal
36.947087,-1.1105,-1.6407,0.3447,2.01,normal
37.003833,-0.4042,-0.3606,0.1196,0.55,normal
37.054971,-0.2816,-0.5591,0.2001,0.66,normal
37.103853,-0.4949,-1.2043,0.3617,1.35,normal
37.153681,-0.1801,-0.9769,0.4469,1.09,normal
37.20382,-0.1951,-0.9194,0.0857,0.94,normal
37.253805,-0.1825,-0.9602,0.0085,0.98,normal
37.303944,-0.2768,-0.9097,0.0641,0.95,normal
37.353782,-0.3783,-0.9974,0.134,1.08,normal
37.404354,-0.4389,-1.0658,0.1517,1.16,normal
37.453707,-0.4254,-0.9683,0.1016,1.06,normal
37.504441,-0.2907,-1.0604,-1.4177,1.79,normal
37.553669,-0.3341,-1.6833,-0.0643,1.72,normal
37.60344,0.0065,-1.2966,-0.1278,1.3,normal
37.654462,-0.1964,-1.2692,0.3829,1.34,normal
37.704261,-0.8203,-1.6208,0.5793,1.91,normal
37.754021,-0.5172,-0.7009,0.5984,1.06,normal
37.803694,-0.4128,-0.7268,0.2352,0.87,normal
37.854092,-0.2969,-0.8382,0.4063,0.98,normal
37.903386,-0.444,-0.4428,0.3174,0.7,normal
37.953972,-0.6463,-0.1839,0.0781,0.68,normal
38.00347,-0.6806,-0.8197,-0.7494,1.3,normal
38.053531,-0.5988,-1.3402,-0.5579,1.57,normal
38.104837,-0.1743,-0.8832,-0.2486,0.93,normal
38.153978,-0.773,-1.0226,0.2473,1.31,normal
38.213185,-0.3937,-0.9621,0.0917,1.04,normal
38.254604,-0.278,-0.3846,0.1459,0.5,normal
38.311871,-0.2577,-0.9077,0.296,0.99,normal
38.363076,-0.1599,-1.1391,0.4389,1.23,normal
38.411776,-0.1906,-0.8203,0.1482,0.86,normal
38.462565,-0.2749,-0.8963,0.0276,0.94,normal
38.511862,-0.3563,-0.8687,0.1041,0.94,normal
38.562798,-0.4631,-0.9186,0.1898,1.05,normal
38.611656,-0.499,-0.9477,0.2021,1.09,normal
38.662463,-0.4654,-0.9773,0.15,1.09,normal
38.712186,-0.3269,-1.0046,0.1144,1.06,normal
38.763417,-0.1158,-1.935,-2.6346,3.27,normal
38.811643,-0.1503,-1.289,-0.1505,1.31,normal
38.862308,-0.1893,-1.1113,0.4032,1.2,normal
38.91201,-0.8298,-1.4783,0.3473,1.73,normal
38.961687,-0.383,-1.1639,0.7765,1.45,normal
39.01179,-0.2044,-0.8219,-0.0597,0.85,normal
39.062328,-0.4132,-0.9092,0.4391,1.09,normal
39.111789,-0.4889,-0.5207,0.3786,0.81,normal
39.162889,-0.5628,-0.1721,0.3116,0.67,normal
39.212319,-0.769,-0.2127,-0.0669,0.8,normal
39.262537,-0.9379,-1.5966,-0.7893,2.01,normal
39.312114,0.1578,-1.111,-0.3315,1.17,normal
39.36188,-0.6208,-0.8841,0.2986,1.12,normal
39.412272,-0.5451,-1.6229,-0.3813,1.75,normal
39.46253,-0.3876,-0.3703,0.1334,0.55,normal
39.512484,-0.2107,-0.64,0.2173,0.71,normal
39.562052,-0.3208,-1.1812,0.4633,1.31,normal
39.611777,-0.1978,-0.8729,0.2688,0.93,normal
39.661755,-0.2343,-0.8961,0.0494,0.93,normal
39.711824,-0.3398,-0.9108,0.0768,0.98,normal
39.761855,-0.3787,-0.8923,0.1716,0.98,normal
39.812691,-0.4071,-0.9414,0.1775,1.04,normal
39.86295,-0.4245,-1.037,0.1549,1.13,normal
39.912329,-0.3256,-1.0514,0.104,1.11,normal
39.971081,-0.1875,-1.3972,-1.3831,1.97,normal
40.012887,-0.282,-1.4937,-0.2531,1.54,normal
40.071383,-0.0146,-1.2681,0.3712,1.32,normal
40.113425,-0.6359,-1.6,0.3424,1.76,normal
40.170471,-0.5077,-1.4643,1.0456,1.87,normal
40.22074,-0.5044,-0.5225,-1.1142,1.33,normal
40.270974,-0.3683,-0.9037,0.4117,1.06,normal
40.320029,-0.3478,-0.5618,0.3654,0.76,normal
40.371036,-0.5134,-0.2068,0.1747,0.58,normal
40.420396,-0.5453,-0.4379,-0.1517,0.72,normal
40.470037,-0.6245,-0.9588,-0.6663,1.32,normal
40.520854,-0.3192,-1.175,-1.0893,1.63,normal
40.570194,-0.3898,-0.9673,-0.1395,1.05,normal
40.620303,-0.8259,-1.0817,0.269,1.39,normal
40.670487,-0.6788,-0.8072,0.1868,1.07,normal
40.719819,-0.2776,-0.4985,0.1263,0.58,normal
40.771195,-0.3586,-0.9863,0.2464,1.08,normal
40.820003,-0.1611,-1.1729,0.4588,1.27,normal
40.870829,-0.2226,-0.863,0.1463,0.9,normal
40.91979,-0.1119,-0.9,-0.0736,0.91,normal
40.970261,-0.3125,-0.9106,0.0843,0.97,normal
41.020074,-0.3528,-0.8909,0.1436,0.97,normal
41.070347,-0.3872,-0.9999,0.2047,1.09,normal
41.121018,-0.4356,-0.9833,0.1322,1.08,normal
41.17045,-0.3119,-1.1085,0.0564,1.15,normal
41.220514,-0.1738,-1.7332,0.1601,1.75,normal
41.271384,0.0334,-1.358,-0.1699,1.37,normal
41.321137,-0.4997,-1.2737,0.3677,1.42,normal
41.370018,-0.9156,-1.6649,0.4905,1.96,normal
41.419706,-0.5749,-0.6737,0.8098,1.2,normal
41.470748,-0.104,-0.8782,0.3003,0.93,normal
41.519828,-0.2642,-0.9829,0.4985,1.13,normal
41.571593,-0.5145,-0.4415,0.3988,0.79,normal
41.61992,-0.6587,-0.1329,0.231,0.71,normal
41.670305,-0.7392,-0.4843,-0.5223,1.03,normal
41.720388,-0.7811,-1.5019,-0.8811,1.91,normal
41.770259,-0.0169,-0.7924,-0.4147,0.89,normal
41.820483,-0.2904,-0.6354,0.2332,0.74,normal
41.870009,-1.118,-1.9904,0.3511,2.31,normal
41.920308,-0.4299,-0.6668,-0.0671,0.8,normal
41.970268,-0.1901,-0.4833,0.0822,0.53,normal
42.02088,-0.3103,-1.0257,0.2252,1.1,normal
42.07002,-0.2075,-1.1003,0.4129,1.19,normal
42.120268,-0.2903,-0.8894,0.1407,0.95,normal
42.170324,-0.3023,-0.8724,0.0012,0.92,normal
42.220834,-0.3738,-0.8068,0.0907,0.89,normal
42.270651,-0.3856,-0.8786,0.1522,0.97,normal
42.321272,-0.3869,-0.9626,0.1688,1.05,normal
42.379566,-0.3495,-0.9233,0.1025,0.99,normal
42.428154,-0.1286,-1.1693,-0.5648,1.3,normal
42.479226,-0.0646,-1.8734,-0.8505,2.06,normal
42.528381,-0.0892,-1.4477,0.5028,1.54,normal
42.578591,-0.4546,-1.5365,0.355,1.64,normal
42.624432,-0.4045,-1.5495,0.7924,1.79,normal
42.679129,-0.5043,-0.6591,0.9055,1.23,normal
42.729361,-0.5226,-0.7878,-0.0948,0.95,normal
42.778565,-0.3445,-0.8225,0.4089,0.98,normal
42.829408,-0.397,-0.4416,0.2832,0.66,normal
42.878725,-0.6356,-0.5063,0.1082,0.82,normal
42.929399,-0.6288,-0.8839,-0.4303,1.17,normal
42.978712,-0.4484,-1.1077,-0.3583,1.25,normal
43.029198,-0.5521,-0.8845,-0.1853,1.06,normal
43.078746,-0.6428,-0.6066,-0.0758,0.89,normal
43.128299,-0.7663,-0.7156,0.087,1.05,normal
43.178153,-1.028,-1.5043,-0.7749,1.98,normal
43.22883,-0.2132,-0.8103,-0.1251,0.85,normal
43.278597,-0.2359,-0.7879,0.2007,0.85,normal
43.328448,-0.2122,-1.1735,0.3403,1.24,normal
43.37832,-0.1224,-1.1357,0.2749,1.17,normal
43.428133,-0.1574,-0.8707,0.074,0.89,normal
43.478245,-0.2401,-0.8402,0.0057,0.87,normal
43.530941,-0.3505,-0.9851,0.0904,1.05,normal
43.578276,-0.4311,-0.9532,0.228,1.07,normal
43.629473,-0.4474,-0.9846,0.2394,1.11,normal
43.678804,-0.457,-0.8849,0.1906,1.01,normal
43.729403,-0.4419,-0.7976,0.1405,0.92,normal
43.778282,-0.4384,-0.8033,0.1287,0.92,normal
43.828778,-0.4209,-0.8533,0.1237,0.96,normal
43.887568,-0.3857,-0.9891,0.1297,1.07,normal
43.928729,-0.3414,-1.0942,0.1382,1.15,normal
43.979013,-0.2337,-1.1838,0.1225,1.21,normal
44.029481,-0.0808,-1.3095,-1.931,2.33,normal
44.087331,-0.1315,-1.4282,0.0416,1.43,normal
44.137804,-0.0803,-1.077,0.2292,1.1,normal
44.186992,-0.5415,-1.3708,0.3971,1.53,normal
44.237054,-0.4017,-1.3278,0.754,1.58,normal
44.287634,-0.1317,-0.9696,0.0908,0.98,normal
44.330744,-0.3857,-1.1757,0.0916,1.24,normal
44.386517,-0.5176,-0.78,0.3277,0.99,normal
44.437095,-0.5887,-0.3942,0.1663,0.73,normal
44.486489,-0.5668,-0.2932,0.0504,0.64,normal
44.537364,-0.5051,-0.3943,-0.1267,0.65,normal
44.587141,-0.5344,-0.9751,-0.7291,1.33,normal
44.636653,-0.2891,-1.2246,-0.741,1.46,normal
44.686448,-0.3429,-0.9214,-0.0262,0.98,normal
44.736761,-1.079,-1.9477,0.7663,2.35,normal
44.786229,-0.3056,-0.5116,-0.2696,0.65,normal
44.836894,-0.3174,-0.5874,0.0967,0.67,normal
44.886858,-0.3395,-0.9966,0.2773,1.09,normal
44.934057,-0.2723,-0.9574,0.2639,1.03,normal
44.986458,-0.2744,-0.9051,0.1051,0.95,normal
45.03647,-0.3097,-0.9464,0.0441,1,normal
45.087251,-0.3261,-0.9138,0.1022,0.98,normal
45.137254,-0.3311,-0.8434,0.1445,0.92,normal
45.186392,-0.4124,-0.8836,0.1373,0.98,normal
45.237237,-0.4594,-0.9327,0.1245,1.05,normal
45.287496,-0.3552,-0.8844,0.1153,0.96,normal
45.336502,-0.3006,-1.1258,0.1091,1.17,normal
45.386789,-0.2948,-1.7949,-1.6822,2.48,normal
45.436426,-0.1048,-1.3772,0.1752,1.39,normal
45.48688,-0.6537,-1.3088,0.3287,1.5,normal
45.536423,-0.5588,-1.2223,0.6865,1.51,normal
45.586276,-0.4501,-0.8044,0.1325,0.93,normal
45.636383,-0.4544,-1.0932,0.208,1.2,normal
45.686671,-0.377,-0.6886,0.2645,0.83,normal
45.738902,-0.4941,-0.3169,0.2431,0.64,normal
45.786455,-0.5211,-0.2023,0.0756,0.56,normal
